ISO-10303-21;
HEADER;
FILE_DESCRIPTION(('Open CASCADE Model'),'2;1');
FILE_NAME('Open CASCADE Shape Model','2026-07-22T11:35:34',('Author'),(
    'Open CASCADE'),'Open CASCADE STEP processor 6.8','Open CASCADE 6.8'
  ,'Unknown');
FILE_SCHEMA(('AUTOMOTIVE_DESIGN { 1 0 10303 214 1 1 1 1 }'));
ENDSEC;
DATA;
#1 = APPLICATION_PROTOCOL_DEFINITION('international standard',
  'automotive_design',2000,#2);
#2 = APPLICATION_CONTEXT(
  'core data for automotive mechanical design processes');
#3 = SHAPE_DEFINITION_REPRESENTATION(#4,#10);
#4 = PRODUCT_DEFINITION_SHAPE('','',#5);
#5 = PRODUCT_DEFINITION('design','',#6,#9);
#6 = PRODUCT_DEFINITION_FORMATION('','',#7);
#7 = PRODUCT('PCB','PCB','',(#8));
#8 = PRODUCT_CONTEXT('',#2,'mechanical');
#9 = PRODUCT_DEFINITION_CONTEXT('part definition',#2,'design');
#10 = SHAPE_REPRESENTATION('',(#11,#15,#19,#23,#27,#31,#35,#39),#43);
#11 = AXIS2_PLACEMENT_3D('',#12,#13,#14);
#12 = CARTESIAN_POINT('',(0.E+000,0.E+000,0.E+000));
#13 = DIRECTION('',(0.E+000,0.E+000,1.));
#14 = DIRECTION('',(1.,0.E+000,-0.E+000));
#15 = AXIS2_PLACEMENT_3D('',#16,#17,#18);
#16 = CARTESIAN_POINT('',(0.E+000,0.E+000,0.E+000));
#17 = DIRECTION('',(0.E+000,0.E+000,1.));
#18 = DIRECTION('',(1.,0.E+000,-0.E+000));
#19 = AXIS2_PLACEMENT_3D('',#20,#21,#22);
#20 = CARTESIAN_POINT('',(0.E+000,0.E+000,0.E+000));
#21 = DIRECTION('',(0.E+000,0.E+000,1.));
#22 = DIRECTION('',(1.,0.E+000,-0.E+000));
#23 = AXIS2_PLACEMENT_3D('',#24,#25,#26);
#24 = CARTESIAN_POINT('',(0.E+000,0.E+000,0.E+000));
#25 = DIRECTION('',(0.E+000,0.E+000,1.));
#26 = DIRECTION('',(1.,0.E+000,-0.E+000));
#27 = AXIS2_PLACEMENT_3D('',#28,#29,#30);
#28 = CARTESIAN_POINT('',(0.E+000,0.E+000,0.E+000));
#29 = DIRECTION('',(0.E+000,0.E+000,1.));
#30 = DIRECTION('',(1.,0.E+000,-0.E+000));
#31 = AXIS2_PLACEMENT_3D('',#32,#33,#34);
#32 = CARTESIAN_POINT('',(0.E+000,0.E+000,0.E+000));
#33 = DIRECTION('',(0.E+000,0.E+000,1.));
#34 = DIRECTION('',(1.,0.E+000,-0.E+000));
#35 = AXIS2_PLACEMENT_3D('',#36,#37,#38);
#36 = CARTESIAN_POINT('',(0.E+000,0.E+000,0.E+000));
#37 = DIRECTION('',(0.E+000,0.E+000,1.));
#38 = DIRECTION('',(1.,0.E+000,-0.E+000));
#39 = AXIS2_PLACEMENT_3D('',#40,#41,#42);
#40 = CARTESIAN_POINT('',(0.E+000,0.E+000,0.E+000));
#41 = DIRECTION('',(0.E+000,0.E+000,1.));
#42 = DIRECTION('',(1.,0.E+000,-0.E+000));
#43 = ( GEOMETRIC_REPRESENTATION_CONTEXT(3) 
GLOBAL_UNCERTAINTY_ASSIGNED_CONTEXT((#47)) GLOBAL_UNIT_ASSIGNED_CONTEXT(
(#44,#45,#46)) REPRESENTATION_CONTEXT('Context #1',
  '3D Context with UNIT and UNCERTAINTY') );
#44 = ( LENGTH_UNIT() NAMED_UNIT(*) SI_UNIT(.MILLI.,.METRE.) );
#45 = ( NAMED_UNIT(*) PLANE_ANGLE_UNIT() SI_UNIT($,.RADIAN.) );
#46 = ( NAMED_UNIT(*) SI_UNIT($,.STERADIAN.) SOLID_ANGLE_UNIT() );
#47 = UNCERTAINTY_MEASURE_WITH_UNIT(LENGTH_MEASURE(1.E-007),#44,
  'distance_accuracy_value','confusion accuracy');
#48 = PRODUCT_RELATED_PRODUCT_CATEGORY('part',$,(#7));
#49 = SHAPE_DEFINITION_REPRESENTATION(#50,#56);
#50 = PRODUCT_DEFINITION_SHAPE('','',#51);
#51 = PRODUCT_DEFINITION('design','',#52,#55);
#52 = PRODUCT_DEFINITION_FORMATION('','',#53);
#53 = PRODUCT('Board','Board','',(#54));
#54 = PRODUCT_CONTEXT('',#2,'mechanical');
#55 = PRODUCT_DEFINITION_CONTEXT('part definition',#2,'design');
#56 = SHAPE_REPRESENTATION('',(#11,#57),#61);
#57 = AXIS2_PLACEMENT_3D('',#58,#59,#60);
#58 = CARTESIAN_POINT('',(0.E+000,0.E+000,-1.12268));
#59 = DIRECTION('',(0.E+000,0.E+000,1.));
#60 = DIRECTION('',(1.,0.E+000,-0.E+000));
#61 = ( GEOMETRIC_REPRESENTATION_CONTEXT(3) 
GLOBAL_UNCERTAINTY_ASSIGNED_CONTEXT((#65)) GLOBAL_UNIT_ASSIGNED_CONTEXT(
(#62,#63,#64)) REPRESENTATION_CONTEXT('Context #1',
  '3D Context with UNIT and UNCERTAINTY') );
#62 = ( LENGTH_UNIT() NAMED_UNIT(*) SI_UNIT(.MILLI.,.METRE.) );
#63 = ( NAMED_UNIT(*) PLANE_ANGLE_UNIT() SI_UNIT($,.RADIAN.) );
#64 = ( NAMED_UNIT(*) SI_UNIT($,.STERADIAN.) SOLID_ANGLE_UNIT() );
#65 = UNCERTAINTY_MEASURE_WITH_UNIT(LENGTH_MEASURE(1.E-007),#62,
  'distance_accuracy_value','confusion accuracy');
#66 = ADVANCED_BREP_SHAPE_REPRESENTATION('',(#11,#67),#3747);
#67 = MANIFOLD_SOLID_BREP('',#68);
#68 = CLOSED_SHELL('',(#69,#109,#140,#173,#204,#237,#268,#301,#332,#365,
    #398,#431,#464,#495,#528,#559,#590,#623,#656,#687,#720,#751,#784,
    #815,#839,#872,#905,#938,#971,#1011,#1044,#1075,#1099,#1139,#1170,
    #1201,#1232,#1263,#1294,#1325,#1356,#1387,#1418,#1449,#1480,#1511,
    #1542,#1573,#1604,#1635,#1666,#1697,#1728,#1750,#1783,#1816,#1849,
    #1882,#1915,#1948,#1981,#2014,#2047,#2080,#2113,#2153,#2186,#2217,
    #2241,#2274,#2314,#2345,#2376,#2407,#2438,#2469,#2500,#2531,#2562,
    #2593,#2624,#2655,#2686,#2717,#2748,#2779,#2810,#2841,#2872,#2903,
    #2925,#2958,#2991,#3024,#3057,#3090,#3123,#3156,#3189,#3222,#3255,
    #3288,#3321,#3354,#3387,#3567));
#69 = ADVANCED_FACE('',(#70),#104,.F.);
#70 = FACE_BOUND('',#71,.F.);
#71 = EDGE_LOOP('',(#72,#82,#90,#98));
#72 = ORIENTED_EDGE('',*,*,#73,.T.);
#73 = EDGE_CURVE('',#74,#76,#78,.T.);
#74 = VERTEX_POINT('',#75);
#75 = CARTESIAN_POINT('',(-24.90600013732,-0.254000008106,0.E+000));
#76 = VERTEX_POINT('',#77);
#77 = CARTESIAN_POINT('',(-24.90600013732,-0.254000008106,1.12268));
#78 = LINE('',#79,#80);
#79 = CARTESIAN_POINT('',(-24.90600013732,-0.254000008106,0.E+000));
#80 = VECTOR('',#81,1.);
#81 = DIRECTION('',(0.E+000,0.E+000,1.));
#82 = ORIENTED_EDGE('',*,*,#83,.T.);
#83 = EDGE_CURVE('',#76,#84,#86,.T.);
#84 = VERTEX_POINT('',#85);
#85 = CARTESIAN_POINT('',(-18.94799995422,-0.254000008106,1.12268));
#86 = LINE('',#87,#88);
#87 = CARTESIAN_POINT('',(-24.90600013732,-0.254000008106,1.12268));
#88 = VECTOR('',#89,1.);
#89 = DIRECTION('',(1.,0.E+000,0.E+000));
#90 = ORIENTED_EDGE('',*,*,#91,.F.);
#91 = EDGE_CURVE('',#92,#84,#94,.T.);
#92 = VERTEX_POINT('',#93);
#93 = CARTESIAN_POINT('',(-18.94799995422,-0.254000008106,0.E+000));
#94 = LINE('',#95,#96);
#95 = CARTESIAN_POINT('',(-18.94799995422,-0.254000008106,0.E+000));
#96 = VECTOR('',#97,1.);
#97 = DIRECTION('',(0.E+000,0.E+000,1.));
#98 = ORIENTED_EDGE('',*,*,#99,.F.);
#99 = EDGE_CURVE('',#74,#92,#100,.T.);
#100 = LINE('',#101,#102);
#101 = CARTESIAN_POINT('',(-24.90600013732,-0.254000008106,0.E+000));
#102 = VECTOR('',#103,1.);
#103 = DIRECTION('',(1.,0.E+000,0.E+000));
#104 = PLANE('',#105);
#105 = AXIS2_PLACEMENT_3D('',#106,#107,#108);
#106 = CARTESIAN_POINT('',(-24.90600013732,-0.254000008106,0.E+000));
#107 = DIRECTION('',(0.E+000,1.,0.E+000));
#108 = DIRECTION('',(1.,0.E+000,0.E+000));
#109 = ADVANCED_FACE('',(#110),#135,.F.);
#110 = FACE_BOUND('',#111,.F.);
#111 = EDGE_LOOP('',(#112,#113,#121,#129));
#112 = ORIENTED_EDGE('',*,*,#91,.T.);
#113 = ORIENTED_EDGE('',*,*,#114,.T.);
#114 = EDGE_CURVE('',#84,#115,#117,.T.);
#115 = VERTEX_POINT('',#116);
#116 = CARTESIAN_POINT('',(-17.64900016784,-0.254000008106,1.12268));
#117 = LINE('',#118,#119);
#118 = CARTESIAN_POINT('',(-18.94799995422,-0.254000008106,1.12268));
#119 = VECTOR('',#120,1.);
#120 = DIRECTION('',(1.,0.E+000,0.E+000));
#121 = ORIENTED_EDGE('',*,*,#122,.F.);
#122 = EDGE_CURVE('',#123,#115,#125,.T.);
#123 = VERTEX_POINT('',#124);
#124 = CARTESIAN_POINT('',(-17.64900016784,-0.254000008106,0.E+000));
#125 = LINE('',#126,#127);
#126 = CARTESIAN_POINT('',(-17.64900016784,-0.254000008106,0.E+000));
#127 = VECTOR('',#128,1.);
#128 = DIRECTION('',(0.E+000,0.E+000,1.));
#129 = ORIENTED_EDGE('',*,*,#130,.F.);
#130 = EDGE_CURVE('',#92,#123,#131,.T.);
#131 = LINE('',#132,#133);
#132 = CARTESIAN_POINT('',(-18.94799995422,-0.254000008106,0.E+000));
#133 = VECTOR('',#134,1.);
#134 = DIRECTION('',(1.,0.E+000,0.E+000));
#135 = PLANE('',#136);
#136 = AXIS2_PLACEMENT_3D('',#137,#138,#139);
#137 = CARTESIAN_POINT('',(-18.94799995422,-0.254000008106,0.E+000));
#138 = DIRECTION('',(0.E+000,1.,0.E+000));
#139 = DIRECTION('',(1.,0.E+000,0.E+000));
#140 = ADVANCED_FACE('',(#141),#168,.T.);
#141 = FACE_BOUND('',#142,.F.);
#142 = EDGE_LOOP('',(#143,#144,#153,#161));
#143 = ORIENTED_EDGE('',*,*,#122,.T.);
#144 = ORIENTED_EDGE('',*,*,#145,.T.);
#145 = EDGE_CURVE('',#115,#146,#148,.T.);
#146 = VERTEX_POINT('',#147);
#147 = CARTESIAN_POINT('',(-17.42499923706,-2.999999932945E-002,1.12268)
  );
#148 = CIRCLE('',#149,0.223630276626);
#149 = AXIS2_PLACEMENT_3D('',#150,#151,#152);
#150 = CARTESIAN_POINT('',(-17.64862920753,-3.037003915707E-002,1.12268)
  );
#151 = DIRECTION('',(0.E+000,0.E+000,1.));
#152 = DIRECTION('',(-1.658810772636E-003,-0.999998624172,0.E+000));
#153 = ORIENTED_EDGE('',*,*,#154,.F.);
#154 = EDGE_CURVE('',#155,#146,#157,.T.);
#155 = VERTEX_POINT('',#156);
#156 = CARTESIAN_POINT('',(-17.42499923706,-2.999999932945E-002,0.E+000)
  );
#157 = LINE('',#158,#159);
#158 = CARTESIAN_POINT('',(-17.42499923706,-2.999999932945E-002,0.E+000)
  );
#159 = VECTOR('',#160,1.);
#160 = DIRECTION('',(0.E+000,0.E+000,1.));
#161 = ORIENTED_EDGE('',*,*,#162,.F.);
#162 = EDGE_CURVE('',#123,#155,#163,.T.);
#163 = CIRCLE('',#164,0.223630276626);
#164 = AXIS2_PLACEMENT_3D('',#165,#166,#167);
#165 = CARTESIAN_POINT('',(-17.64862920753,-3.037003915707E-002,0.E+000)
  );
#166 = DIRECTION('',(0.E+000,0.E+000,1.));
#167 = DIRECTION('',(-1.658810772636E-003,-0.999998624172,0.E+000));
#168 = CYLINDRICAL_SURFACE('',#169,0.223630276626);
#169 = AXIS2_PLACEMENT_3D('',#170,#171,#172);
#170 = CARTESIAN_POINT('',(-17.64862920753,-3.037003915707E-002,0.E+000)
  );
#171 = DIRECTION('',(-0.E+000,-0.E+000,-1.));
#172 = DIRECTION('',(-1.658810772636E-003,-0.999998624172,0.E+000));
#173 = ADVANCED_FACE('',(#174),#199,.F.);
#174 = FACE_BOUND('',#175,.F.);
#175 = EDGE_LOOP('',(#176,#177,#185,#193));
#176 = ORIENTED_EDGE('',*,*,#154,.T.);
#177 = ORIENTED_EDGE('',*,*,#178,.T.);
#178 = EDGE_CURVE('',#146,#179,#181,.T.);
#179 = VERTEX_POINT('',#180);
#180 = CARTESIAN_POINT('',(-17.42499923706,5.947999954224,1.12268));
#181 = LINE('',#182,#183);
#182 = CARTESIAN_POINT('',(-17.42499923706,-2.999999932945E-002,1.12268)
  );
#183 = VECTOR('',#184,1.);
#184 = DIRECTION('',(0.E+000,1.,0.E+000));
#185 = ORIENTED_EDGE('',*,*,#186,.F.);
#186 = EDGE_CURVE('',#187,#179,#189,.T.);
#187 = VERTEX_POINT('',#188);
#188 = CARTESIAN_POINT('',(-17.42499923706,5.947999954224,0.E+000));
#189 = LINE('',#190,#191);
#190 = CARTESIAN_POINT('',(-17.42499923706,5.947999954224,0.E+000));
#191 = VECTOR('',#192,1.);
#192 = DIRECTION('',(0.E+000,0.E+000,1.));
#193 = ORIENTED_EDGE('',*,*,#194,.F.);
#194 = EDGE_CURVE('',#155,#187,#195,.T.);
#195 = LINE('',#196,#197);
#196 = CARTESIAN_POINT('',(-17.42499923706,-2.999999932945E-002,0.E+000)
  );
#197 = VECTOR('',#198,1.);
#198 = DIRECTION('',(0.E+000,1.,0.E+000));
#199 = PLANE('',#200);
#200 = AXIS2_PLACEMENT_3D('',#201,#202,#203);
#201 = CARTESIAN_POINT('',(-17.42499923706,-2.999999932945E-002,0.E+000)
  );
#202 = DIRECTION('',(-1.,0.E+000,0.E+000));
#203 = DIRECTION('',(0.E+000,1.,0.E+000));
#204 = ADVANCED_FACE('',(#205),#232,.F.);
#205 = FACE_BOUND('',#206,.F.);
#206 = EDGE_LOOP('',(#207,#208,#217,#225));
#207 = ORIENTED_EDGE('',*,*,#186,.T.);
#208 = ORIENTED_EDGE('',*,*,#209,.T.);
#209 = EDGE_CURVE('',#179,#210,#212,.T.);
#210 = VERTEX_POINT('',#211);
#211 = CARTESIAN_POINT('',(-17.38899993896,6.034999847412,1.12268));
#212 = CIRCLE('',#213,0.131273109572);
#213 = AXIS2_PLACEMENT_3D('',#214,#215,#216);
#214 = CARTESIAN_POINT('',(-17.29376896229,5.944646704804,1.12268));
#215 = DIRECTION('',(0.E+000,0.E+000,-1.));
#216 = DIRECTION('',(-0.999673697023,2.554406938963E-002,0.E+000));
#217 = ORIENTED_EDGE('',*,*,#218,.F.);
#218 = EDGE_CURVE('',#219,#210,#221,.T.);
#219 = VERTEX_POINT('',#220);
#220 = CARTESIAN_POINT('',(-17.38899993896,6.034999847412,0.E+000));
#221 = LINE('',#222,#223);
#222 = CARTESIAN_POINT('',(-17.38899993896,6.034999847412,0.E+000));
#223 = VECTOR('',#224,1.);
#224 = DIRECTION('',(0.E+000,0.E+000,1.));
#225 = ORIENTED_EDGE('',*,*,#226,.F.);
#226 = EDGE_CURVE('',#187,#219,#227,.T.);
#227 = CIRCLE('',#228,0.131273109572);
#228 = AXIS2_PLACEMENT_3D('',#229,#230,#231);
#229 = CARTESIAN_POINT('',(-17.29376896229,5.944646704804,0.E+000));
#230 = DIRECTION('',(0.E+000,0.E+000,-1.));
#231 = DIRECTION('',(-0.999673697023,2.554406938963E-002,0.E+000));
#232 = CYLINDRICAL_SURFACE('',#233,0.131273109572);
#233 = AXIS2_PLACEMENT_3D('',#234,#235,#236);
#234 = CARTESIAN_POINT('',(-17.29376896229,5.944646704804,0.E+000));
#235 = DIRECTION('',(0.E+000,0.E+000,-1.));
#236 = DIRECTION('',(-0.999673697023,2.554406938963E-002,0.E+000));
#237 = ADVANCED_FACE('',(#238),#263,.F.);
#238 = FACE_BOUND('',#239,.F.);
#239 = EDGE_LOOP('',(#240,#241,#249,#257));
#240 = ORIENTED_EDGE('',*,*,#218,.T.);
#241 = ORIENTED_EDGE('',*,*,#242,.T.);
#242 = EDGE_CURVE('',#210,#243,#245,.T.);
#243 = VERTEX_POINT('',#244);
#244 = CARTESIAN_POINT('',(-17.38800048828,6.034999847412,1.12268));
#245 = LINE('',#246,#247);
#246 = CARTESIAN_POINT('',(-17.38899993896,6.034999847412,1.12268));
#247 = VECTOR('',#248,1.);
#248 = DIRECTION('',(1.,0.E+000,0.E+000));
#249 = ORIENTED_EDGE('',*,*,#250,.F.);
#250 = EDGE_CURVE('',#251,#243,#253,.T.);
#251 = VERTEX_POINT('',#252);
#252 = CARTESIAN_POINT('',(-17.38800048828,6.034999847412,0.E+000));
#253 = LINE('',#254,#255);
#254 = CARTESIAN_POINT('',(-17.38800048828,6.034999847412,0.E+000));
#255 = VECTOR('',#256,1.);
#256 = DIRECTION('',(0.E+000,0.E+000,1.));
#257 = ORIENTED_EDGE('',*,*,#258,.F.);
#258 = EDGE_CURVE('',#219,#251,#259,.T.);
#259 = LINE('',#260,#261);
#260 = CARTESIAN_POINT('',(-17.38899993896,6.034999847412,0.E+000));
#261 = VECTOR('',#262,1.);
#262 = DIRECTION('',(1.,0.E+000,0.E+000));
#263 = PLANE('',#264);
#264 = AXIS2_PLACEMENT_3D('',#265,#266,#267);
#265 = CARTESIAN_POINT('',(-17.38899993896,6.034999847412,0.E+000));
#266 = DIRECTION('',(0.E+000,1.,0.E+000));
#267 = DIRECTION('',(1.,0.E+000,0.E+000));
#268 = ADVANCED_FACE('',(#269),#296,.F.);
#269 = FACE_BOUND('',#270,.F.);
#270 = EDGE_LOOP('',(#271,#272,#281,#289));
#271 = ORIENTED_EDGE('',*,*,#250,.T.);
#272 = ORIENTED_EDGE('',*,*,#273,.T.);
#273 = EDGE_CURVE('',#243,#274,#276,.T.);
#274 = VERTEX_POINT('',#275);
#275 = CARTESIAN_POINT('',(-17.30200004577,6.071000099182,1.12268));
#276 = CIRCLE('',#277,0.115264832633);
#277 = AXIS2_PLACEMENT_3D('',#278,#279,#280);
#278 = CARTESIAN_POINT('',(-17.30429429188,5.955758101296,1.12268));
#279 = DIRECTION('',(0.E+000,0.E+000,-1.));
#280 = DIRECTION('',(-0.726207590641,0.687475479777,0.E+000));
#281 = ORIENTED_EDGE('',*,*,#282,.F.);
#282 = EDGE_CURVE('',#283,#274,#285,.T.);
#283 = VERTEX_POINT('',#284);
#284 = CARTESIAN_POINT('',(-17.30200004577,6.071000099182,0.E+000));
#285 = LINE('',#286,#287);
#286 = CARTESIAN_POINT('',(-17.30200004577,6.071000099182,0.E+000));
#287 = VECTOR('',#288,1.);
#288 = DIRECTION('',(0.E+000,0.E+000,1.));
#289 = ORIENTED_EDGE('',*,*,#290,.F.);
#290 = EDGE_CURVE('',#251,#283,#291,.T.);
#291 = CIRCLE('',#292,0.115264832633);
#292 = AXIS2_PLACEMENT_3D('',#293,#294,#295);
#293 = CARTESIAN_POINT('',(-17.30429429188,5.955758101296,0.E+000));
#294 = DIRECTION('',(0.E+000,0.E+000,-1.));
#295 = DIRECTION('',(-0.726207590641,0.687475479777,0.E+000));
#296 = CYLINDRICAL_SURFACE('',#297,0.115264832633);
#297 = AXIS2_PLACEMENT_3D('',#298,#299,#300);
#298 = CARTESIAN_POINT('',(-17.30429429188,5.955758101296,0.E+000));
#299 = DIRECTION('',(0.E+000,0.E+000,-1.));
#300 = DIRECTION('',(-0.726207590641,0.687475479777,0.E+000));
#301 = ADVANCED_FACE('',(#302),#327,.F.);
#302 = FACE_BOUND('',#303,.F.);
#303 = EDGE_LOOP('',(#304,#305,#313,#321));
#304 = ORIENTED_EDGE('',*,*,#282,.T.);
#305 = ORIENTED_EDGE('',*,*,#306,.T.);
#306 = EDGE_CURVE('',#274,#307,#309,.T.);
#307 = VERTEX_POINT('',#308);
#308 = CARTESIAN_POINT('',(-8.067999839783,6.071000099182,1.12268));
#309 = LINE('',#310,#311);
#310 = CARTESIAN_POINT('',(-17.30200004577,6.071000099182,1.12268));
#311 = VECTOR('',#312,1.);
#312 = DIRECTION('',(1.,0.E+000,0.E+000));
#313 = ORIENTED_EDGE('',*,*,#314,.F.);
#314 = EDGE_CURVE('',#315,#307,#317,.T.);
#315 = VERTEX_POINT('',#316);
#316 = CARTESIAN_POINT('',(-8.067999839783,6.071000099182,0.E+000));
#317 = LINE('',#318,#319);
#318 = CARTESIAN_POINT('',(-8.067999839783,6.071000099182,0.E+000));
#319 = VECTOR('',#320,1.);
#320 = DIRECTION('',(0.E+000,0.E+000,1.));
#321 = ORIENTED_EDGE('',*,*,#322,.F.);
#322 = EDGE_CURVE('',#283,#315,#323,.T.);
#323 = LINE('',#324,#325);
#324 = CARTESIAN_POINT('',(-17.30200004577,6.071000099182,0.E+000));
#325 = VECTOR('',#326,1.);
#326 = DIRECTION('',(1.,0.E+000,0.E+000));
#327 = PLANE('',#328);
#328 = AXIS2_PLACEMENT_3D('',#329,#330,#331);
#329 = CARTESIAN_POINT('',(-17.30200004577,6.071000099182,0.E+000));
#330 = DIRECTION('',(0.E+000,1.,0.E+000));
#331 = DIRECTION('',(1.,0.E+000,0.E+000));
#332 = ADVANCED_FACE('',(#333),#360,.F.);
#333 = FACE_BOUND('',#334,.F.);
#334 = EDGE_LOOP('',(#335,#336,#345,#353));
#335 = ORIENTED_EDGE('',*,*,#314,.T.);
#336 = ORIENTED_EDGE('',*,*,#337,.T.);
#337 = EDGE_CURVE('',#307,#338,#340,.T.);
#338 = VERTEX_POINT('',#339);
#339 = CARTESIAN_POINT('',(-7.859000205994,5.984000205994,1.12268));
#340 = CIRCLE('',#341,0.299767778963);
#341 = AXIS2_PLACEMENT_3D('',#342,#343,#344);
#342 = CARTESIAN_POINT('',(-8.070172883475,5.771240196618,1.12268));
#343 = DIRECTION('',(0.E+000,0.E+000,-1.));
#344 = DIRECTION('',(7.249090278745E-003,0.999973725,0.E+000));
#345 = ORIENTED_EDGE('',*,*,#346,.F.);
#346 = EDGE_CURVE('',#347,#338,#349,.T.);
#347 = VERTEX_POINT('',#348);
#348 = CARTESIAN_POINT('',(-7.859000205994,5.984000205994,0.E+000));
#349 = LINE('',#350,#351);
#350 = CARTESIAN_POINT('',(-7.859000205994,5.984000205994,0.E+000));
#351 = VECTOR('',#352,1.);
#352 = DIRECTION('',(0.E+000,0.E+000,1.));
#353 = ORIENTED_EDGE('',*,*,#354,.F.);
#354 = EDGE_CURVE('',#315,#347,#355,.T.);
#355 = CIRCLE('',#356,0.299767778963);
#356 = AXIS2_PLACEMENT_3D('',#357,#358,#359);
#357 = CARTESIAN_POINT('',(-8.070172883475,5.771240196618,0.E+000));
#358 = DIRECTION('',(0.E+000,0.E+000,-1.));
#359 = DIRECTION('',(7.249090278745E-003,0.999973725,0.E+000));
#360 = CYLINDRICAL_SURFACE('',#361,0.299767778963);
#361 = AXIS2_PLACEMENT_3D('',#362,#363,#364);
#362 = CARTESIAN_POINT('',(-8.070172883475,5.771240196618,0.E+000));
#363 = DIRECTION('',(0.E+000,0.E+000,-1.));
#364 = DIRECTION('',(7.249090278745E-003,0.999973725,0.E+000));
#365 = ADVANCED_FACE('',(#366),#393,.F.);
#366 = FACE_BOUND('',#367,.F.);
#367 = EDGE_LOOP('',(#368,#369,#378,#386));
#368 = ORIENTED_EDGE('',*,*,#346,.T.);
#369 = ORIENTED_EDGE('',*,*,#370,.T.);
#370 = EDGE_CURVE('',#338,#371,#373,.T.);
#371 = VERTEX_POINT('',#372);
#372 = CARTESIAN_POINT('',(-7.796999931335,5.835999965668,1.12268));
#373 = CIRCLE('',#374,0.207324202819);
#374 = AXIS2_PLACEMENT_3D('',#375,#376,#377);
#375 = CARTESIAN_POINT('',(-8.004324090562,5.836134409921,1.12268));
#376 = DIRECTION('',(0.E+000,0.E+000,-1.));
#377 = DIRECTION('',(0.700949925734,0.713210488995,0.E+000));
#378 = ORIENTED_EDGE('',*,*,#379,.F.);
#379 = EDGE_CURVE('',#380,#371,#382,.T.);
#380 = VERTEX_POINT('',#381);
#381 = CARTESIAN_POINT('',(-7.796999931335,5.835999965668,0.E+000));
#382 = LINE('',#383,#384);
#383 = CARTESIAN_POINT('',(-7.796999931335,5.835999965668,0.E+000));
#384 = VECTOR('',#385,1.);
#385 = DIRECTION('',(0.E+000,0.E+000,1.));
#386 = ORIENTED_EDGE('',*,*,#387,.F.);
#387 = EDGE_CURVE('',#347,#380,#388,.T.);
#388 = CIRCLE('',#389,0.207324202819);
#389 = AXIS2_PLACEMENT_3D('',#390,#391,#392);
#390 = CARTESIAN_POINT('',(-8.004324090562,5.836134409921,0.E+000));
#391 = DIRECTION('',(0.E+000,0.E+000,-1.));
#392 = DIRECTION('',(0.700949925734,0.713210488995,0.E+000));
#393 = CYLINDRICAL_SURFACE('',#394,0.207324202819);
#394 = AXIS2_PLACEMENT_3D('',#395,#396,#397);
#395 = CARTESIAN_POINT('',(-8.004324090562,5.836134409921,0.E+000));
#396 = DIRECTION('',(0.E+000,0.E+000,-1.));
#397 = DIRECTION('',(0.700949925734,0.713210488995,0.E+000));
#398 = ADVANCED_FACE('',(#399),#426,.T.);
#399 = FACE_BOUND('',#400,.F.);
#400 = EDGE_LOOP('',(#401,#402,#411,#419));
#401 = ORIENTED_EDGE('',*,*,#379,.T.);
#402 = ORIENTED_EDGE('',*,*,#403,.T.);
#403 = EDGE_CURVE('',#371,#404,#406,.T.);
#404 = VERTEX_POINT('',#405);
#405 = CARTESIAN_POINT('',(-7.782999992371,5.801000118256,1.12268));
#406 = CIRCLE('',#407,4.372086744201E-002);
#407 = AXIS2_PLACEMENT_3D('',#408,#409,#410);
#408 = CARTESIAN_POINT('',(-7.753371970067,5.833151238676,1.12268));
#409 = DIRECTION('',(0.E+000,0.E+000,1.));
#410 = DIRECTION('',(-0.99787501531,6.515714711233E-002,0.E+000));
#411 = ORIENTED_EDGE('',*,*,#412,.F.);
#412 = EDGE_CURVE('',#413,#404,#415,.T.);
#413 = VERTEX_POINT('',#414);
#414 = CARTESIAN_POINT('',(-7.782999992371,5.801000118256,0.E+000));
#415 = LINE('',#416,#417);
#416 = CARTESIAN_POINT('',(-7.782999992371,5.801000118256,0.E+000));
#417 = VECTOR('',#418,1.);
#418 = DIRECTION('',(0.E+000,0.E+000,1.));
#419 = ORIENTED_EDGE('',*,*,#420,.F.);
#420 = EDGE_CURVE('',#380,#413,#421,.T.);
#421 = CIRCLE('',#422,4.372086744201E-002);
#422 = AXIS2_PLACEMENT_3D('',#423,#424,#425);
#423 = CARTESIAN_POINT('',(-7.753371970067,5.833151238676,0.E+000));
#424 = DIRECTION('',(0.E+000,0.E+000,1.));
#425 = DIRECTION('',(-0.99787501531,6.515714711233E-002,0.E+000));
#426 = CYLINDRICAL_SURFACE('',#427,4.372086744201E-002);
#427 = AXIS2_PLACEMENT_3D('',#428,#429,#430);
#428 = CARTESIAN_POINT('',(-7.753371970067,5.833151238676,0.E+000));
#429 = DIRECTION('',(-0.E+000,-0.E+000,-1.));
#430 = DIRECTION('',(-0.99787501531,6.515714711233E-002,0.E+000));
#431 = ADVANCED_FACE('',(#432),#459,.T.);
#432 = FACE_BOUND('',#433,.F.);
#433 = EDGE_LOOP('',(#434,#435,#444,#452));
#434 = ORIENTED_EDGE('',*,*,#412,.T.);
#435 = ORIENTED_EDGE('',*,*,#436,.T.);
#436 = EDGE_CURVE('',#404,#437,#439,.T.);
#437 = VERTEX_POINT('',#438);
#438 = CARTESIAN_POINT('',(-7.796999931335,5.765999794006,1.12268));
#439 = CIRCLE('',#440,4.372265416716E-002);
#440 = AXIS2_PLACEMENT_3D('',#441,#442,#443);
#441 = CARTESIAN_POINT('',(-7.753370160888,5.76884823536,1.12268));
#442 = DIRECTION('',(0.E+000,0.E+000,1.));
#443 = DIRECTION('',(-0.677676871333,0.73535981537,0.E+000));
#444 = ORIENTED_EDGE('',*,*,#445,.F.);
#445 = EDGE_CURVE('',#446,#437,#448,.T.);
#446 = VERTEX_POINT('',#447);
#447 = CARTESIAN_POINT('',(-7.796999931335,5.765999794006,0.E+000));
#448 = LINE('',#449,#450);
#449 = CARTESIAN_POINT('',(-7.796999931335,5.765999794006,0.E+000));
#450 = VECTOR('',#451,1.);
#451 = DIRECTION('',(0.E+000,0.E+000,1.));
#452 = ORIENTED_EDGE('',*,*,#453,.F.);
#453 = EDGE_CURVE('',#413,#446,#454,.T.);
#454 = CIRCLE('',#455,4.372265416716E-002);
#455 = AXIS2_PLACEMENT_3D('',#456,#457,#458);
#456 = CARTESIAN_POINT('',(-7.753370160888,5.76884823536,0.E+000));
#457 = DIRECTION('',(0.E+000,0.E+000,1.));
#458 = DIRECTION('',(-0.677676871333,0.73535981537,0.E+000));
#459 = CYLINDRICAL_SURFACE('',#460,4.372265416716E-002);
#460 = AXIS2_PLACEMENT_3D('',#461,#462,#463);
#461 = CARTESIAN_POINT('',(-7.753370160888,5.76884823536,0.E+000));
#462 = DIRECTION('',(-0.E+000,-0.E+000,-1.));
#463 = DIRECTION('',(-0.677676871333,0.73535981537,0.E+000));
#464 = ADVANCED_FACE('',(#465),#490,.F.);
#465 = FACE_BOUND('',#466,.F.);
#466 = EDGE_LOOP('',(#467,#468,#476,#484));
#467 = ORIENTED_EDGE('',*,*,#445,.T.);
#468 = ORIENTED_EDGE('',*,*,#469,.T.);
#469 = EDGE_CURVE('',#437,#470,#472,.T.);
#470 = VERTEX_POINT('',#471);
#471 = CARTESIAN_POINT('',(-7.796999931335,-0.202999994159,1.12268));
#472 = LINE('',#473,#474);
#473 = CARTESIAN_POINT('',(-7.796999931335,5.765999794006,1.12268));
#474 = VECTOR('',#475,1.);
#475 = DIRECTION('',(0.E+000,-1.,0.E+000));
#476 = ORIENTED_EDGE('',*,*,#477,.F.);
#477 = EDGE_CURVE('',#478,#470,#480,.T.);
#478 = VERTEX_POINT('',#479);
#479 = CARTESIAN_POINT('',(-7.796999931335,-0.202999994159,0.E+000));
#480 = LINE('',#481,#482);
#481 = CARTESIAN_POINT('',(-7.796999931335,-0.202999994159,0.E+000));
#482 = VECTOR('',#483,1.);
#483 = DIRECTION('',(0.E+000,0.E+000,1.));
#484 = ORIENTED_EDGE('',*,*,#485,.F.);
#485 = EDGE_CURVE('',#446,#478,#486,.T.);
#486 = LINE('',#487,#488);
#487 = CARTESIAN_POINT('',(-7.796999931335,5.765999794006,0.E+000));
#488 = VECTOR('',#489,1.);
#489 = DIRECTION('',(0.E+000,-1.,0.E+000));
#490 = PLANE('',#491);
#491 = AXIS2_PLACEMENT_3D('',#492,#493,#494);
#492 = CARTESIAN_POINT('',(-7.796999931335,5.765999794006,0.E+000));
#493 = DIRECTION('',(1.,0.E+000,-0.E+000));
#494 = DIRECTION('',(0.E+000,-1.,0.E+000));
#495 = ADVANCED_FACE('',(#496),#523,.T.);
#496 = FACE_BOUND('',#497,.F.);
#497 = EDGE_LOOP('',(#498,#499,#508,#516));
#498 = ORIENTED_EDGE('',*,*,#477,.T.);
#499 = ORIENTED_EDGE('',*,*,#500,.T.);
#500 = EDGE_CURVE('',#470,#501,#503,.T.);
#501 = VERTEX_POINT('',#502);
#502 = CARTESIAN_POINT('',(-7.747000217438,-0.254000008106,1.12268));
#503 = CIRCLE('',#504,4.95354568974E-002);
#504 = AXIS2_PLACEMENT_3D('',#505,#506,#507);
#505 = CARTESIAN_POINT('',(-7.747486200169,-0.204466935207,1.12268));
#506 = DIRECTION('',(0.E+000,0.E+000,1.));
#507 = DIRECTION('',(-0.999561410501,2.961396018852E-002,0.E+000));
#508 = ORIENTED_EDGE('',*,*,#509,.F.);
#509 = EDGE_CURVE('',#510,#501,#512,.T.);
#510 = VERTEX_POINT('',#511);
#511 = CARTESIAN_POINT('',(-7.747000217438,-0.254000008106,0.E+000));
#512 = LINE('',#513,#514);
#513 = CARTESIAN_POINT('',(-7.747000217438,-0.254000008106,0.E+000));
#514 = VECTOR('',#515,1.);
#515 = DIRECTION('',(0.E+000,0.E+000,1.));
#516 = ORIENTED_EDGE('',*,*,#517,.F.);
#517 = EDGE_CURVE('',#478,#510,#518,.T.);
#518 = CIRCLE('',#519,4.95354568974E-002);
#519 = AXIS2_PLACEMENT_3D('',#520,#521,#522);
#520 = CARTESIAN_POINT('',(-7.747486200169,-0.204466935207,0.E+000));
#521 = DIRECTION('',(0.E+000,0.E+000,1.));
#522 = DIRECTION('',(-0.999561410501,2.961396018852E-002,0.E+000));
#523 = CYLINDRICAL_SURFACE('',#524,4.95354568974E-002);
#524 = AXIS2_PLACEMENT_3D('',#525,#526,#527);
#525 = CARTESIAN_POINT('',(-7.747486200169,-0.204466935207,0.E+000));
#526 = DIRECTION('',(-0.E+000,-0.E+000,-1.));
#527 = DIRECTION('',(-0.999561410501,2.961396018852E-002,0.E+000));
#528 = ADVANCED_FACE('',(#529),#554,.F.);
#529 = FACE_BOUND('',#530,.F.);
#530 = EDGE_LOOP('',(#531,#532,#540,#548));
#531 = ORIENTED_EDGE('',*,*,#509,.T.);
#532 = ORIENTED_EDGE('',*,*,#533,.T.);
#533 = EDGE_CURVE('',#501,#534,#536,.T.);
#534 = VERTEX_POINT('',#535);
#535 = CARTESIAN_POINT('',(-0.402999997139,-0.254000008106,1.12268));
#536 = LINE('',#537,#538);
#537 = CARTESIAN_POINT('',(-7.747000217438,-0.254000008106,1.12268));
#538 = VECTOR('',#539,1.);
#539 = DIRECTION('',(1.,0.E+000,0.E+000));
#540 = ORIENTED_EDGE('',*,*,#541,.F.);
#541 = EDGE_CURVE('',#542,#534,#544,.T.);
#542 = VERTEX_POINT('',#543);
#543 = CARTESIAN_POINT('',(-0.402999997139,-0.254000008106,0.E+000));
#544 = LINE('',#545,#546);
#545 = CARTESIAN_POINT('',(-0.402999997139,-0.254000008106,0.E+000));
#546 = VECTOR('',#547,1.);
#547 = DIRECTION('',(0.E+000,0.E+000,1.));
#548 = ORIENTED_EDGE('',*,*,#549,.F.);
#549 = EDGE_CURVE('',#510,#542,#550,.T.);
#550 = LINE('',#551,#552);
#551 = CARTESIAN_POINT('',(-7.747000217438,-0.254000008106,0.E+000));
#552 = VECTOR('',#553,1.);
#553 = DIRECTION('',(1.,0.E+000,0.E+000));
#554 = PLANE('',#555);
#555 = AXIS2_PLACEMENT_3D('',#556,#557,#558);
#556 = CARTESIAN_POINT('',(-7.747000217438,-0.254000008106,0.E+000));
#557 = DIRECTION('',(0.E+000,1.,0.E+000));
#558 = DIRECTION('',(1.,0.E+000,0.E+000));
#559 = ADVANCED_FACE('',(#560),#585,.F.);
#560 = FACE_BOUND('',#561,.F.);
#561 = EDGE_LOOP('',(#562,#563,#571,#579));
#562 = ORIENTED_EDGE('',*,*,#541,.T.);
#563 = ORIENTED_EDGE('',*,*,#564,.T.);
#564 = EDGE_CURVE('',#534,#565,#567,.T.);
#565 = VERTEX_POINT('',#566);
#566 = CARTESIAN_POINT('',(-0.328999996185,-0.254000008106,1.12268));
#567 = LINE('',#568,#569);
#568 = CARTESIAN_POINT('',(-0.402999997139,-0.254000008106,1.12268));
#569 = VECTOR('',#570,1.);
#570 = DIRECTION('',(1.,0.E+000,0.E+000));
#571 = ORIENTED_EDGE('',*,*,#572,.F.);
#572 = EDGE_CURVE('',#573,#565,#575,.T.);
#573 = VERTEX_POINT('',#574);
#574 = CARTESIAN_POINT('',(-0.328999996185,-0.254000008106,0.E+000));
#575 = LINE('',#576,#577);
#576 = CARTESIAN_POINT('',(-0.328999996185,-0.254000008106,0.E+000));
#577 = VECTOR('',#578,1.);
#578 = DIRECTION('',(0.E+000,0.E+000,1.));
#579 = ORIENTED_EDGE('',*,*,#580,.F.);
#580 = EDGE_CURVE('',#542,#573,#581,.T.);
#581 = LINE('',#582,#583);
#582 = CARTESIAN_POINT('',(-0.402999997139,-0.254000008106,0.E+000));
#583 = VECTOR('',#584,1.);
#584 = DIRECTION('',(1.,0.E+000,0.E+000));
#585 = PLANE('',#586);
#586 = AXIS2_PLACEMENT_3D('',#587,#588,#589);
#587 = CARTESIAN_POINT('',(-0.402999997139,-0.254000008106,0.E+000));
#588 = DIRECTION('',(0.E+000,1.,0.E+000));
#589 = DIRECTION('',(1.,0.E+000,0.E+000));
#590 = ADVANCED_FACE('',(#591),#618,.T.);
#591 = FACE_BOUND('',#592,.F.);
#592 = EDGE_LOOP('',(#593,#594,#603,#611));
#593 = ORIENTED_EDGE('',*,*,#572,.T.);
#594 = ORIENTED_EDGE('',*,*,#595,.T.);
#595 = EDGE_CURVE('',#565,#596,#598,.T.);
#596 = VERTEX_POINT('',#597);
#597 = CARTESIAN_POINT('',(-0.298999994993,-0.244000002742,1.12268));
#598 = CIRCLE('',#599,4.110962456686E-002);
#599 = AXIS2_PLACEMENT_3D('',#600,#601,#602);
#600 = CARTESIAN_POINT('',(-0.326000005901,-0.212999992371,1.12268));
#601 = DIRECTION('',(0.E+000,0.E+000,1.));
#602 = DIRECTION('',(-7.297537537863E-002,-0.997333742831,0.E+000));
#603 = ORIENTED_EDGE('',*,*,#604,.F.);
#604 = EDGE_CURVE('',#605,#596,#607,.T.);
#605 = VERTEX_POINT('',#606);
#606 = CARTESIAN_POINT('',(-0.298999994993,-0.244000002742,0.E+000));
#607 = LINE('',#608,#609);
#608 = CARTESIAN_POINT('',(-0.298999994993,-0.244000002742,0.E+000));
#609 = VECTOR('',#610,1.);
#610 = DIRECTION('',(0.E+000,0.E+000,1.));
#611 = ORIENTED_EDGE('',*,*,#612,.F.);
#612 = EDGE_CURVE('',#573,#605,#613,.T.);
#613 = CIRCLE('',#614,4.110962456686E-002);
#614 = AXIS2_PLACEMENT_3D('',#615,#616,#617);
#615 = CARTESIAN_POINT('',(-0.326000005901,-0.212999992371,0.E+000));
#616 = DIRECTION('',(0.E+000,0.E+000,1.));
#617 = DIRECTION('',(-7.297537537863E-002,-0.997333742831,0.E+000));
#618 = CYLINDRICAL_SURFACE('',#619,4.110962456686E-002);
#619 = AXIS2_PLACEMENT_3D('',#620,#621,#622);
#620 = CARTESIAN_POINT('',(-0.326000005901,-0.212999992371,0.E+000));
#621 = DIRECTION('',(-0.E+000,-0.E+000,-1.));
#622 = DIRECTION('',(-7.297537537863E-002,-0.997333742831,0.E+000));
#623 = ADVANCED_FACE('',(#624),#651,.T.);
#624 = FACE_BOUND('',#625,.F.);
#625 = EDGE_LOOP('',(#626,#627,#636,#644));
#626 = ORIENTED_EDGE('',*,*,#604,.T.);
#627 = ORIENTED_EDGE('',*,*,#628,.T.);
#628 = EDGE_CURVE('',#596,#629,#631,.T.);
#629 = VERTEX_POINT('',#630);
#630 = CARTESIAN_POINT('',(0.144999995828,0.296000003815,1.12268));
#631 = CIRCLE('',#632,0.550899042467);
#632 = AXIS2_PLACEMENT_3D('',#633,#634,#635);
#633 = CARTESIAN_POINT('',(-0.405898880414,0.296427960346,1.12268));
#634 = DIRECTION('',(0.E+000,0.E+000,1.));
#635 = DIRECTION('',(0.194044420448,-0.980992743548,0.E+000));
#636 = ORIENTED_EDGE('',*,*,#637,.F.);
#637 = EDGE_CURVE('',#638,#629,#640,.T.);
#638 = VERTEX_POINT('',#639);
#639 = CARTESIAN_POINT('',(0.144999995828,0.296000003815,0.E+000));
#640 = LINE('',#641,#642);
#641 = CARTESIAN_POINT('',(0.144999995828,0.296000003815,0.E+000));
#642 = VECTOR('',#643,1.);
#643 = DIRECTION('',(0.E+000,0.E+000,1.));
#644 = ORIENTED_EDGE('',*,*,#645,.F.);
#645 = EDGE_CURVE('',#605,#638,#646,.T.);
#646 = CIRCLE('',#647,0.550899042467);
#647 = AXIS2_PLACEMENT_3D('',#648,#649,#650);
#648 = CARTESIAN_POINT('',(-0.405898880414,0.296427960346,0.E+000));
#649 = DIRECTION('',(0.E+000,0.E+000,1.));
#650 = DIRECTION('',(0.194044420448,-0.980992743548,0.E+000));
#651 = CYLINDRICAL_SURFACE('',#652,0.550899042467);
#652 = AXIS2_PLACEMENT_3D('',#653,#654,#655);
#653 = CARTESIAN_POINT('',(-0.405898880414,0.296427960346,0.E+000));
#654 = DIRECTION('',(-0.E+000,-0.E+000,-1.));
#655 = DIRECTION('',(0.194044420448,-0.980992743548,0.E+000));
#656 = ADVANCED_FACE('',(#657),#682,.F.);
#657 = FACE_BOUND('',#658,.F.);
#658 = EDGE_LOOP('',(#659,#660,#668,#676));
#659 = ORIENTED_EDGE('',*,*,#637,.T.);
#660 = ORIENTED_EDGE('',*,*,#661,.T.);
#661 = EDGE_CURVE('',#629,#662,#664,.T.);
#662 = VERTEX_POINT('',#663);
#663 = CARTESIAN_POINT('',(0.144999995828,40.85599899292,1.12268));
#664 = LINE('',#665,#666);
#665 = CARTESIAN_POINT('',(0.144999995828,0.296000003815,1.12268));
#666 = VECTOR('',#667,1.);
#667 = DIRECTION('',(0.E+000,1.,0.E+000));
#668 = ORIENTED_EDGE('',*,*,#669,.F.);
#669 = EDGE_CURVE('',#670,#662,#672,.T.);
#670 = VERTEX_POINT('',#671);
#671 = CARTESIAN_POINT('',(0.144999995828,40.85599899292,0.E+000));
#672 = LINE('',#673,#674);
#673 = CARTESIAN_POINT('',(0.144999995828,40.85599899292,0.E+000));
#674 = VECTOR('',#675,1.);
#675 = DIRECTION('',(0.E+000,0.E+000,1.));
#676 = ORIENTED_EDGE('',*,*,#677,.F.);
#677 = EDGE_CURVE('',#638,#670,#678,.T.);
#678 = LINE('',#679,#680);
#679 = CARTESIAN_POINT('',(0.144999995828,0.296000003815,0.E+000));
#680 = VECTOR('',#681,1.);
#681 = DIRECTION('',(0.E+000,1.,0.E+000));
#682 = PLANE('',#683);
#683 = AXIS2_PLACEMENT_3D('',#684,#685,#686);
#684 = CARTESIAN_POINT('',(0.144999995828,0.296000003815,0.E+000));
#685 = DIRECTION('',(-1.,0.E+000,0.E+000));
#686 = DIRECTION('',(0.E+000,1.,0.E+000));
#687 = ADVANCED_FACE('',(#688),#715,.T.);
#688 = FACE_BOUND('',#689,.F.);
#689 = EDGE_LOOP('',(#690,#691,#700,#708));
#690 = ORIENTED_EDGE('',*,*,#669,.T.);
#691 = ORIENTED_EDGE('',*,*,#692,.T.);
#692 = EDGE_CURVE('',#662,#693,#695,.T.);
#693 = VERTEX_POINT('',#694);
#694 = CARTESIAN_POINT('',(-0.405999988317,41.40599822998,1.12268));
#695 = CIRCLE('',#696,0.549689994551);
#696 = AXIS2_PLACEMENT_3D('',#697,#698,#699);
#697 = CARTESIAN_POINT('',(-0.404689910857,40.856309796587,1.12268));
#698 = DIRECTION('',(0.E+000,0.E+000,1.));
#699 = DIRECTION('',(0.999999840152,-5.654162711336E-004,0.E+000));
#700 = ORIENTED_EDGE('',*,*,#701,.F.);
#701 = EDGE_CURVE('',#702,#693,#704,.T.);
#702 = VERTEX_POINT('',#703);
#703 = CARTESIAN_POINT('',(-0.405999988317,41.40599822998,0.E+000));
#704 = LINE('',#705,#706);
#705 = CARTESIAN_POINT('',(-0.405999988317,41.40599822998,0.E+000));
#706 = VECTOR('',#707,1.);
#707 = DIRECTION('',(0.E+000,0.E+000,1.));
#708 = ORIENTED_EDGE('',*,*,#709,.F.);
#709 = EDGE_CURVE('',#670,#702,#710,.T.);
#710 = CIRCLE('',#711,0.549689994551);
#711 = AXIS2_PLACEMENT_3D('',#712,#713,#714);
#712 = CARTESIAN_POINT('',(-0.404689910857,40.856309796587,0.E+000));
#713 = DIRECTION('',(0.E+000,0.E+000,1.));
#714 = DIRECTION('',(0.999999840152,-5.654162711336E-004,0.E+000));
#715 = CYLINDRICAL_SURFACE('',#716,0.549689994551);
#716 = AXIS2_PLACEMENT_3D('',#717,#718,#719);
#717 = CARTESIAN_POINT('',(-0.404689910857,40.856309796587,0.E+000));
#718 = DIRECTION('',(-0.E+000,-0.E+000,-1.));
#719 = DIRECTION('',(0.999999840152,-5.654162711336E-004,0.E+000));
#720 = ADVANCED_FACE('',(#721),#746,.F.);
#721 = FACE_BOUND('',#722,.F.);
#722 = EDGE_LOOP('',(#723,#724,#732,#740));
#723 = ORIENTED_EDGE('',*,*,#701,.T.);
#724 = ORIENTED_EDGE('',*,*,#725,.T.);
#725 = EDGE_CURVE('',#693,#726,#728,.T.);
#726 = VERTEX_POINT('',#727);
#727 = CARTESIAN_POINT('',(-24.90600013732,41.40599822998,1.12268));
#728 = LINE('',#729,#730);
#729 = CARTESIAN_POINT('',(-0.405999988317,41.40599822998,1.12268));
#730 = VECTOR('',#731,1.);
#731 = DIRECTION('',(-1.,0.E+000,0.E+000));
#732 = ORIENTED_EDGE('',*,*,#733,.F.);
#733 = EDGE_CURVE('',#734,#726,#736,.T.);
#734 = VERTEX_POINT('',#735);
#735 = CARTESIAN_POINT('',(-24.90600013732,41.40599822998,0.E+000));
#736 = LINE('',#737,#738);
#737 = CARTESIAN_POINT('',(-24.90600013732,41.40599822998,0.E+000));
#738 = VECTOR('',#739,1.);
#739 = DIRECTION('',(0.E+000,0.E+000,1.));
#740 = ORIENTED_EDGE('',*,*,#741,.F.);
#741 = EDGE_CURVE('',#702,#734,#742,.T.);
#742 = LINE('',#743,#744);
#743 = CARTESIAN_POINT('',(-0.405999988317,41.40599822998,0.E+000));
#744 = VECTOR('',#745,1.);
#745 = DIRECTION('',(-1.,0.E+000,0.E+000));
#746 = PLANE('',#747);
#747 = AXIS2_PLACEMENT_3D('',#748,#749,#750);
#748 = CARTESIAN_POINT('',(-0.405999988317,41.40599822998,0.E+000));
#749 = DIRECTION('',(0.E+000,-1.,0.E+000));
#750 = DIRECTION('',(-1.,0.E+000,0.E+000));
#751 = ADVANCED_FACE('',(#752),#779,.T.);
#752 = FACE_BOUND('',#753,.F.);
#753 = EDGE_LOOP('',(#754,#755,#764,#772));
#754 = ORIENTED_EDGE('',*,*,#733,.T.);
#755 = ORIENTED_EDGE('',*,*,#756,.T.);
#756 = EDGE_CURVE('',#726,#757,#759,.T.);
#757 = VERTEX_POINT('',#758);
#758 = CARTESIAN_POINT('',(-25.45599937439,40.85599899292,1.12268));
#759 = CIRCLE('',#760,0.549686291411);
#760 = AXIS2_PLACEMENT_3D('',#761,#762,#763);
#761 = CARTESIAN_POINT('',(-24.90631317211,40.856312027703,1.12268));
#762 = DIRECTION('',(0.E+000,0.E+000,1.));
#763 = DIRECTION('',(5.694789692741E-004,0.999999837847,-0.E+000));
#764 = ORIENTED_EDGE('',*,*,#765,.F.);
#765 = EDGE_CURVE('',#766,#757,#768,.T.);
#766 = VERTEX_POINT('',#767);
#767 = CARTESIAN_POINT('',(-25.45599937439,40.85599899292,0.E+000));
#768 = LINE('',#769,#770);
#769 = CARTESIAN_POINT('',(-25.45599937439,40.85599899292,0.E+000));
#770 = VECTOR('',#771,1.);
#771 = DIRECTION('',(0.E+000,0.E+000,1.));
#772 = ORIENTED_EDGE('',*,*,#773,.F.);
#773 = EDGE_CURVE('',#734,#766,#774,.T.);
#774 = CIRCLE('',#775,0.549686291411);
#775 = AXIS2_PLACEMENT_3D('',#776,#777,#778);
#776 = CARTESIAN_POINT('',(-24.90631317211,40.856312027703,0.E+000));
#777 = DIRECTION('',(0.E+000,0.E+000,1.));
#778 = DIRECTION('',(5.694789692741E-004,0.999999837847,-0.E+000));
#779 = CYLINDRICAL_SURFACE('',#780,0.549686291411);
#780 = AXIS2_PLACEMENT_3D('',#781,#782,#783);
#781 = CARTESIAN_POINT('',(-24.90631317211,40.856312027703,0.E+000));
#782 = DIRECTION('',(-0.E+000,-0.E+000,-1.));
#783 = DIRECTION('',(5.694789692741E-004,0.999999837847,-0.E+000));
#784 = ADVANCED_FACE('',(#785),#810,.F.);
#785 = FACE_BOUND('',#786,.F.);
#786 = EDGE_LOOP('',(#787,#788,#796,#804));
#787 = ORIENTED_EDGE('',*,*,#765,.T.);
#788 = ORIENTED_EDGE('',*,*,#789,.T.);
#789 = EDGE_CURVE('',#757,#790,#792,.T.);
#790 = VERTEX_POINT('',#791);
#791 = CARTESIAN_POINT('',(-25.45599937439,0.296000003815,1.12268));
#792 = LINE('',#793,#794);
#793 = CARTESIAN_POINT('',(-25.45599937439,40.85599899292,1.12268));
#794 = VECTOR('',#795,1.);
#795 = DIRECTION('',(0.E+000,-1.,0.E+000));
#796 = ORIENTED_EDGE('',*,*,#797,.F.);
#797 = EDGE_CURVE('',#798,#790,#800,.T.);
#798 = VERTEX_POINT('',#799);
#799 = CARTESIAN_POINT('',(-25.45599937439,0.296000003815,0.E+000));
#800 = LINE('',#801,#802);
#801 = CARTESIAN_POINT('',(-25.45599937439,0.296000003815,0.E+000));
#802 = VECTOR('',#803,1.);
#803 = DIRECTION('',(0.E+000,0.E+000,1.));
#804 = ORIENTED_EDGE('',*,*,#805,.F.);
#805 = EDGE_CURVE('',#766,#798,#806,.T.);
#806 = LINE('',#807,#808);
#807 = CARTESIAN_POINT('',(-25.45599937439,40.85599899292,0.E+000));
#808 = VECTOR('',#809,1.);
#809 = DIRECTION('',(0.E+000,-1.,0.E+000));
#810 = PLANE('',#811);
#811 = AXIS2_PLACEMENT_3D('',#812,#813,#814);
#812 = CARTESIAN_POINT('',(-25.45599937439,40.85599899292,0.E+000));
#813 = DIRECTION('',(1.,0.E+000,-0.E+000));
#814 = DIRECTION('',(0.E+000,-1.,0.E+000));
#815 = ADVANCED_FACE('',(#816),#834,.T.);
#816 = FACE_BOUND('',#817,.F.);
#817 = EDGE_LOOP('',(#818,#819,#826,#827));
#818 = ORIENTED_EDGE('',*,*,#797,.T.);
#819 = ORIENTED_EDGE('',*,*,#820,.T.);
#820 = EDGE_CURVE('',#790,#76,#821,.T.);
#821 = CIRCLE('',#822,0.549687498118);
#822 = AXIS2_PLACEMENT_3D('',#823,#824,#825);
#823 = CARTESIAN_POINT('',(-24.90631196515,0.295687401564,1.12268));
#824 = DIRECTION('',(0.E+000,0.E+000,1.));
#825 = DIRECTION('',(-0.999999838295,5.686908496735E-004,0.E+000));
#826 = ORIENTED_EDGE('',*,*,#73,.F.);
#827 = ORIENTED_EDGE('',*,*,#828,.F.);
#828 = EDGE_CURVE('',#798,#74,#829,.T.);
#829 = CIRCLE('',#830,0.549687498118);
#830 = AXIS2_PLACEMENT_3D('',#831,#832,#833);
#831 = CARTESIAN_POINT('',(-24.90631196515,0.295687401564,0.E+000));
#832 = DIRECTION('',(0.E+000,0.E+000,1.));
#833 = DIRECTION('',(-0.999999838295,5.686908496735E-004,0.E+000));
#834 = CYLINDRICAL_SURFACE('',#835,0.549687498118);
#835 = AXIS2_PLACEMENT_3D('',#836,#837,#838);
#836 = CARTESIAN_POINT('',(-24.90631196515,0.295687401564,0.E+000));
#837 = DIRECTION('',(-0.E+000,-0.E+000,-1.));
#838 = DIRECTION('',(-0.999999838295,5.686908496735E-004,0.E+000));
#839 = ADVANCED_FACE('',(#840),#867,.F.);
#840 = FACE_BOUND('',#841,.T.);
#841 = EDGE_LOOP('',(#842,#852,#859,#860));
#842 = ORIENTED_EDGE('',*,*,#843,.T.);
#843 = EDGE_CURVE('',#844,#846,#848,.T.);
#844 = VERTEX_POINT('',#845);
#845 = CARTESIAN_POINT('',(-23.604601,6.2992,0.E+000));
#846 = VERTEX_POINT('',#847);
#847 = CARTESIAN_POINT('',(-23.604601,6.2992,1.12268));
#848 = LINE('',#849,#850);
#849 = CARTESIAN_POINT('',(-23.604601,6.2992,0.E+000));
#850 = VECTOR('',#851,1.);
#851 = DIRECTION('',(0.E+000,0.E+000,1.));
#852 = ORIENTED_EDGE('',*,*,#853,.T.);
#853 = EDGE_CURVE('',#846,#846,#854,.T.);
#854 = CIRCLE('',#855,0.499999);
#855 = AXIS2_PLACEMENT_3D('',#856,#857,#858);
#856 = CARTESIAN_POINT('',(-24.1046,6.2992,1.12268));
#857 = DIRECTION('',(0.E+000,0.E+000,1.));
#858 = DIRECTION('',(1.,0.E+000,-0.E+000));
#859 = ORIENTED_EDGE('',*,*,#843,.F.);
#860 = ORIENTED_EDGE('',*,*,#861,.F.);
#861 = EDGE_CURVE('',#844,#844,#862,.T.);
#862 = CIRCLE('',#863,0.499999);
#863 = AXIS2_PLACEMENT_3D('',#864,#865,#866);
#864 = CARTESIAN_POINT('',(-24.1046,6.2992,0.E+000));
#865 = DIRECTION('',(0.E+000,0.E+000,1.));
#866 = DIRECTION('',(1.,0.E+000,-0.E+000));
#867 = CYLINDRICAL_SURFACE('',#868,0.499999);
#868 = AXIS2_PLACEMENT_3D('',#869,#870,#871);
#869 = CARTESIAN_POINT('',(-24.1046,6.2992,0.E+000));
#870 = DIRECTION('',(-0.E+000,-0.E+000,-1.));
#871 = DIRECTION('',(1.,0.E+000,-0.E+000));
#872 = ADVANCED_FACE('',(#873),#900,.F.);
#873 = FACE_BOUND('',#874,.T.);
#874 = EDGE_LOOP('',(#875,#885,#892,#893));
#875 = ORIENTED_EDGE('',*,*,#876,.T.);
#876 = EDGE_CURVE('',#877,#879,#881,.T.);
#877 = VERTEX_POINT('',#878);
#878 = CARTESIAN_POINT('',(-23.604601,3.7592,0.E+000));
#879 = VERTEX_POINT('',#880);
#880 = CARTESIAN_POINT('',(-23.604601,3.7592,1.12268));
#881 = LINE('',#882,#883);
#882 = CARTESIAN_POINT('',(-23.604601,3.7592,0.E+000));
#883 = VECTOR('',#884,1.);
#884 = DIRECTION('',(0.E+000,0.E+000,1.));
#885 = ORIENTED_EDGE('',*,*,#886,.T.);
#886 = EDGE_CURVE('',#879,#879,#887,.T.);
#887 = CIRCLE('',#888,0.499999);
#888 = AXIS2_PLACEMENT_3D('',#889,#890,#891);
#889 = CARTESIAN_POINT('',(-24.1046,3.7592,1.12268));
#890 = DIRECTION('',(0.E+000,0.E+000,1.));
#891 = DIRECTION('',(1.,0.E+000,-0.E+000));
#892 = ORIENTED_EDGE('',*,*,#876,.F.);
#893 = ORIENTED_EDGE('',*,*,#894,.F.);
#894 = EDGE_CURVE('',#877,#877,#895,.T.);
#895 = CIRCLE('',#896,0.499999);
#896 = AXIS2_PLACEMENT_3D('',#897,#898,#899);
#897 = CARTESIAN_POINT('',(-24.1046,3.7592,0.E+000));
#898 = DIRECTION('',(0.E+000,0.E+000,1.));
#899 = DIRECTION('',(1.,0.E+000,-0.E+000));
#900 = CYLINDRICAL_SURFACE('',#901,0.499999);
#901 = AXIS2_PLACEMENT_3D('',#902,#903,#904);
#902 = CARTESIAN_POINT('',(-24.1046,3.7592,0.E+000));
#903 = DIRECTION('',(-0.E+000,-0.E+000,-1.));
#904 = DIRECTION('',(1.,0.E+000,-0.E+000));
#905 = ADVANCED_FACE('',(#906),#933,.F.);
#906 = FACE_BOUND('',#907,.T.);
#907 = EDGE_LOOP('',(#908,#918,#925,#926));
#908 = ORIENTED_EDGE('',*,*,#909,.T.);
#909 = EDGE_CURVE('',#910,#912,#914,.T.);
#910 = VERTEX_POINT('',#911);
#911 = CARTESIAN_POINT('',(-23.604601,16.4592,0.E+000));
#912 = VERTEX_POINT('',#913);
#913 = CARTESIAN_POINT('',(-23.604601,16.4592,1.12268));
#914 = LINE('',#915,#916);
#915 = CARTESIAN_POINT('',(-23.604601,16.4592,0.E+000));
#916 = VECTOR('',#917,1.);
#917 = DIRECTION('',(0.E+000,0.E+000,1.));
#918 = ORIENTED_EDGE('',*,*,#919,.T.);
#919 = EDGE_CURVE('',#912,#912,#920,.T.);
#920 = CIRCLE('',#921,0.499999);
#921 = AXIS2_PLACEMENT_3D('',#922,#923,#924);
#922 = CARTESIAN_POINT('',(-24.1046,16.4592,1.12268));
#923 = DIRECTION('',(0.E+000,0.E+000,1.));
#924 = DIRECTION('',(1.,0.E+000,-0.E+000));
#925 = ORIENTED_EDGE('',*,*,#909,.F.);
#926 = ORIENTED_EDGE('',*,*,#927,.F.);
#927 = EDGE_CURVE('',#910,#910,#928,.T.);
#928 = CIRCLE('',#929,0.499999);
#929 = AXIS2_PLACEMENT_3D('',#930,#931,#932);
#930 = CARTESIAN_POINT('',(-24.1046,16.4592,0.E+000));
#931 = DIRECTION('',(0.E+000,0.E+000,1.));
#932 = DIRECTION('',(1.,0.E+000,-0.E+000));
#933 = CYLINDRICAL_SURFACE('',#934,0.499999);
#934 = AXIS2_PLACEMENT_3D('',#935,#936,#937);
#935 = CARTESIAN_POINT('',(-24.1046,16.4592,0.E+000));
#936 = DIRECTION('',(-0.E+000,-0.E+000,-1.));
#937 = DIRECTION('',(1.,0.E+000,-0.E+000));
#938 = ADVANCED_FACE('',(#939),#966,.F.);
#939 = FACE_BOUND('',#940,.T.);
#940 = EDGE_LOOP('',(#941,#951,#958,#959));
#941 = ORIENTED_EDGE('',*,*,#942,.T.);
#942 = EDGE_CURVE('',#943,#945,#947,.T.);
#943 = VERTEX_POINT('',#944);
#944 = CARTESIAN_POINT('',(-23.604601,8.8392,0.E+000));
#945 = VERTEX_POINT('',#946);
#946 = CARTESIAN_POINT('',(-23.604601,8.8392,1.12268));
#947 = LINE('',#948,#949);
#948 = CARTESIAN_POINT('',(-23.604601,8.8392,0.E+000));
#949 = VECTOR('',#950,1.);
#950 = DIRECTION('',(0.E+000,0.E+000,1.));
#951 = ORIENTED_EDGE('',*,*,#952,.T.);
#952 = EDGE_CURVE('',#945,#945,#953,.T.);
#953 = CIRCLE('',#954,0.499999);
#954 = AXIS2_PLACEMENT_3D('',#955,#956,#957);
#955 = CARTESIAN_POINT('',(-24.1046,8.8392,1.12268));
#956 = DIRECTION('',(0.E+000,0.E+000,1.));
#957 = DIRECTION('',(1.,0.E+000,-0.E+000));
#958 = ORIENTED_EDGE('',*,*,#942,.F.);
#959 = ORIENTED_EDGE('',*,*,#960,.F.);
#960 = EDGE_CURVE('',#943,#943,#961,.T.);
#961 = CIRCLE('',#962,0.499999);
#962 = AXIS2_PLACEMENT_3D('',#963,#964,#965);
#963 = CARTESIAN_POINT('',(-24.1046,8.8392,0.E+000));
#964 = DIRECTION('',(0.E+000,0.E+000,1.));
#965 = DIRECTION('',(1.,0.E+000,-0.E+000));
#966 = CYLINDRICAL_SURFACE('',#967,0.499999);
#967 = AXIS2_PLACEMENT_3D('',#968,#969,#970);
#968 = CARTESIAN_POINT('',(-24.1046,8.8392,0.E+000));
#969 = DIRECTION('',(-0.E+000,-0.E+000,-1.));
#970 = DIRECTION('',(1.,0.E+000,-0.E+000));
#971 = ADVANCED_FACE('',(#972),#1006,.T.);
#972 = FACE_BOUND('',#973,.T.);
#973 = EDGE_LOOP('',(#974,#984,#992,#1000));
#974 = ORIENTED_EDGE('',*,*,#975,.T.);
#975 = EDGE_CURVE('',#976,#978,#980,.T.);
#976 = VERTEX_POINT('',#977);
#977 = CARTESIAN_POINT('',(-17.9237894,1.1931904,0.E+000));
#978 = VERTEX_POINT('',#979);
#979 = CARTESIAN_POINT('',(-17.9237894,1.1931904,1.12268));
#980 = LINE('',#981,#982);
#981 = CARTESIAN_POINT('',(-17.9237894,1.1931904,0.E+000));
#982 = VECTOR('',#983,1.);
#983 = DIRECTION('',(0.E+000,0.E+000,1.));
#984 = ORIENTED_EDGE('',*,*,#985,.T.);
#985 = EDGE_CURVE('',#978,#986,#988,.T.);
#986 = VERTEX_POINT('',#987);
#987 = CARTESIAN_POINT('',(-17.9237894,1.9931888,1.12268));
#988 = LINE('',#989,#990);
#989 = CARTESIAN_POINT('',(-17.9237894,1.1931904,1.12268));
#990 = VECTOR('',#991,1.);
#991 = DIRECTION('',(0.E+000,1.,0.E+000));
#992 = ORIENTED_EDGE('',*,*,#993,.F.);
#993 = EDGE_CURVE('',#994,#986,#996,.T.);
#994 = VERTEX_POINT('',#995);
#995 = CARTESIAN_POINT('',(-17.9237894,1.9931888,0.E+000));
#996 = LINE('',#997,#998);
#997 = CARTESIAN_POINT('',(-17.9237894,1.9931888,0.E+000));
#998 = VECTOR('',#999,1.);
#999 = DIRECTION('',(0.E+000,0.E+000,1.));
#1000 = ORIENTED_EDGE('',*,*,#1001,.F.);
#1001 = EDGE_CURVE('',#976,#994,#1002,.T.);
#1002 = LINE('',#1003,#1004);
#1003 = CARTESIAN_POINT('',(-17.9237894,1.1931904,0.E+000));
#1004 = VECTOR('',#1005,1.);
#1005 = DIRECTION('',(0.E+000,1.,0.E+000));
#1006 = PLANE('',#1007);
#1007 = AXIS2_PLACEMENT_3D('',#1008,#1009,#1010);
#1008 = CARTESIAN_POINT('',(-17.9237894,1.1931904,0.E+000));
#1009 = DIRECTION('',(-1.,0.E+000,0.E+000));
#1010 = DIRECTION('',(0.E+000,1.,0.E+000));
#1011 = ADVANCED_FACE('',(#1012),#1039,.F.);
#1012 = FACE_BOUND('',#1013,.T.);
#1013 = EDGE_LOOP('',(#1014,#1015,#1024,#1032));
#1014 = ORIENTED_EDGE('',*,*,#993,.T.);
#1015 = ORIENTED_EDGE('',*,*,#1016,.T.);
#1016 = EDGE_CURVE('',#986,#1017,#1019,.T.);
#1017 = VERTEX_POINT('',#1018);
#1018 = CARTESIAN_POINT('',(-18.5237882,1.9931888,1.12268));
#1019 = CIRCLE('',#1020,0.2999994);
#1020 = AXIS2_PLACEMENT_3D('',#1021,#1022,#1023);
#1021 = CARTESIAN_POINT('',(-18.2237888,1.9931888,1.12268));
#1022 = DIRECTION('',(0.E+000,0.E+000,1.));
#1023 = DIRECTION('',(1.,-2.368480522828E-014,0.E+000));
#1024 = ORIENTED_EDGE('',*,*,#1025,.F.);
#1025 = EDGE_CURVE('',#1026,#1017,#1028,.T.);
#1026 = VERTEX_POINT('',#1027);
#1027 = CARTESIAN_POINT('',(-18.5237882,1.9931888,0.E+000));
#1028 = LINE('',#1029,#1030);
#1029 = CARTESIAN_POINT('',(-18.5237882,1.9931888,0.E+000));
#1030 = VECTOR('',#1031,1.);
#1031 = DIRECTION('',(0.E+000,0.E+000,1.));
#1032 = ORIENTED_EDGE('',*,*,#1033,.F.);
#1033 = EDGE_CURVE('',#994,#1026,#1034,.T.);
#1034 = CIRCLE('',#1035,0.2999994);
#1035 = AXIS2_PLACEMENT_3D('',#1036,#1037,#1038);
#1036 = CARTESIAN_POINT('',(-18.2237888,1.9931888,0.E+000));
#1037 = DIRECTION('',(0.E+000,0.E+000,1.));
#1038 = DIRECTION('',(1.,-2.368480522828E-014,0.E+000));
#1039 = CYLINDRICAL_SURFACE('',#1040,0.2999994);
#1040 = AXIS2_PLACEMENT_3D('',#1041,#1042,#1043);
#1041 = CARTESIAN_POINT('',(-18.2237888,1.9931888,0.E+000));
#1042 = DIRECTION('',(-0.E+000,-0.E+000,-1.));
#1043 = DIRECTION('',(1.,-2.368480522828E-014,0.E+000));
#1044 = ADVANCED_FACE('',(#1045),#1070,.T.);
#1045 = FACE_BOUND('',#1046,.T.);
#1046 = EDGE_LOOP('',(#1047,#1048,#1056,#1064));
#1047 = ORIENTED_EDGE('',*,*,#1025,.T.);
#1048 = ORIENTED_EDGE('',*,*,#1049,.T.);
#1049 = EDGE_CURVE('',#1017,#1050,#1052,.T.);
#1050 = VERTEX_POINT('',#1051);
#1051 = CARTESIAN_POINT('',(-18.5237882,1.1931904,1.12268));
#1052 = LINE('',#1053,#1054);
#1053 = CARTESIAN_POINT('',(-18.5237882,1.9931888,1.12268));
#1054 = VECTOR('',#1055,1.);
#1055 = DIRECTION('',(0.E+000,-1.,0.E+000));
#1056 = ORIENTED_EDGE('',*,*,#1057,.F.);
#1057 = EDGE_CURVE('',#1058,#1050,#1060,.T.);
#1058 = VERTEX_POINT('',#1059);
#1059 = CARTESIAN_POINT('',(-18.5237882,1.1931904,0.E+000));
#1060 = LINE('',#1061,#1062);
#1061 = CARTESIAN_POINT('',(-18.5237882,1.1931904,0.E+000));
#1062 = VECTOR('',#1063,1.);
#1063 = DIRECTION('',(0.E+000,0.E+000,1.));
#1064 = ORIENTED_EDGE('',*,*,#1065,.F.);
#1065 = EDGE_CURVE('',#1026,#1058,#1066,.T.);
#1066 = LINE('',#1067,#1068);
#1067 = CARTESIAN_POINT('',(-18.5237882,1.9931888,0.E+000));
#1068 = VECTOR('',#1069,1.);
#1069 = DIRECTION('',(0.E+000,-1.,0.E+000));
#1070 = PLANE('',#1071);
#1071 = AXIS2_PLACEMENT_3D('',#1072,#1073,#1074);
#1072 = CARTESIAN_POINT('',(-18.5237882,1.9931888,0.E+000));
#1073 = DIRECTION('',(1.,0.E+000,-0.E+000));
#1074 = DIRECTION('',(0.E+000,-1.,0.E+000));
#1075 = ADVANCED_FACE('',(#1076),#1094,.F.);
#1076 = FACE_BOUND('',#1077,.T.);
#1077 = EDGE_LOOP('',(#1078,#1079,#1086,#1087));
#1078 = ORIENTED_EDGE('',*,*,#1057,.T.);
#1079 = ORIENTED_EDGE('',*,*,#1080,.T.);
#1080 = EDGE_CURVE('',#1050,#978,#1081,.T.);
#1081 = CIRCLE('',#1082,0.2999994);
#1082 = AXIS2_PLACEMENT_3D('',#1083,#1084,#1085);
#1083 = CARTESIAN_POINT('',(-18.2237888,1.1931904,1.12268));
#1084 = DIRECTION('',(0.E+000,0.E+000,1.));
#1085 = DIRECTION('',(-1.,2.368480522828E-014,-0.E+000));
#1086 = ORIENTED_EDGE('',*,*,#975,.F.);
#1087 = ORIENTED_EDGE('',*,*,#1088,.F.);
#1088 = EDGE_CURVE('',#1058,#976,#1089,.T.);
#1089 = CIRCLE('',#1090,0.2999994);
#1090 = AXIS2_PLACEMENT_3D('',#1091,#1092,#1093);
#1091 = CARTESIAN_POINT('',(-18.2237888,1.1931904,0.E+000));
#1092 = DIRECTION('',(0.E+000,0.E+000,1.));
#1093 = DIRECTION('',(-1.,2.368480522828E-014,-0.E+000));
#1094 = CYLINDRICAL_SURFACE('',#1095,0.2999994);
#1095 = AXIS2_PLACEMENT_3D('',#1096,#1097,#1098);
#1096 = CARTESIAN_POINT('',(-18.2237888,1.1931904,0.E+000));
#1097 = DIRECTION('',(-0.E+000,-0.E+000,-1.));
#1098 = DIRECTION('',(-1.,2.368480522828E-014,-0.E+000));
#1099 = ADVANCED_FACE('',(#1100),#1134,.T.);
#1100 = FACE_BOUND('',#1101,.T.);
#1101 = EDGE_LOOP('',(#1102,#1112,#1120,#1128));
#1102 = ORIENTED_EDGE('',*,*,#1103,.T.);
#1103 = EDGE_CURVE('',#1104,#1106,#1108,.T.);
#1104 = VERTEX_POINT('',#1105);
#1105 = CARTESIAN_POINT('',(-18.22400093078,6.508999824524,0.E+000));
#1106 = VERTEX_POINT('',#1107);
#1107 = CARTESIAN_POINT('',(-18.22400093078,6.508999824524,1.12268));
#1108 = LINE('',#1109,#1110);
#1109 = CARTESIAN_POINT('',(-18.22400093078,6.508999824524,0.E+000));
#1110 = VECTOR('',#1111,1.);
#1111 = DIRECTION('',(0.E+000,0.E+000,1.));
#1112 = ORIENTED_EDGE('',*,*,#1113,.T.);
#1113 = EDGE_CURVE('',#1106,#1114,#1116,.T.);
#1114 = VERTEX_POINT('',#1115);
#1115 = CARTESIAN_POINT('',(-18.34099960327,6.486000061035,1.12268));
#1116 = LINE('',#1117,#1118);
#1117 = CARTESIAN_POINT('',(-18.22400093078,6.508999824524,1.12268));
#1118 = VECTOR('',#1119,1.);
#1119 = DIRECTION('',(-0.981220447041,-0.192889694668,0.E+000));
#1120 = ORIENTED_EDGE('',*,*,#1121,.F.);
#1121 = EDGE_CURVE('',#1122,#1114,#1124,.T.);
#1122 = VERTEX_POINT('',#1123);
#1123 = CARTESIAN_POINT('',(-18.34099960327,6.486000061035,0.E+000));
#1124 = LINE('',#1125,#1126);
#1125 = CARTESIAN_POINT('',(-18.34099960327,6.486000061035,0.E+000));
#1126 = VECTOR('',#1127,1.);
#1127 = DIRECTION('',(0.E+000,0.E+000,1.));
#1128 = ORIENTED_EDGE('',*,*,#1129,.F.);
#1129 = EDGE_CURVE('',#1104,#1122,#1130,.T.);
#1130 = LINE('',#1131,#1132);
#1131 = CARTESIAN_POINT('',(-18.22400093078,6.508999824524,0.E+000));
#1132 = VECTOR('',#1133,1.);
#1133 = DIRECTION('',(-0.981220447041,-0.192889694668,0.E+000));
#1134 = PLANE('',#1135);
#1135 = AXIS2_PLACEMENT_3D('',#1136,#1137,#1138);
#1136 = CARTESIAN_POINT('',(-18.22400093078,6.508999824524,0.E+000));
#1137 = DIRECTION('',(0.192889694668,-0.981220447041,0.E+000));
#1138 = DIRECTION('',(-0.981220447041,-0.192889694668,0.E+000));
#1139 = ADVANCED_FACE('',(#1140),#1165,.T.);
#1140 = FACE_BOUND('',#1141,.T.);
#1141 = EDGE_LOOP('',(#1142,#1143,#1151,#1159));
#1142 = ORIENTED_EDGE('',*,*,#1121,.T.);
#1143 = ORIENTED_EDGE('',*,*,#1144,.T.);
#1144 = EDGE_CURVE('',#1114,#1145,#1147,.T.);
#1145 = VERTEX_POINT('',#1146);
#1146 = CARTESIAN_POINT('',(-18.44000053405,6.419000148773,1.12268));
#1147 = LINE('',#1148,#1149);
#1148 = CARTESIAN_POINT('',(-18.34099960327,6.486000061035,1.12268));
#1149 = VECTOR('',#1150,1.);
#1150 = DIRECTION('',(-0.828171996828,-0.560474034786,0.E+000));
#1151 = ORIENTED_EDGE('',*,*,#1152,.F.);
#1152 = EDGE_CURVE('',#1153,#1145,#1155,.T.);
#1153 = VERTEX_POINT('',#1154);
#1154 = CARTESIAN_POINT('',(-18.44000053405,6.419000148773,0.E+000));
#1155 = LINE('',#1156,#1157);
#1156 = CARTESIAN_POINT('',(-18.44000053405,6.419000148773,0.E+000));
#1157 = VECTOR('',#1158,1.);
#1158 = DIRECTION('',(0.E+000,0.E+000,1.));
#1159 = ORIENTED_EDGE('',*,*,#1160,.F.);
#1160 = EDGE_CURVE('',#1122,#1153,#1161,.T.);
#1161 = LINE('',#1162,#1163);
#1162 = CARTESIAN_POINT('',(-18.34099960327,6.486000061035,0.E+000));
#1163 = VECTOR('',#1164,1.);
#1164 = DIRECTION('',(-0.828171996828,-0.560474034786,0.E+000));
#1165 = PLANE('',#1166);
#1166 = AXIS2_PLACEMENT_3D('',#1167,#1168,#1169);
#1167 = CARTESIAN_POINT('',(-18.34099960327,6.486000061035,0.E+000));
#1168 = DIRECTION('',(0.560474034786,-0.828171996828,0.E+000));
#1169 = DIRECTION('',(-0.828171996828,-0.560474034786,0.E+000));
#1170 = ADVANCED_FACE('',(#1171),#1196,.T.);
#1171 = FACE_BOUND('',#1172,.T.);
#1172 = EDGE_LOOP('',(#1173,#1174,#1182,#1190));
#1173 = ORIENTED_EDGE('',*,*,#1152,.T.);
#1174 = ORIENTED_EDGE('',*,*,#1175,.T.);
#1175 = EDGE_CURVE('',#1145,#1176,#1178,.T.);
#1176 = VERTEX_POINT('',#1177);
#1177 = CARTESIAN_POINT('',(-18.50600051879,6.320000171661,1.12268));
#1178 = LINE('',#1179,#1180);
#1179 = CARTESIAN_POINT('',(-18.44000053405,6.419000148773,1.12268));
#1180 = VECTOR('',#1181,1.);
#1181 = DIRECTION('',(-0.554700196225,-0.832050294338,0.E+000));
#1182 = ORIENTED_EDGE('',*,*,#1183,.F.);
#1183 = EDGE_CURVE('',#1184,#1176,#1186,.T.);
#1184 = VERTEX_POINT('',#1185);
#1185 = CARTESIAN_POINT('',(-18.50600051879,6.320000171661,0.E+000));
#1186 = LINE('',#1187,#1188);
#1187 = CARTESIAN_POINT('',(-18.50600051879,6.320000171661,0.E+000));
#1188 = VECTOR('',#1189,1.);
#1189 = DIRECTION('',(0.E+000,0.E+000,1.));
#1190 = ORIENTED_EDGE('',*,*,#1191,.F.);
#1191 = EDGE_CURVE('',#1153,#1184,#1192,.T.);
#1192 = LINE('',#1193,#1194);
#1193 = CARTESIAN_POINT('',(-18.44000053405,6.419000148773,0.E+000));
#1194 = VECTOR('',#1195,1.);
#1195 = DIRECTION('',(-0.554700196225,-0.832050294338,0.E+000));
#1196 = PLANE('',#1197);
#1197 = AXIS2_PLACEMENT_3D('',#1198,#1199,#1200);
#1198 = CARTESIAN_POINT('',(-18.44000053405,6.419000148773,0.E+000));
#1199 = DIRECTION('',(0.832050294338,-0.554700196225,0.E+000));
#1200 = DIRECTION('',(-0.554700196225,-0.832050294338,0.E+000));
#1201 = ADVANCED_FACE('',(#1202),#1227,.T.);
#1202 = FACE_BOUND('',#1203,.T.);
#1203 = EDGE_LOOP('',(#1204,#1205,#1213,#1221));
#1204 = ORIENTED_EDGE('',*,*,#1183,.T.);
#1205 = ORIENTED_EDGE('',*,*,#1206,.T.);
#1206 = EDGE_CURVE('',#1176,#1207,#1209,.T.);
#1207 = VERTEX_POINT('',#1208);
#1208 = CARTESIAN_POINT('',(-18.53000068664,6.203000068665,1.12268));
#1209 = LINE('',#1210,#1211);
#1210 = CARTESIAN_POINT('',(-18.50600051879,6.320000171661,1.12268));
#1211 = VECTOR('',#1212,1.);
#1212 = DIRECTION('',(-0.200945322549,-0.97960245883,0.E+000));
#1213 = ORIENTED_EDGE('',*,*,#1214,.F.);
#1214 = EDGE_CURVE('',#1215,#1207,#1217,.T.);
#1215 = VERTEX_POINT('',#1216);
#1216 = CARTESIAN_POINT('',(-18.53000068664,6.203000068665,0.E+000));
#1217 = LINE('',#1218,#1219);
#1218 = CARTESIAN_POINT('',(-18.53000068664,6.203000068665,0.E+000));
#1219 = VECTOR('',#1220,1.);
#1220 = DIRECTION('',(0.E+000,0.E+000,1.));
#1221 = ORIENTED_EDGE('',*,*,#1222,.F.);
#1222 = EDGE_CURVE('',#1184,#1215,#1223,.T.);
#1223 = LINE('',#1224,#1225);
#1224 = CARTESIAN_POINT('',(-18.50600051879,6.320000171661,0.E+000));
#1225 = VECTOR('',#1226,1.);
#1226 = DIRECTION('',(-0.200945322549,-0.97960245883,0.E+000));
#1227 = PLANE('',#1228);
#1228 = AXIS2_PLACEMENT_3D('',#1229,#1230,#1231);
#1229 = CARTESIAN_POINT('',(-18.50600051879,6.320000171661,0.E+000));
#1230 = DIRECTION('',(0.97960245883,-0.200945322549,0.E+000));
#1231 = DIRECTION('',(-0.200945322549,-0.97960245883,0.E+000));
#1232 = ADVANCED_FACE('',(#1233),#1258,.T.);
#1233 = FACE_BOUND('',#1234,.T.);
#1234 = EDGE_LOOP('',(#1235,#1236,#1244,#1252));
#1235 = ORIENTED_EDGE('',*,*,#1214,.T.);
#1236 = ORIENTED_EDGE('',*,*,#1237,.T.);
#1237 = EDGE_CURVE('',#1207,#1238,#1240,.T.);
#1238 = VERTEX_POINT('',#1239);
#1239 = CARTESIAN_POINT('',(-18.53000068664,5.604000091553,1.12268));
#1240 = LINE('',#1241,#1242);
#1241 = CARTESIAN_POINT('',(-18.53000068664,6.203000068665,1.12268));
#1242 = VECTOR('',#1243,1.);
#1243 = DIRECTION('',(0.E+000,-1.,0.E+000));
#1244 = ORIENTED_EDGE('',*,*,#1245,.F.);
#1245 = EDGE_CURVE('',#1246,#1238,#1248,.T.);
#1246 = VERTEX_POINT('',#1247);
#1247 = CARTESIAN_POINT('',(-18.53000068664,5.604000091553,0.E+000));
#1248 = LINE('',#1249,#1250);
#1249 = CARTESIAN_POINT('',(-18.53000068664,5.604000091553,0.E+000));
#1250 = VECTOR('',#1251,1.);
#1251 = DIRECTION('',(0.E+000,0.E+000,1.));
#1252 = ORIENTED_EDGE('',*,*,#1253,.F.);
#1253 = EDGE_CURVE('',#1215,#1246,#1254,.T.);
#1254 = LINE('',#1255,#1256);
#1255 = CARTESIAN_POINT('',(-18.53000068664,6.203000068665,0.E+000));
#1256 = VECTOR('',#1257,1.);
#1257 = DIRECTION('',(0.E+000,-1.,0.E+000));
#1258 = PLANE('',#1259);
#1259 = AXIS2_PLACEMENT_3D('',#1260,#1261,#1262);
#1260 = CARTESIAN_POINT('',(-18.53000068664,6.203000068665,0.E+000));
#1261 = DIRECTION('',(1.,0.E+000,-0.E+000));
#1262 = DIRECTION('',(0.E+000,-1.,0.E+000));
#1263 = ADVANCED_FACE('',(#1264),#1289,.T.);
#1264 = FACE_BOUND('',#1265,.T.);
#1265 = EDGE_LOOP('',(#1266,#1267,#1275,#1283));
#1266 = ORIENTED_EDGE('',*,*,#1245,.T.);
#1267 = ORIENTED_EDGE('',*,*,#1268,.T.);
#1268 = EDGE_CURVE('',#1238,#1269,#1271,.T.);
#1269 = VERTEX_POINT('',#1270);
#1270 = CARTESIAN_POINT('',(-18.53000068664,5.600999832153,1.12268));
#1271 = LINE('',#1272,#1273);
#1272 = CARTESIAN_POINT('',(-18.53000068664,5.604000091553,1.12268));
#1273 = VECTOR('',#1274,1.);
#1274 = DIRECTION('',(0.E+000,-1.,0.E+000));
#1275 = ORIENTED_EDGE('',*,*,#1276,.F.);
#1276 = EDGE_CURVE('',#1277,#1269,#1279,.T.);
#1277 = VERTEX_POINT('',#1278);
#1278 = CARTESIAN_POINT('',(-18.53000068664,5.600999832153,0.E+000));
#1279 = LINE('',#1280,#1281);
#1280 = CARTESIAN_POINT('',(-18.53000068664,5.600999832153,0.E+000));
#1281 = VECTOR('',#1282,1.);
#1282 = DIRECTION('',(0.E+000,0.E+000,1.));
#1283 = ORIENTED_EDGE('',*,*,#1284,.F.);
#1284 = EDGE_CURVE('',#1246,#1277,#1285,.T.);
#1285 = LINE('',#1286,#1287);
#1286 = CARTESIAN_POINT('',(-18.53000068664,5.604000091553,0.E+000));
#1287 = VECTOR('',#1288,1.);
#1288 = DIRECTION('',(0.E+000,-1.,0.E+000));
#1289 = PLANE('',#1290);
#1290 = AXIS2_PLACEMENT_3D('',#1291,#1292,#1293);
#1291 = CARTESIAN_POINT('',(-18.53000068664,5.604000091553,0.E+000));
#1292 = DIRECTION('',(1.,0.E+000,-0.E+000));
#1293 = DIRECTION('',(0.E+000,-1.,0.E+000));
#1294 = ADVANCED_FACE('',(#1295),#1320,.T.);
#1295 = FACE_BOUND('',#1296,.T.);
#1296 = EDGE_LOOP('',(#1297,#1298,#1306,#1314));
#1297 = ORIENTED_EDGE('',*,*,#1276,.T.);
#1298 = ORIENTED_EDGE('',*,*,#1299,.T.);
#1299 = EDGE_CURVE('',#1269,#1300,#1302,.T.);
#1300 = VERTEX_POINT('',#1301);
#1301 = CARTESIAN_POINT('',(-18.53000068664,5.59700012207,1.12268));
#1302 = LINE('',#1303,#1304);
#1303 = CARTESIAN_POINT('',(-18.53000068664,5.600999832153,1.12268));
#1304 = VECTOR('',#1305,1.);
#1305 = DIRECTION('',(0.E+000,-1.,0.E+000));
#1306 = ORIENTED_EDGE('',*,*,#1307,.F.);
#1307 = EDGE_CURVE('',#1308,#1300,#1310,.T.);
#1308 = VERTEX_POINT('',#1309);
#1309 = CARTESIAN_POINT('',(-18.53000068664,5.59700012207,0.E+000));
#1310 = LINE('',#1311,#1312);
#1311 = CARTESIAN_POINT('',(-18.53000068664,5.59700012207,0.E+000));
#1312 = VECTOR('',#1313,1.);
#1313 = DIRECTION('',(0.E+000,0.E+000,1.));
#1314 = ORIENTED_EDGE('',*,*,#1315,.F.);
#1315 = EDGE_CURVE('',#1277,#1308,#1316,.T.);
#1316 = LINE('',#1317,#1318);
#1317 = CARTESIAN_POINT('',(-18.53000068664,5.600999832153,0.E+000));
#1318 = VECTOR('',#1319,1.);
#1319 = DIRECTION('',(0.E+000,-1.,0.E+000));
#1320 = PLANE('',#1321);
#1321 = AXIS2_PLACEMENT_3D('',#1322,#1323,#1324);
#1322 = CARTESIAN_POINT('',(-18.53000068664,5.600999832153,0.E+000));
#1323 = DIRECTION('',(1.,0.E+000,-0.E+000));
#1324 = DIRECTION('',(0.E+000,-1.,0.E+000));
#1325 = ADVANCED_FACE('',(#1326),#1351,.T.);
#1326 = FACE_BOUND('',#1327,.T.);
#1327 = EDGE_LOOP('',(#1328,#1329,#1337,#1345));
#1328 = ORIENTED_EDGE('',*,*,#1307,.T.);
#1329 = ORIENTED_EDGE('',*,*,#1330,.T.);
#1330 = EDGE_CURVE('',#1300,#1331,#1333,.T.);
#1331 = VERTEX_POINT('',#1332);
#1332 = CARTESIAN_POINT('',(-18.53000068664,5.40299987793,1.12268));
#1333 = LINE('',#1334,#1335);
#1334 = CARTESIAN_POINT('',(-18.53000068664,5.59700012207,1.12268));
#1335 = VECTOR('',#1336,1.);
#1336 = DIRECTION('',(0.E+000,-1.,0.E+000));
#1337 = ORIENTED_EDGE('',*,*,#1338,.F.);
#1338 = EDGE_CURVE('',#1339,#1331,#1341,.T.);
#1339 = VERTEX_POINT('',#1340);
#1340 = CARTESIAN_POINT('',(-18.53000068664,5.40299987793,0.E+000));
#1341 = LINE('',#1342,#1343);
#1342 = CARTESIAN_POINT('',(-18.53000068664,5.40299987793,0.E+000));
#1343 = VECTOR('',#1344,1.);
#1344 = DIRECTION('',(0.E+000,0.E+000,1.));
#1345 = ORIENTED_EDGE('',*,*,#1346,.F.);
#1346 = EDGE_CURVE('',#1308,#1339,#1347,.T.);
#1347 = LINE('',#1348,#1349);
#1348 = CARTESIAN_POINT('',(-18.53000068664,5.59700012207,0.E+000));
#1349 = VECTOR('',#1350,1.);
#1350 = DIRECTION('',(0.E+000,-1.,0.E+000));
#1351 = PLANE('',#1352);
#1352 = AXIS2_PLACEMENT_3D('',#1353,#1354,#1355);
#1353 = CARTESIAN_POINT('',(-18.53000068664,5.59700012207,0.E+000));
#1354 = DIRECTION('',(1.,0.E+000,-0.E+000));
#1355 = DIRECTION('',(0.E+000,-1.,0.E+000));
#1356 = ADVANCED_FACE('',(#1357),#1382,.T.);
#1357 = FACE_BOUND('',#1358,.T.);
#1358 = EDGE_LOOP('',(#1359,#1360,#1368,#1376));
#1359 = ORIENTED_EDGE('',*,*,#1338,.T.);
#1360 = ORIENTED_EDGE('',*,*,#1361,.T.);
#1361 = EDGE_CURVE('',#1331,#1362,#1364,.T.);
#1362 = VERTEX_POINT('',#1363);
#1363 = CARTESIAN_POINT('',(-18.50600051879,5.285999774933,1.12268));
#1364 = LINE('',#1365,#1366);
#1365 = CARTESIAN_POINT('',(-18.53000068664,5.40299987793,1.12268));
#1366 = VECTOR('',#1367,1.);
#1367 = DIRECTION('',(0.200945322549,-0.97960245883,0.E+000));
#1368 = ORIENTED_EDGE('',*,*,#1369,.F.);
#1369 = EDGE_CURVE('',#1370,#1362,#1372,.T.);
#1370 = VERTEX_POINT('',#1371);
#1371 = CARTESIAN_POINT('',(-18.50600051879,5.285999774933,0.E+000));
#1372 = LINE('',#1373,#1374);
#1373 = CARTESIAN_POINT('',(-18.50600051879,5.285999774933,0.E+000));
#1374 = VECTOR('',#1375,1.);
#1375 = DIRECTION('',(0.E+000,0.E+000,1.));
#1376 = ORIENTED_EDGE('',*,*,#1377,.F.);
#1377 = EDGE_CURVE('',#1339,#1370,#1378,.T.);
#1378 = LINE('',#1379,#1380);
#1379 = CARTESIAN_POINT('',(-18.53000068664,5.40299987793,0.E+000));
#1380 = VECTOR('',#1381,1.);
#1381 = DIRECTION('',(0.200945322549,-0.97960245883,0.E+000));
#1382 = PLANE('',#1383);
#1383 = AXIS2_PLACEMENT_3D('',#1384,#1385,#1386);
#1384 = CARTESIAN_POINT('',(-18.53000068664,5.40299987793,0.E+000));
#1385 = DIRECTION('',(0.97960245883,0.200945322549,-0.E+000));
#1386 = DIRECTION('',(0.200945322549,-0.97960245883,0.E+000));
#1387 = ADVANCED_FACE('',(#1388),#1413,.T.);
#1388 = FACE_BOUND('',#1389,.T.);
#1389 = EDGE_LOOP('',(#1390,#1391,#1399,#1407));
#1390 = ORIENTED_EDGE('',*,*,#1369,.T.);
#1391 = ORIENTED_EDGE('',*,*,#1392,.T.);
#1392 = EDGE_CURVE('',#1362,#1393,#1395,.T.);
#1393 = VERTEX_POINT('',#1394);
#1394 = CARTESIAN_POINT('',(-18.44000053405,5.186999797821,1.12268));
#1395 = LINE('',#1396,#1397);
#1396 = CARTESIAN_POINT('',(-18.50600051879,5.285999774933,1.12268));
#1397 = VECTOR('',#1398,1.);
#1398 = DIRECTION('',(0.554700196225,-0.832050294338,0.E+000));
#1399 = ORIENTED_EDGE('',*,*,#1400,.F.);
#1400 = EDGE_CURVE('',#1401,#1393,#1403,.T.);
#1401 = VERTEX_POINT('',#1402);
#1402 = CARTESIAN_POINT('',(-18.44000053405,5.186999797821,0.E+000));
#1403 = LINE('',#1404,#1405);
#1404 = CARTESIAN_POINT('',(-18.44000053405,5.186999797821,0.E+000));
#1405 = VECTOR('',#1406,1.);
#1406 = DIRECTION('',(0.E+000,0.E+000,1.));
#1407 = ORIENTED_EDGE('',*,*,#1408,.F.);
#1408 = EDGE_CURVE('',#1370,#1401,#1409,.T.);
#1409 = LINE('',#1410,#1411);
#1410 = CARTESIAN_POINT('',(-18.50600051879,5.285999774933,0.E+000));
#1411 = VECTOR('',#1412,1.);
#1412 = DIRECTION('',(0.554700196225,-0.832050294338,0.E+000));
#1413 = PLANE('',#1414);
#1414 = AXIS2_PLACEMENT_3D('',#1415,#1416,#1417);
#1415 = CARTESIAN_POINT('',(-18.50600051879,5.285999774933,0.E+000));
#1416 = DIRECTION('',(0.832050294338,0.554700196225,-0.E+000));
#1417 = DIRECTION('',(0.554700196225,-0.832050294338,0.E+000));
#1418 = ADVANCED_FACE('',(#1419),#1444,.T.);
#1419 = FACE_BOUND('',#1420,.T.);
#1420 = EDGE_LOOP('',(#1421,#1422,#1430,#1438));
#1421 = ORIENTED_EDGE('',*,*,#1400,.T.);
#1422 = ORIENTED_EDGE('',*,*,#1423,.T.);
#1423 = EDGE_CURVE('',#1393,#1424,#1426,.T.);
#1424 = VERTEX_POINT('',#1425);
#1425 = CARTESIAN_POINT('',(-18.34099960327,5.12099981308,1.12268));
#1426 = LINE('',#1427,#1428);
#1427 = CARTESIAN_POINT('',(-18.44000053405,5.186999797821,1.12268));
#1428 = VECTOR('',#1429,1.);
#1429 = DIRECTION('',(0.83205276053,-0.55469649692,0.E+000));
#1430 = ORIENTED_EDGE('',*,*,#1431,.F.);
#1431 = EDGE_CURVE('',#1432,#1424,#1434,.T.);
#1432 = VERTEX_POINT('',#1433);
#1433 = CARTESIAN_POINT('',(-18.34099960327,5.12099981308,0.E+000));
#1434 = LINE('',#1435,#1436);
#1435 = CARTESIAN_POINT('',(-18.34099960327,5.12099981308,0.E+000));
#1436 = VECTOR('',#1437,1.);
#1437 = DIRECTION('',(0.E+000,0.E+000,1.));
#1438 = ORIENTED_EDGE('',*,*,#1439,.F.);
#1439 = EDGE_CURVE('',#1401,#1432,#1440,.T.);
#1440 = LINE('',#1441,#1442);
#1441 = CARTESIAN_POINT('',(-18.44000053405,5.186999797821,0.E+000));
#1442 = VECTOR('',#1443,1.);
#1443 = DIRECTION('',(0.83205276053,-0.55469649692,0.E+000));
#1444 = PLANE('',#1445);
#1445 = AXIS2_PLACEMENT_3D('',#1446,#1447,#1448);
#1446 = CARTESIAN_POINT('',(-18.44000053405,5.186999797821,0.E+000));
#1447 = DIRECTION('',(0.55469649692,0.83205276053,-0.E+000));
#1448 = DIRECTION('',(0.83205276053,-0.55469649692,0.E+000));
#1449 = ADVANCED_FACE('',(#1450),#1475,.T.);
#1450 = FACE_BOUND('',#1451,.T.);
#1451 = EDGE_LOOP('',(#1452,#1453,#1461,#1469));
#1452 = ORIENTED_EDGE('',*,*,#1431,.T.);
#1453 = ORIENTED_EDGE('',*,*,#1454,.T.);
#1454 = EDGE_CURVE('',#1424,#1455,#1457,.T.);
#1455 = VERTEX_POINT('',#1456);
#1456 = CARTESIAN_POINT('',(-18.22400093078,5.09700012207,1.12268));
#1457 = LINE('',#1458,#1459);
#1458 = CARTESIAN_POINT('',(-18.34099960327,5.12099981308,1.12268));
#1459 = VECTOR('',#1460,1.);
#1460 = DIRECTION('',(0.979602761095,-0.200943849011,0.E+000));
#1461 = ORIENTED_EDGE('',*,*,#1462,.F.);
#1462 = EDGE_CURVE('',#1463,#1455,#1465,.T.);
#1463 = VERTEX_POINT('',#1464);
#1464 = CARTESIAN_POINT('',(-18.22400093078,5.09700012207,0.E+000));
#1465 = LINE('',#1466,#1467);
#1466 = CARTESIAN_POINT('',(-18.22400093078,5.09700012207,0.E+000));
#1467 = VECTOR('',#1468,1.);
#1468 = DIRECTION('',(0.E+000,0.E+000,1.));
#1469 = ORIENTED_EDGE('',*,*,#1470,.F.);
#1470 = EDGE_CURVE('',#1432,#1463,#1471,.T.);
#1471 = LINE('',#1472,#1473);
#1472 = CARTESIAN_POINT('',(-18.34099960327,5.12099981308,0.E+000));
#1473 = VECTOR('',#1474,1.);
#1474 = DIRECTION('',(0.979602761095,-0.200943849011,0.E+000));
#1475 = PLANE('',#1476);
#1476 = AXIS2_PLACEMENT_3D('',#1477,#1478,#1479);
#1477 = CARTESIAN_POINT('',(-18.34099960327,5.12099981308,0.E+000));
#1478 = DIRECTION('',(0.200943849011,0.979602761095,-0.E+000));
#1479 = DIRECTION('',(0.979602761095,-0.200943849011,0.E+000));
#1480 = ADVANCED_FACE('',(#1481),#1506,.T.);
#1481 = FACE_BOUND('',#1482,.T.);
#1482 = EDGE_LOOP('',(#1483,#1484,#1492,#1500));
#1483 = ORIENTED_EDGE('',*,*,#1462,.T.);
#1484 = ORIENTED_EDGE('',*,*,#1485,.T.);
#1485 = EDGE_CURVE('',#1455,#1486,#1488,.T.);
#1486 = VERTEX_POINT('',#1487);
#1487 = CARTESIAN_POINT('',(-18.10700035095,5.12099981308,1.12268));
#1488 = LINE('',#1489,#1490);
#1489 = CARTESIAN_POINT('',(-18.22400093078,5.09700012207,1.12268));
#1490 = VECTOR('',#1491,1.);
#1491 = DIRECTION('',(0.979603405915,0.200940705484,0.E+000));
#1492 = ORIENTED_EDGE('',*,*,#1493,.F.);
#1493 = EDGE_CURVE('',#1494,#1486,#1496,.T.);
#1494 = VERTEX_POINT('',#1495);
#1495 = CARTESIAN_POINT('',(-18.10700035095,5.12099981308,0.E+000));
#1496 = LINE('',#1497,#1498);
#1497 = CARTESIAN_POINT('',(-18.10700035095,5.12099981308,0.E+000));
#1498 = VECTOR('',#1499,1.);
#1499 = DIRECTION('',(0.E+000,0.E+000,1.));
#1500 = ORIENTED_EDGE('',*,*,#1501,.F.);
#1501 = EDGE_CURVE('',#1463,#1494,#1502,.T.);
#1502 = LINE('',#1503,#1504);
#1503 = CARTESIAN_POINT('',(-18.22400093078,5.09700012207,0.E+000));
#1504 = VECTOR('',#1505,1.);
#1505 = DIRECTION('',(0.979603405915,0.200940705484,0.E+000));
#1506 = PLANE('',#1507);
#1507 = AXIS2_PLACEMENT_3D('',#1508,#1509,#1510);
#1508 = CARTESIAN_POINT('',(-18.22400093078,5.09700012207,0.E+000));
#1509 = DIRECTION('',(-0.200940705484,0.979603405915,0.E+000));
#1510 = DIRECTION('',(0.979603405915,0.200940705484,0.E+000));
#1511 = ADVANCED_FACE('',(#1512),#1537,.T.);
#1512 = FACE_BOUND('',#1513,.T.);
#1513 = EDGE_LOOP('',(#1514,#1515,#1523,#1531));
#1514 = ORIENTED_EDGE('',*,*,#1493,.T.);
#1515 = ORIENTED_EDGE('',*,*,#1516,.T.);
#1516 = EDGE_CURVE('',#1486,#1517,#1519,.T.);
#1517 = VERTEX_POINT('',#1518);
#1518 = CARTESIAN_POINT('',(-18.00799942016,5.186999797821,1.12268));
#1519 = LINE('',#1520,#1521);
#1520 = CARTESIAN_POINT('',(-18.10700035095,5.12099981308,1.12268));
#1521 = VECTOR('',#1522,1.);
#1522 = DIRECTION('',(0.83205276053,0.55469649692,0.E+000));
#1523 = ORIENTED_EDGE('',*,*,#1524,.F.);
#1524 = EDGE_CURVE('',#1525,#1517,#1527,.T.);
#1525 = VERTEX_POINT('',#1526);
#1526 = CARTESIAN_POINT('',(-18.00799942016,5.186999797821,0.E+000));
#1527 = LINE('',#1528,#1529);
#1528 = CARTESIAN_POINT('',(-18.00799942016,5.186999797821,0.E+000));
#1529 = VECTOR('',#1530,1.);
#1530 = DIRECTION('',(0.E+000,0.E+000,1.));
#1531 = ORIENTED_EDGE('',*,*,#1532,.F.);
#1532 = EDGE_CURVE('',#1494,#1525,#1533,.T.);
#1533 = LINE('',#1534,#1535);
#1534 = CARTESIAN_POINT('',(-18.10700035095,5.12099981308,0.E+000));
#1535 = VECTOR('',#1536,1.);
#1536 = DIRECTION('',(0.83205276053,0.55469649692,0.E+000));
#1537 = PLANE('',#1538);
#1538 = AXIS2_PLACEMENT_3D('',#1539,#1540,#1541);
#1539 = CARTESIAN_POINT('',(-18.10700035095,5.12099981308,0.E+000));
#1540 = DIRECTION('',(-0.55469649692,0.83205276053,0.E+000));
#1541 = DIRECTION('',(0.83205276053,0.55469649692,0.E+000));
#1542 = ADVANCED_FACE('',(#1543),#1568,.T.);
#1543 = FACE_BOUND('',#1544,.T.);
#1544 = EDGE_LOOP('',(#1545,#1546,#1554,#1562));
#1545 = ORIENTED_EDGE('',*,*,#1524,.T.);
#1546 = ORIENTED_EDGE('',*,*,#1547,.T.);
#1547 = EDGE_CURVE('',#1517,#1548,#1550,.T.);
#1548 = VERTEX_POINT('',#1549);
#1549 = CARTESIAN_POINT('',(-17.94099998474,5.285999774933,1.12268));
#1550 = LINE('',#1551,#1552);
#1551 = CARTESIAN_POINT('',(-18.00799942016,5.186999797821,1.12268));
#1552 = VECTOR('',#1553,1.);
#1553 = DIRECTION('',(0.560475001975,0.828171342272,0.E+000));
#1554 = ORIENTED_EDGE('',*,*,#1555,.F.);
#1555 = EDGE_CURVE('',#1556,#1548,#1558,.T.);
#1556 = VERTEX_POINT('',#1557);
#1557 = CARTESIAN_POINT('',(-17.94099998474,5.285999774933,0.E+000));
#1558 = LINE('',#1559,#1560);
#1559 = CARTESIAN_POINT('',(-17.94099998474,5.285999774933,0.E+000));
#1560 = VECTOR('',#1561,1.);
#1561 = DIRECTION('',(0.E+000,0.E+000,1.));
#1562 = ORIENTED_EDGE('',*,*,#1563,.F.);
#1563 = EDGE_CURVE('',#1525,#1556,#1564,.T.);
#1564 = LINE('',#1565,#1566);
#1565 = CARTESIAN_POINT('',(-18.00799942016,5.186999797821,0.E+000));
#1566 = VECTOR('',#1567,1.);
#1567 = DIRECTION('',(0.560475001975,0.828171342272,0.E+000));
#1568 = PLANE('',#1569);
#1569 = AXIS2_PLACEMENT_3D('',#1570,#1571,#1572);
#1570 = CARTESIAN_POINT('',(-18.00799942016,5.186999797821,0.E+000));
#1571 = DIRECTION('',(-0.828171342272,0.560475001975,0.E+000));
#1572 = DIRECTION('',(0.560475001975,0.828171342272,0.E+000));
#1573 = ADVANCED_FACE('',(#1574),#1599,.T.);
#1574 = FACE_BOUND('',#1575,.T.);
#1575 = EDGE_LOOP('',(#1576,#1577,#1585,#1593));
#1576 = ORIENTED_EDGE('',*,*,#1555,.T.);
#1577 = ORIENTED_EDGE('',*,*,#1578,.T.);
#1578 = EDGE_CURVE('',#1548,#1579,#1581,.T.);
#1579 = VERTEX_POINT('',#1580);
#1580 = CARTESIAN_POINT('',(-17.91799926757,5.40299987793,1.12268));
#1581 = LINE('',#1582,#1583);
#1582 = CARTESIAN_POINT('',(-17.94099998474,5.285999774933,1.12268));
#1583 = VECTOR('',#1584,1.);
#1584 = DIRECTION('',(0.19289512443,0.981219379635,0.E+000));
#1585 = ORIENTED_EDGE('',*,*,#1586,.F.);
#1586 = EDGE_CURVE('',#1587,#1579,#1589,.T.);
#1587 = VERTEX_POINT('',#1588);
#1588 = CARTESIAN_POINT('',(-17.91799926757,5.40299987793,0.E+000));
#1589 = LINE('',#1590,#1591);
#1590 = CARTESIAN_POINT('',(-17.91799926757,5.40299987793,0.E+000));
#1591 = VECTOR('',#1592,1.);
#1592 = DIRECTION('',(0.E+000,0.E+000,1.));
#1593 = ORIENTED_EDGE('',*,*,#1594,.F.);
#1594 = EDGE_CURVE('',#1556,#1587,#1595,.T.);
#1595 = LINE('',#1596,#1597);
#1596 = CARTESIAN_POINT('',(-17.94099998474,5.285999774933,0.E+000));
#1597 = VECTOR('',#1598,1.);
#1598 = DIRECTION('',(0.19289512443,0.981219379635,0.E+000));
#1599 = PLANE('',#1600);
#1600 = AXIS2_PLACEMENT_3D('',#1601,#1602,#1603);
#1601 = CARTESIAN_POINT('',(-17.94099998474,5.285999774933,0.E+000));
#1602 = DIRECTION('',(-0.981219379635,0.19289512443,0.E+000));
#1603 = DIRECTION('',(0.19289512443,0.981219379635,0.E+000));
#1604 = ADVANCED_FACE('',(#1605),#1630,.T.);
#1605 = FACE_BOUND('',#1606,.T.);
#1606 = EDGE_LOOP('',(#1607,#1608,#1616,#1624));
#1607 = ORIENTED_EDGE('',*,*,#1586,.T.);
#1608 = ORIENTED_EDGE('',*,*,#1609,.T.);
#1609 = EDGE_CURVE('',#1579,#1610,#1612,.T.);
#1610 = VERTEX_POINT('',#1611);
#1611 = CARTESIAN_POINT('',(-17.91799926757,6.203000068665,1.12268));
#1612 = LINE('',#1613,#1614);
#1613 = CARTESIAN_POINT('',(-17.91799926757,5.40299987793,1.12268));
#1614 = VECTOR('',#1615,1.);
#1615 = DIRECTION('',(0.E+000,1.,0.E+000));
#1616 = ORIENTED_EDGE('',*,*,#1617,.F.);
#1617 = EDGE_CURVE('',#1618,#1610,#1620,.T.);
#1618 = VERTEX_POINT('',#1619);
#1619 = CARTESIAN_POINT('',(-17.91799926757,6.203000068665,0.E+000));
#1620 = LINE('',#1621,#1622);
#1621 = CARTESIAN_POINT('',(-17.91799926757,6.203000068665,0.E+000));
#1622 = VECTOR('',#1623,1.);
#1623 = DIRECTION('',(0.E+000,0.E+000,1.));
#1624 = ORIENTED_EDGE('',*,*,#1625,.F.);
#1625 = EDGE_CURVE('',#1587,#1618,#1626,.T.);
#1626 = LINE('',#1627,#1628);
#1627 = CARTESIAN_POINT('',(-17.91799926757,5.40299987793,0.E+000));
#1628 = VECTOR('',#1629,1.);
#1629 = DIRECTION('',(0.E+000,1.,0.E+000));
#1630 = PLANE('',#1631);
#1631 = AXIS2_PLACEMENT_3D('',#1632,#1633,#1634);
#1632 = CARTESIAN_POINT('',(-17.91799926757,5.40299987793,0.E+000));
#1633 = DIRECTION('',(-1.,0.E+000,0.E+000));
#1634 = DIRECTION('',(0.E+000,1.,0.E+000));
#1635 = ADVANCED_FACE('',(#1636),#1661,.T.);
#1636 = FACE_BOUND('',#1637,.T.);
#1637 = EDGE_LOOP('',(#1638,#1639,#1647,#1655));
#1638 = ORIENTED_EDGE('',*,*,#1617,.T.);
#1639 = ORIENTED_EDGE('',*,*,#1640,.T.);
#1640 = EDGE_CURVE('',#1610,#1641,#1643,.T.);
#1641 = VERTEX_POINT('',#1642);
#1642 = CARTESIAN_POINT('',(-17.94099998474,6.320000171661,1.12268));
#1643 = LINE('',#1644,#1645);
#1644 = CARTESIAN_POINT('',(-17.91799926757,6.203000068665,1.12268));
#1645 = VECTOR('',#1646,1.);
#1646 = DIRECTION('',(-0.19289512443,0.981219379635,0.E+000));
#1647 = ORIENTED_EDGE('',*,*,#1648,.F.);
#1648 = EDGE_CURVE('',#1649,#1641,#1651,.T.);
#1649 = VERTEX_POINT('',#1650);
#1650 = CARTESIAN_POINT('',(-17.94099998474,6.320000171661,0.E+000));
#1651 = LINE('',#1652,#1653);
#1652 = CARTESIAN_POINT('',(-17.94099998474,6.320000171661,0.E+000));
#1653 = VECTOR('',#1654,1.);
#1654 = DIRECTION('',(0.E+000,0.E+000,1.));
#1655 = ORIENTED_EDGE('',*,*,#1656,.F.);
#1656 = EDGE_CURVE('',#1618,#1649,#1657,.T.);
#1657 = LINE('',#1658,#1659);
#1658 = CARTESIAN_POINT('',(-17.91799926757,6.203000068665,0.E+000));
#1659 = VECTOR('',#1660,1.);
#1660 = DIRECTION('',(-0.19289512443,0.981219379635,0.E+000));
#1661 = PLANE('',#1662);
#1662 = AXIS2_PLACEMENT_3D('',#1663,#1664,#1665);
#1663 = CARTESIAN_POINT('',(-17.91799926757,6.203000068665,0.E+000));
#1664 = DIRECTION('',(-0.981219379635,-0.19289512443,0.E+000));
#1665 = DIRECTION('',(-0.19289512443,0.981219379635,0.E+000));
#1666 = ADVANCED_FACE('',(#1667),#1692,.T.);
#1667 = FACE_BOUND('',#1668,.T.);
#1668 = EDGE_LOOP('',(#1669,#1670,#1678,#1686));
#1669 = ORIENTED_EDGE('',*,*,#1648,.T.);
#1670 = ORIENTED_EDGE('',*,*,#1671,.T.);
#1671 = EDGE_CURVE('',#1641,#1672,#1674,.T.);
#1672 = VERTEX_POINT('',#1673);
#1673 = CARTESIAN_POINT('',(-18.00799942016,6.419000148773,1.12268));
#1674 = LINE('',#1675,#1676);
#1675 = CARTESIAN_POINT('',(-17.94099998474,6.320000171661,1.12268));
#1676 = VECTOR('',#1677,1.);
#1677 = DIRECTION('',(-0.560475001975,0.828171342272,0.E+000));
#1678 = ORIENTED_EDGE('',*,*,#1679,.F.);
#1679 = EDGE_CURVE('',#1680,#1672,#1682,.T.);
#1680 = VERTEX_POINT('',#1681);
#1681 = CARTESIAN_POINT('',(-18.00799942016,6.419000148773,0.E+000));
#1682 = LINE('',#1683,#1684);
#1683 = CARTESIAN_POINT('',(-18.00799942016,6.419000148773,0.E+000));
#1684 = VECTOR('',#1685,1.);
#1685 = DIRECTION('',(0.E+000,0.E+000,1.));
#1686 = ORIENTED_EDGE('',*,*,#1687,.F.);
#1687 = EDGE_CURVE('',#1649,#1680,#1688,.T.);
#1688 = LINE('',#1689,#1690);
#1689 = CARTESIAN_POINT('',(-17.94099998474,6.320000171661,0.E+000));
#1690 = VECTOR('',#1691,1.);
#1691 = DIRECTION('',(-0.560475001975,0.828171342272,0.E+000));
#1692 = PLANE('',#1693);
#1693 = AXIS2_PLACEMENT_3D('',#1694,#1695,#1696);
#1694 = CARTESIAN_POINT('',(-17.94099998474,6.320000171661,0.E+000));
#1695 = DIRECTION('',(-0.828171342272,-0.560475001975,0.E+000));
#1696 = DIRECTION('',(-0.560475001975,0.828171342272,0.E+000));
#1697 = ADVANCED_FACE('',(#1698),#1723,.T.);
#1698 = FACE_BOUND('',#1699,.T.);
#1699 = EDGE_LOOP('',(#1700,#1701,#1709,#1717));
#1700 = ORIENTED_EDGE('',*,*,#1679,.T.);
#1701 = ORIENTED_EDGE('',*,*,#1702,.T.);
#1702 = EDGE_CURVE('',#1672,#1703,#1705,.T.);
#1703 = VERTEX_POINT('',#1704);
#1704 = CARTESIAN_POINT('',(-18.10700035095,6.486000061035,1.12268));
#1705 = LINE('',#1706,#1707);
#1706 = CARTESIAN_POINT('',(-18.00799942016,6.419000148773,1.12268));
#1707 = VECTOR('',#1708,1.);
#1708 = DIRECTION('',(-0.828171996828,0.560474034786,0.E+000));
#1709 = ORIENTED_EDGE('',*,*,#1710,.F.);
#1710 = EDGE_CURVE('',#1711,#1703,#1713,.T.);
#1711 = VERTEX_POINT('',#1712);
#1712 = CARTESIAN_POINT('',(-18.10700035095,6.486000061035,0.E+000));
#1713 = LINE('',#1714,#1715);
#1714 = CARTESIAN_POINT('',(-18.10700035095,6.486000061035,0.E+000));
#1715 = VECTOR('',#1716,1.);
#1716 = DIRECTION('',(0.E+000,0.E+000,1.));
#1717 = ORIENTED_EDGE('',*,*,#1718,.F.);
#1718 = EDGE_CURVE('',#1680,#1711,#1719,.T.);
#1719 = LINE('',#1720,#1721);
#1720 = CARTESIAN_POINT('',(-18.00799942016,6.419000148773,0.E+000));
#1721 = VECTOR('',#1722,1.);
#1722 = DIRECTION('',(-0.828171996828,0.560474034786,0.E+000));
#1723 = PLANE('',#1724);
#1724 = AXIS2_PLACEMENT_3D('',#1725,#1726,#1727);
#1725 = CARTESIAN_POINT('',(-18.00799942016,6.419000148773,0.E+000));
#1726 = DIRECTION('',(-0.560474034786,-0.828171996828,0.E+000));
#1727 = DIRECTION('',(-0.828171996828,0.560474034786,0.E+000));
#1728 = ADVANCED_FACE('',(#1729),#1745,.T.);
#1729 = FACE_BOUND('',#1730,.T.);
#1730 = EDGE_LOOP('',(#1731,#1732,#1738,#1739));
#1731 = ORIENTED_EDGE('',*,*,#1710,.T.);
#1732 = ORIENTED_EDGE('',*,*,#1733,.T.);
#1733 = EDGE_CURVE('',#1703,#1106,#1734,.T.);
#1734 = LINE('',#1735,#1736);
#1735 = CARTESIAN_POINT('',(-18.10700035095,6.486000061035,1.12268));
#1736 = VECTOR('',#1737,1.);
#1737 = DIRECTION('',(-0.981221042187,0.192886667165,0.E+000));
#1738 = ORIENTED_EDGE('',*,*,#1103,.F.);
#1739 = ORIENTED_EDGE('',*,*,#1740,.F.);
#1740 = EDGE_CURVE('',#1711,#1104,#1741,.T.);
#1741 = LINE('',#1742,#1743);
#1742 = CARTESIAN_POINT('',(-18.10700035095,6.486000061035,0.E+000));
#1743 = VECTOR('',#1744,1.);
#1744 = DIRECTION('',(-0.981221042187,0.192886667165,0.E+000));
#1745 = PLANE('',#1746);
#1746 = AXIS2_PLACEMENT_3D('',#1747,#1748,#1749);
#1747 = CARTESIAN_POINT('',(-18.10700035095,6.486000061035,0.E+000));
#1748 = DIRECTION('',(-0.192886667165,-0.981221042187,0.E+000));
#1749 = DIRECTION('',(-0.981221042187,0.192886667165,0.E+000));
#1750 = ADVANCED_FACE('',(#1751),#1778,.F.);
#1751 = FACE_BOUND('',#1752,.T.);
#1752 = EDGE_LOOP('',(#1753,#1763,#1770,#1771));
#1753 = ORIENTED_EDGE('',*,*,#1754,.T.);
#1754 = EDGE_CURVE('',#1755,#1757,#1759,.T.);
#1755 = VERTEX_POINT('',#1756);
#1756 = CARTESIAN_POINT('',(-23.604601,13.9192,0.E+000));
#1757 = VERTEX_POINT('',#1758);
#1758 = CARTESIAN_POINT('',(-23.604601,13.9192,1.12268));
#1759 = LINE('',#1760,#1761);
#1760 = CARTESIAN_POINT('',(-23.604601,13.9192,0.E+000));
#1761 = VECTOR('',#1762,1.);
#1762 = DIRECTION('',(0.E+000,0.E+000,1.));
#1763 = ORIENTED_EDGE('',*,*,#1764,.T.);
#1764 = EDGE_CURVE('',#1757,#1757,#1765,.T.);
#1765 = CIRCLE('',#1766,0.499999);
#1766 = AXIS2_PLACEMENT_3D('',#1767,#1768,#1769);
#1767 = CARTESIAN_POINT('',(-24.1046,13.9192,1.12268));
#1768 = DIRECTION('',(0.E+000,0.E+000,1.));
#1769 = DIRECTION('',(1.,0.E+000,-0.E+000));
#1770 = ORIENTED_EDGE('',*,*,#1754,.F.);
#1771 = ORIENTED_EDGE('',*,*,#1772,.F.);
#1772 = EDGE_CURVE('',#1755,#1755,#1773,.T.);
#1773 = CIRCLE('',#1774,0.499999);
#1774 = AXIS2_PLACEMENT_3D('',#1775,#1776,#1777);
#1775 = CARTESIAN_POINT('',(-24.1046,13.9192,0.E+000));
#1776 = DIRECTION('',(0.E+000,0.E+000,1.));
#1777 = DIRECTION('',(1.,0.E+000,-0.E+000));
#1778 = CYLINDRICAL_SURFACE('',#1779,0.499999);
#1779 = AXIS2_PLACEMENT_3D('',#1780,#1781,#1782);
#1780 = CARTESIAN_POINT('',(-24.1046,13.9192,0.E+000));
#1781 = DIRECTION('',(-0.E+000,-0.E+000,-1.));
#1782 = DIRECTION('',(1.,0.E+000,-0.E+000));
#1783 = ADVANCED_FACE('',(#1784),#1811,.F.);
#1784 = FACE_BOUND('',#1785,.T.);
#1785 = EDGE_LOOP('',(#1786,#1796,#1803,#1804));
#1786 = ORIENTED_EDGE('',*,*,#1787,.T.);
#1787 = EDGE_CURVE('',#1788,#1790,#1792,.T.);
#1788 = VERTEX_POINT('',#1789);
#1789 = CARTESIAN_POINT('',(-23.604601,11.3792,0.E+000));
#1790 = VERTEX_POINT('',#1791);
#1791 = CARTESIAN_POINT('',(-23.604601,11.3792,1.12268));
#1792 = LINE('',#1793,#1794);
#1793 = CARTESIAN_POINT('',(-23.604601,11.3792,0.E+000));
#1794 = VECTOR('',#1795,1.);
#1795 = DIRECTION('',(0.E+000,0.E+000,1.));
#1796 = ORIENTED_EDGE('',*,*,#1797,.T.);
#1797 = EDGE_CURVE('',#1790,#1790,#1798,.T.);
#1798 = CIRCLE('',#1799,0.499999);
#1799 = AXIS2_PLACEMENT_3D('',#1800,#1801,#1802);
#1800 = CARTESIAN_POINT('',(-24.1046,11.3792,1.12268));
#1801 = DIRECTION('',(0.E+000,0.E+000,1.));
#1802 = DIRECTION('',(1.,0.E+000,-0.E+000));
#1803 = ORIENTED_EDGE('',*,*,#1787,.F.);
#1804 = ORIENTED_EDGE('',*,*,#1805,.F.);
#1805 = EDGE_CURVE('',#1788,#1788,#1806,.T.);
#1806 = CIRCLE('',#1807,0.499999);
#1807 = AXIS2_PLACEMENT_3D('',#1808,#1809,#1810);
#1808 = CARTESIAN_POINT('',(-24.1046,11.3792,0.E+000));
#1809 = DIRECTION('',(0.E+000,0.E+000,1.));
#1810 = DIRECTION('',(1.,0.E+000,-0.E+000));
#1811 = CYLINDRICAL_SURFACE('',#1812,0.499999);
#1812 = AXIS2_PLACEMENT_3D('',#1813,#1814,#1815);
#1813 = CARTESIAN_POINT('',(-24.1046,11.3792,0.E+000));
#1814 = DIRECTION('',(-0.E+000,-0.E+000,-1.));
#1815 = DIRECTION('',(1.,0.E+000,-0.E+000));
#1816 = ADVANCED_FACE('',(#1817),#1844,.F.);
#1817 = FACE_BOUND('',#1818,.T.);
#1818 = EDGE_LOOP('',(#1819,#1829,#1836,#1837));
#1819 = ORIENTED_EDGE('',*,*,#1820,.T.);
#1820 = EDGE_CURVE('',#1821,#1823,#1825,.T.);
#1821 = VERTEX_POINT('',#1822);
#1822 = CARTESIAN_POINT('',(-23.604601,21.5392,0.E+000));
#1823 = VERTEX_POINT('',#1824);
#1824 = CARTESIAN_POINT('',(-23.604601,21.5392,1.12268));
#1825 = LINE('',#1826,#1827);
#1826 = CARTESIAN_POINT('',(-23.604601,21.5392,0.E+000));
#1827 = VECTOR('',#1828,1.);
#1828 = DIRECTION('',(0.E+000,0.E+000,1.));
#1829 = ORIENTED_EDGE('',*,*,#1830,.T.);
#1830 = EDGE_CURVE('',#1823,#1823,#1831,.T.);
#1831 = CIRCLE('',#1832,0.499999);
#1832 = AXIS2_PLACEMENT_3D('',#1833,#1834,#1835);
#1833 = CARTESIAN_POINT('',(-24.1046,21.5392,1.12268));
#1834 = DIRECTION('',(0.E+000,0.E+000,1.));
#1835 = DIRECTION('',(1.,0.E+000,-0.E+000));
#1836 = ORIENTED_EDGE('',*,*,#1820,.F.);
#1837 = ORIENTED_EDGE('',*,*,#1838,.F.);
#1838 = EDGE_CURVE('',#1821,#1821,#1839,.T.);
#1839 = CIRCLE('',#1840,0.499999);
#1840 = AXIS2_PLACEMENT_3D('',#1841,#1842,#1843);
#1841 = CARTESIAN_POINT('',(-24.1046,21.5392,0.E+000));
#1842 = DIRECTION('',(0.E+000,0.E+000,1.));
#1843 = DIRECTION('',(1.,0.E+000,-0.E+000));
#1844 = CYLINDRICAL_SURFACE('',#1845,0.499999);
#1845 = AXIS2_PLACEMENT_3D('',#1846,#1847,#1848);
#1846 = CARTESIAN_POINT('',(-24.1046,21.5392,0.E+000));
#1847 = DIRECTION('',(-0.E+000,-0.E+000,-1.));
#1848 = DIRECTION('',(1.,0.E+000,-0.E+000));
#1849 = ADVANCED_FACE('',(#1850),#1877,.F.);
#1850 = FACE_BOUND('',#1851,.T.);
#1851 = EDGE_LOOP('',(#1852,#1862,#1869,#1870));
#1852 = ORIENTED_EDGE('',*,*,#1853,.T.);
#1853 = EDGE_CURVE('',#1854,#1856,#1858,.T.);
#1854 = VERTEX_POINT('',#1855);
#1855 = CARTESIAN_POINT('',(-23.604601,18.9992,0.E+000));
#1856 = VERTEX_POINT('',#1857);
#1857 = CARTESIAN_POINT('',(-23.604601,18.9992,1.12268));
#1858 = LINE('',#1859,#1860);
#1859 = CARTESIAN_POINT('',(-23.604601,18.9992,0.E+000));
#1860 = VECTOR('',#1861,1.);
#1861 = DIRECTION('',(0.E+000,0.E+000,1.));
#1862 = ORIENTED_EDGE('',*,*,#1863,.T.);
#1863 = EDGE_CURVE('',#1856,#1856,#1864,.T.);
#1864 = CIRCLE('',#1865,0.499999);
#1865 = AXIS2_PLACEMENT_3D('',#1866,#1867,#1868);
#1866 = CARTESIAN_POINT('',(-24.1046,18.9992,1.12268));
#1867 = DIRECTION('',(0.E+000,0.E+000,1.));
#1868 = DIRECTION('',(1.,0.E+000,-0.E+000));
#1869 = ORIENTED_EDGE('',*,*,#1853,.F.);
#1870 = ORIENTED_EDGE('',*,*,#1871,.F.);
#1871 = EDGE_CURVE('',#1854,#1854,#1872,.T.);
#1872 = CIRCLE('',#1873,0.499999);
#1873 = AXIS2_PLACEMENT_3D('',#1874,#1875,#1876);
#1874 = CARTESIAN_POINT('',(-24.1046,18.9992,0.E+000));
#1875 = DIRECTION('',(0.E+000,0.E+000,1.));
#1876 = DIRECTION('',(1.,0.E+000,-0.E+000));
#1877 = CYLINDRICAL_SURFACE('',#1878,0.499999);
#1878 = AXIS2_PLACEMENT_3D('',#1879,#1880,#1881);
#1879 = CARTESIAN_POINT('',(-24.1046,18.9992,0.E+000));
#1880 = DIRECTION('',(-0.E+000,-0.E+000,-1.));
#1881 = DIRECTION('',(1.,0.E+000,-0.E+000));
#1882 = ADVANCED_FACE('',(#1883),#1910,.F.);
#1883 = FACE_BOUND('',#1884,.T.);
#1884 = EDGE_LOOP('',(#1885,#1895,#1902,#1903));
#1885 = ORIENTED_EDGE('',*,*,#1886,.T.);
#1886 = EDGE_CURVE('',#1887,#1889,#1891,.T.);
#1887 = VERTEX_POINT('',#1888);
#1888 = CARTESIAN_POINT('',(-23.604601,26.6192,0.E+000));
#1889 = VERTEX_POINT('',#1890);
#1890 = CARTESIAN_POINT('',(-23.604601,26.6192,1.12268));
#1891 = LINE('',#1892,#1893);
#1892 = CARTESIAN_POINT('',(-23.604601,26.6192,0.E+000));
#1893 = VECTOR('',#1894,1.);
#1894 = DIRECTION('',(0.E+000,0.E+000,1.));
#1895 = ORIENTED_EDGE('',*,*,#1896,.T.);
#1896 = EDGE_CURVE('',#1889,#1889,#1897,.T.);
#1897 = CIRCLE('',#1898,0.499999);
#1898 = AXIS2_PLACEMENT_3D('',#1899,#1900,#1901);
#1899 = CARTESIAN_POINT('',(-24.1046,26.6192,1.12268));
#1900 = DIRECTION('',(0.E+000,0.E+000,1.));
#1901 = DIRECTION('',(1.,0.E+000,-0.E+000));
#1902 = ORIENTED_EDGE('',*,*,#1886,.F.);
#1903 = ORIENTED_EDGE('',*,*,#1904,.F.);
#1904 = EDGE_CURVE('',#1887,#1887,#1905,.T.);
#1905 = CIRCLE('',#1906,0.499999);
#1906 = AXIS2_PLACEMENT_3D('',#1907,#1908,#1909);
#1907 = CARTESIAN_POINT('',(-24.1046,26.6192,0.E+000));
#1908 = DIRECTION('',(0.E+000,0.E+000,1.));
#1909 = DIRECTION('',(1.,0.E+000,-0.E+000));
#1910 = CYLINDRICAL_SURFACE('',#1911,0.499999);
#1911 = AXIS2_PLACEMENT_3D('',#1912,#1913,#1914);
#1912 = CARTESIAN_POINT('',(-24.1046,26.6192,0.E+000));
#1913 = DIRECTION('',(-0.E+000,-0.E+000,-1.));
#1914 = DIRECTION('',(1.,0.E+000,-0.E+000));
#1915 = ADVANCED_FACE('',(#1916),#1943,.F.);
#1916 = FACE_BOUND('',#1917,.T.);
#1917 = EDGE_LOOP('',(#1918,#1928,#1935,#1936));
#1918 = ORIENTED_EDGE('',*,*,#1919,.T.);
#1919 = EDGE_CURVE('',#1920,#1922,#1924,.T.);
#1920 = VERTEX_POINT('',#1921);
#1921 = CARTESIAN_POINT('',(-23.604601,24.0792,0.E+000));
#1922 = VERTEX_POINT('',#1923);
#1923 = CARTESIAN_POINT('',(-23.604601,24.0792,1.12268));
#1924 = LINE('',#1925,#1926);
#1925 = CARTESIAN_POINT('',(-23.604601,24.0792,0.E+000));
#1926 = VECTOR('',#1927,1.);
#1927 = DIRECTION('',(0.E+000,0.E+000,1.));
#1928 = ORIENTED_EDGE('',*,*,#1929,.T.);
#1929 = EDGE_CURVE('',#1922,#1922,#1930,.T.);
#1930 = CIRCLE('',#1931,0.499999);
#1931 = AXIS2_PLACEMENT_3D('',#1932,#1933,#1934);
#1932 = CARTESIAN_POINT('',(-24.1046,24.0792,1.12268));
#1933 = DIRECTION('',(0.E+000,0.E+000,1.));
#1934 = DIRECTION('',(1.,0.E+000,-0.E+000));
#1935 = ORIENTED_EDGE('',*,*,#1919,.F.);
#1936 = ORIENTED_EDGE('',*,*,#1937,.F.);
#1937 = EDGE_CURVE('',#1920,#1920,#1938,.T.);
#1938 = CIRCLE('',#1939,0.499999);
#1939 = AXIS2_PLACEMENT_3D('',#1940,#1941,#1942);
#1940 = CARTESIAN_POINT('',(-24.1046,24.0792,0.E+000));
#1941 = DIRECTION('',(0.E+000,0.E+000,1.));
#1942 = DIRECTION('',(1.,0.E+000,-0.E+000));
#1943 = CYLINDRICAL_SURFACE('',#1944,0.499999);
#1944 = AXIS2_PLACEMENT_3D('',#1945,#1946,#1947);
#1945 = CARTESIAN_POINT('',(-24.1046,24.0792,0.E+000));
#1946 = DIRECTION('',(-0.E+000,-0.E+000,-1.));
#1947 = DIRECTION('',(1.,0.E+000,-0.E+000));
#1948 = ADVANCED_FACE('',(#1949),#1976,.F.);
#1949 = FACE_BOUND('',#1950,.T.);
#1950 = EDGE_LOOP('',(#1951,#1961,#1968,#1969));
#1951 = ORIENTED_EDGE('',*,*,#1952,.T.);
#1952 = EDGE_CURVE('',#1953,#1955,#1957,.T.);
#1953 = VERTEX_POINT('',#1954);
#1954 = CARTESIAN_POINT('',(-23.604601,31.6992,0.E+000));
#1955 = VERTEX_POINT('',#1956);
#1956 = CARTESIAN_POINT('',(-23.604601,31.6992,1.12268));
#1957 = LINE('',#1958,#1959);
#1958 = CARTESIAN_POINT('',(-23.604601,31.6992,0.E+000));
#1959 = VECTOR('',#1960,1.);
#1960 = DIRECTION('',(0.E+000,0.E+000,1.));
#1961 = ORIENTED_EDGE('',*,*,#1962,.T.);
#1962 = EDGE_CURVE('',#1955,#1955,#1963,.T.);
#1963 = CIRCLE('',#1964,0.499999);
#1964 = AXIS2_PLACEMENT_3D('',#1965,#1966,#1967);
#1965 = CARTESIAN_POINT('',(-24.1046,31.6992,1.12268));
#1966 = DIRECTION('',(0.E+000,0.E+000,1.));
#1967 = DIRECTION('',(1.,0.E+000,-0.E+000));
#1968 = ORIENTED_EDGE('',*,*,#1952,.F.);
#1969 = ORIENTED_EDGE('',*,*,#1970,.F.);
#1970 = EDGE_CURVE('',#1953,#1953,#1971,.T.);
#1971 = CIRCLE('',#1972,0.499999);
#1972 = AXIS2_PLACEMENT_3D('',#1973,#1974,#1975);
#1973 = CARTESIAN_POINT('',(-24.1046,31.6992,0.E+000));
#1974 = DIRECTION('',(0.E+000,0.E+000,1.));
#1975 = DIRECTION('',(1.,0.E+000,-0.E+000));
#1976 = CYLINDRICAL_SURFACE('',#1977,0.499999);
#1977 = AXIS2_PLACEMENT_3D('',#1978,#1979,#1980);
#1978 = CARTESIAN_POINT('',(-24.1046,31.6992,0.E+000));
#1979 = DIRECTION('',(-0.E+000,-0.E+000,-1.));
#1980 = DIRECTION('',(1.,0.E+000,-0.E+000));
#1981 = ADVANCED_FACE('',(#1982),#2009,.F.);
#1982 = FACE_BOUND('',#1983,.T.);
#1983 = EDGE_LOOP('',(#1984,#1994,#2001,#2002));
#1984 = ORIENTED_EDGE('',*,*,#1985,.T.);
#1985 = EDGE_CURVE('',#1986,#1988,#1990,.T.);
#1986 = VERTEX_POINT('',#1987);
#1987 = CARTESIAN_POINT('',(-23.604601,29.1592,0.E+000));
#1988 = VERTEX_POINT('',#1989);
#1989 = CARTESIAN_POINT('',(-23.604601,29.1592,1.12268));
#1990 = LINE('',#1991,#1992);
#1991 = CARTESIAN_POINT('',(-23.604601,29.1592,0.E+000));
#1992 = VECTOR('',#1993,1.);
#1993 = DIRECTION('',(0.E+000,0.E+000,1.));
#1994 = ORIENTED_EDGE('',*,*,#1995,.T.);
#1995 = EDGE_CURVE('',#1988,#1988,#1996,.T.);
#1996 = CIRCLE('',#1997,0.499999);
#1997 = AXIS2_PLACEMENT_3D('',#1998,#1999,#2000);
#1998 = CARTESIAN_POINT('',(-24.1046,29.1592,1.12268));
#1999 = DIRECTION('',(0.E+000,0.E+000,1.));
#2000 = DIRECTION('',(1.,0.E+000,-0.E+000));
#2001 = ORIENTED_EDGE('',*,*,#1985,.F.);
#2002 = ORIENTED_EDGE('',*,*,#2003,.F.);
#2003 = EDGE_CURVE('',#1986,#1986,#2004,.T.);
#2004 = CIRCLE('',#2005,0.499999);
#2005 = AXIS2_PLACEMENT_3D('',#2006,#2007,#2008);
#2006 = CARTESIAN_POINT('',(-24.1046,29.1592,0.E+000));
#2007 = DIRECTION('',(0.E+000,0.E+000,1.));
#2008 = DIRECTION('',(1.,0.E+000,-0.E+000));
#2009 = CYLINDRICAL_SURFACE('',#2010,0.499999);
#2010 = AXIS2_PLACEMENT_3D('',#2011,#2012,#2013);
#2011 = CARTESIAN_POINT('',(-24.1046,29.1592,0.E+000));
#2012 = DIRECTION('',(-0.E+000,-0.E+000,-1.));
#2013 = DIRECTION('',(1.,0.E+000,-0.E+000));
#2014 = ADVANCED_FACE('',(#2015),#2042,.F.);
#2015 = FACE_BOUND('',#2016,.T.);
#2016 = EDGE_LOOP('',(#2017,#2027,#2034,#2035));
#2017 = ORIENTED_EDGE('',*,*,#2018,.T.);
#2018 = EDGE_CURVE('',#2019,#2021,#2023,.T.);
#2019 = VERTEX_POINT('',#2020);
#2020 = CARTESIAN_POINT('',(-23.604601,34.2392,0.E+000));
#2021 = VERTEX_POINT('',#2022);
#2022 = CARTESIAN_POINT('',(-23.604601,34.2392,1.12268));
#2023 = LINE('',#2024,#2025);
#2024 = CARTESIAN_POINT('',(-23.604601,34.2392,0.E+000));
#2025 = VECTOR('',#2026,1.);
#2026 = DIRECTION('',(0.E+000,0.E+000,1.));
#2027 = ORIENTED_EDGE('',*,*,#2028,.T.);
#2028 = EDGE_CURVE('',#2021,#2021,#2029,.T.);
#2029 = CIRCLE('',#2030,0.499999);
#2030 = AXIS2_PLACEMENT_3D('',#2031,#2032,#2033);
#2031 = CARTESIAN_POINT('',(-24.1046,34.2392,1.12268));
#2032 = DIRECTION('',(0.E+000,0.E+000,1.));
#2033 = DIRECTION('',(1.,0.E+000,-0.E+000));
#2034 = ORIENTED_EDGE('',*,*,#2018,.F.);
#2035 = ORIENTED_EDGE('',*,*,#2036,.F.);
#2036 = EDGE_CURVE('',#2019,#2019,#2037,.T.);
#2037 = CIRCLE('',#2038,0.499999);
#2038 = AXIS2_PLACEMENT_3D('',#2039,#2040,#2041);
#2039 = CARTESIAN_POINT('',(-24.1046,34.2392,0.E+000));
#2040 = DIRECTION('',(0.E+000,0.E+000,1.));
#2041 = DIRECTION('',(1.,0.E+000,-0.E+000));
#2042 = CYLINDRICAL_SURFACE('',#2043,0.499999);
#2043 = AXIS2_PLACEMENT_3D('',#2044,#2045,#2046);
#2044 = CARTESIAN_POINT('',(-24.1046,34.2392,0.E+000));
#2045 = DIRECTION('',(-0.E+000,-0.E+000,-1.));
#2046 = DIRECTION('',(1.,0.E+000,-0.E+000));
#2047 = ADVANCED_FACE('',(#2048),#2075,.F.);
#2048 = FACE_BOUND('',#2049,.T.);
#2049 = EDGE_LOOP('',(#2050,#2060,#2067,#2068));
#2050 = ORIENTED_EDGE('',*,*,#2051,.T.);
#2051 = EDGE_CURVE('',#2052,#2054,#2056,.T.);
#2052 = VERTEX_POINT('',#2053);
#2053 = CARTESIAN_POINT('',(-23.4259882,37.5158,0.E+000));
#2054 = VERTEX_POINT('',#2055);
#2055 = CARTESIAN_POINT('',(-23.4259882,37.5158,1.12268));
#2056 = LINE('',#2057,#2058);
#2057 = CARTESIAN_POINT('',(-23.4259882,37.5158,0.E+000));
#2058 = VECTOR('',#2059,1.);
#2059 = DIRECTION('',(0.E+000,0.E+000,1.));
#2060 = ORIENTED_EDGE('',*,*,#2061,.T.);
#2061 = EDGE_CURVE('',#2054,#2054,#2062,.T.);
#2062 = CIRCLE('',#2063,0.4500118);
#2063 = AXIS2_PLACEMENT_3D('',#2064,#2065,#2066);
#2064 = CARTESIAN_POINT('',(-23.876,37.5158,1.12268));
#2065 = DIRECTION('',(0.E+000,0.E+000,1.));
#2066 = DIRECTION('',(1.,0.E+000,-0.E+000));
#2067 = ORIENTED_EDGE('',*,*,#2051,.F.);
#2068 = ORIENTED_EDGE('',*,*,#2069,.F.);
#2069 = EDGE_CURVE('',#2052,#2052,#2070,.T.);
#2070 = CIRCLE('',#2071,0.4500118);
#2071 = AXIS2_PLACEMENT_3D('',#2072,#2073,#2074);
#2072 = CARTESIAN_POINT('',(-23.876,37.5158,0.E+000));
#2073 = DIRECTION('',(0.E+000,0.E+000,1.));
#2074 = DIRECTION('',(1.,0.E+000,-0.E+000));
#2075 = CYLINDRICAL_SURFACE('',#2076,0.4500118);
#2076 = AXIS2_PLACEMENT_3D('',#2077,#2078,#2079);
#2077 = CARTESIAN_POINT('',(-23.876,37.5158,0.E+000));
#2078 = DIRECTION('',(-0.E+000,-0.E+000,-1.));
#2079 = DIRECTION('',(1.,0.E+000,-0.E+000));
#2080 = ADVANCED_FACE('',(#2081),#2108,.F.);
#2081 = FACE_BOUND('',#2082,.T.);
#2082 = EDGE_LOOP('',(#2083,#2093,#2100,#2101));
#2083 = ORIENTED_EDGE('',*,*,#2084,.T.);
#2084 = EDGE_CURVE('',#2085,#2087,#2089,.T.);
#2085 = VERTEX_POINT('',#2086);
#2086 = CARTESIAN_POINT('',(-23.4259882,39.2176,0.E+000));
#2087 = VERTEX_POINT('',#2088);
#2088 = CARTESIAN_POINT('',(-23.4259882,39.2176,1.12268));
#2089 = LINE('',#2090,#2091);
#2090 = CARTESIAN_POINT('',(-23.4259882,39.2176,0.E+000));
#2091 = VECTOR('',#2092,1.);
#2092 = DIRECTION('',(0.E+000,0.E+000,1.));
#2093 = ORIENTED_EDGE('',*,*,#2094,.T.);
#2094 = EDGE_CURVE('',#2087,#2087,#2095,.T.);
#2095 = CIRCLE('',#2096,0.4500118);
#2096 = AXIS2_PLACEMENT_3D('',#2097,#2098,#2099);
#2097 = CARTESIAN_POINT('',(-23.876,39.2176,1.12268));
#2098 = DIRECTION('',(0.E+000,0.E+000,1.));
#2099 = DIRECTION('',(1.,0.E+000,-0.E+000));
#2100 = ORIENTED_EDGE('',*,*,#2084,.F.);
#2101 = ORIENTED_EDGE('',*,*,#2102,.F.);
#2102 = EDGE_CURVE('',#2085,#2085,#2103,.T.);
#2103 = CIRCLE('',#2104,0.4500118);
#2104 = AXIS2_PLACEMENT_3D('',#2105,#2106,#2107);
#2105 = CARTESIAN_POINT('',(-23.876,39.2176,0.E+000));
#2106 = DIRECTION('',(0.E+000,0.E+000,1.));
#2107 = DIRECTION('',(1.,0.E+000,-0.E+000));
#2108 = CYLINDRICAL_SURFACE('',#2109,0.4500118);
#2109 = AXIS2_PLACEMENT_3D('',#2110,#2111,#2112);
#2110 = CARTESIAN_POINT('',(-23.876,39.2176,0.E+000));
#2111 = DIRECTION('',(-0.E+000,-0.E+000,-1.));
#2112 = DIRECTION('',(1.,0.E+000,-0.E+000));
#2113 = ADVANCED_FACE('',(#2114),#2148,.T.);
#2114 = FACE_BOUND('',#2115,.T.);
#2115 = EDGE_LOOP('',(#2116,#2126,#2134,#2142));
#2116 = ORIENTED_EDGE('',*,*,#2117,.T.);
#2117 = EDGE_CURVE('',#2118,#2120,#2122,.T.);
#2118 = VERTEX_POINT('',#2119);
#2119 = CARTESIAN_POINT('',(-6.79881292,1.11818928,0.E+000));
#2120 = VERTEX_POINT('',#2121);
#2121 = CARTESIAN_POINT('',(-6.79881292,1.11818928,1.12268));
#2122 = LINE('',#2123,#2124);
#2123 = CARTESIAN_POINT('',(-6.79881292,1.11818928,0.E+000));
#2124 = VECTOR('',#2125,1.);
#2125 = DIRECTION('',(0.E+000,0.E+000,1.));
#2126 = ORIENTED_EDGE('',*,*,#2127,.T.);
#2127 = EDGE_CURVE('',#2120,#2128,#2130,.T.);
#2128 = VERTEX_POINT('',#2129);
#2129 = CARTESIAN_POINT('',(-6.79881292,2.06818992,1.12268));
#2130 = LINE('',#2131,#2132);
#2131 = CARTESIAN_POINT('',(-6.79881292,1.11818928,1.12268));
#2132 = VECTOR('',#2133,1.);
#2133 = DIRECTION('',(0.E+000,1.,0.E+000));
#2134 = ORIENTED_EDGE('',*,*,#2135,.F.);
#2135 = EDGE_CURVE('',#2136,#2128,#2138,.T.);
#2136 = VERTEX_POINT('',#2137);
#2137 = CARTESIAN_POINT('',(-6.79881292,2.06818992,0.E+000));
#2138 = LINE('',#2139,#2140);
#2139 = CARTESIAN_POINT('',(-6.79881292,2.06818992,0.E+000));
#2140 = VECTOR('',#2141,1.);
#2141 = DIRECTION('',(0.E+000,0.E+000,1.));
#2142 = ORIENTED_EDGE('',*,*,#2143,.F.);
#2143 = EDGE_CURVE('',#2118,#2136,#2144,.T.);
#2144 = LINE('',#2145,#2146);
#2145 = CARTESIAN_POINT('',(-6.79881292,1.11818928,0.E+000));
#2146 = VECTOR('',#2147,1.);
#2147 = DIRECTION('',(0.E+000,1.,0.E+000));
#2148 = PLANE('',#2149);
#2149 = AXIS2_PLACEMENT_3D('',#2150,#2151,#2152);
#2150 = CARTESIAN_POINT('',(-6.79881292,1.11818928,0.E+000));
#2151 = DIRECTION('',(-1.,0.E+000,0.E+000));
#2152 = DIRECTION('',(0.E+000,1.,0.E+000));
#2153 = ADVANCED_FACE('',(#2154),#2181,.F.);
#2154 = FACE_BOUND('',#2155,.T.);
#2155 = EDGE_LOOP('',(#2156,#2157,#2166,#2174));
#2156 = ORIENTED_EDGE('',*,*,#2135,.T.);
#2157 = ORIENTED_EDGE('',*,*,#2158,.T.);
#2158 = EDGE_CURVE('',#2128,#2159,#2161,.T.);
#2159 = VERTEX_POINT('',#2160);
#2160 = CARTESIAN_POINT('',(-7.24880948,2.06818992,1.12268));
#2161 = CIRCLE('',#2162,0.22499828);
#2162 = AXIS2_PLACEMENT_3D('',#2163,#2164,#2165);
#2163 = CARTESIAN_POINT('',(-7.0238112,2.06818992,1.12268));
#2164 = DIRECTION('',(0.E+000,0.E+000,1.));
#2165 = DIRECTION('',(1.,-3.157991855583E-014,0.E+000));
#2166 = ORIENTED_EDGE('',*,*,#2167,.F.);
#2167 = EDGE_CURVE('',#2168,#2159,#2170,.T.);
#2168 = VERTEX_POINT('',#2169);
#2169 = CARTESIAN_POINT('',(-7.24880948,2.06818992,0.E+000));
#2170 = LINE('',#2171,#2172);
#2171 = CARTESIAN_POINT('',(-7.24880948,2.06818992,0.E+000));
#2172 = VECTOR('',#2173,1.);
#2173 = DIRECTION('',(0.E+000,0.E+000,1.));
#2174 = ORIENTED_EDGE('',*,*,#2175,.F.);
#2175 = EDGE_CURVE('',#2136,#2168,#2176,.T.);
#2176 = CIRCLE('',#2177,0.22499828);
#2177 = AXIS2_PLACEMENT_3D('',#2178,#2179,#2180);
#2178 = CARTESIAN_POINT('',(-7.0238112,2.06818992,0.E+000));
#2179 = DIRECTION('',(0.E+000,0.E+000,1.));
#2180 = DIRECTION('',(1.,-3.157991855583E-014,0.E+000));
#2181 = CYLINDRICAL_SURFACE('',#2182,0.22499828);
#2182 = AXIS2_PLACEMENT_3D('',#2183,#2184,#2185);
#2183 = CARTESIAN_POINT('',(-7.0238112,2.06818992,0.E+000));
#2184 = DIRECTION('',(-0.E+000,-0.E+000,-1.));
#2185 = DIRECTION('',(1.,-3.157991855583E-014,0.E+000));
#2186 = ADVANCED_FACE('',(#2187),#2212,.T.);
#2187 = FACE_BOUND('',#2188,.T.);
#2188 = EDGE_LOOP('',(#2189,#2190,#2198,#2206));
#2189 = ORIENTED_EDGE('',*,*,#2167,.T.);
#2190 = ORIENTED_EDGE('',*,*,#2191,.T.);
#2191 = EDGE_CURVE('',#2159,#2192,#2194,.T.);
#2192 = VERTEX_POINT('',#2193);
#2193 = CARTESIAN_POINT('',(-7.24880948,1.11818928,1.12268));
#2194 = LINE('',#2195,#2196);
#2195 = CARTESIAN_POINT('',(-7.24880948,2.06818992,1.12268));
#2196 = VECTOR('',#2197,1.);
#2197 = DIRECTION('',(0.E+000,-1.,0.E+000));
#2198 = ORIENTED_EDGE('',*,*,#2199,.F.);
#2199 = EDGE_CURVE('',#2200,#2192,#2202,.T.);
#2200 = VERTEX_POINT('',#2201);
#2201 = CARTESIAN_POINT('',(-7.24880948,1.11818928,0.E+000));
#2202 = LINE('',#2203,#2204);
#2203 = CARTESIAN_POINT('',(-7.24880948,1.11818928,0.E+000));
#2204 = VECTOR('',#2205,1.);
#2205 = DIRECTION('',(0.E+000,0.E+000,1.));
#2206 = ORIENTED_EDGE('',*,*,#2207,.F.);
#2207 = EDGE_CURVE('',#2168,#2200,#2208,.T.);
#2208 = LINE('',#2209,#2210);
#2209 = CARTESIAN_POINT('',(-7.24880948,2.06818992,0.E+000));
#2210 = VECTOR('',#2211,1.);
#2211 = DIRECTION('',(0.E+000,-1.,0.E+000));
#2212 = PLANE('',#2213);
#2213 = AXIS2_PLACEMENT_3D('',#2214,#2215,#2216);
#2214 = CARTESIAN_POINT('',(-7.24880948,2.06818992,0.E+000));
#2215 = DIRECTION('',(1.,0.E+000,-0.E+000));
#2216 = DIRECTION('',(0.E+000,-1.,0.E+000));
#2217 = ADVANCED_FACE('',(#2218),#2236,.F.);
#2218 = FACE_BOUND('',#2219,.T.);
#2219 = EDGE_LOOP('',(#2220,#2221,#2228,#2229));
#2220 = ORIENTED_EDGE('',*,*,#2199,.T.);
#2221 = ORIENTED_EDGE('',*,*,#2222,.T.);
#2222 = EDGE_CURVE('',#2192,#2120,#2223,.T.);
#2223 = CIRCLE('',#2224,0.22499828);
#2224 = AXIS2_PLACEMENT_3D('',#2225,#2226,#2227);
#2225 = CARTESIAN_POINT('',(-7.0238112,1.11818928,1.12268));
#2226 = DIRECTION('',(0.E+000,0.E+000,1.));
#2227 = DIRECTION('',(-1.,3.157991855583E-014,-0.E+000));
#2228 = ORIENTED_EDGE('',*,*,#2117,.F.);
#2229 = ORIENTED_EDGE('',*,*,#2230,.F.);
#2230 = EDGE_CURVE('',#2200,#2118,#2231,.T.);
#2231 = CIRCLE('',#2232,0.22499828);
#2232 = AXIS2_PLACEMENT_3D('',#2233,#2234,#2235);
#2233 = CARTESIAN_POINT('',(-7.0238112,1.11818928,0.E+000));
#2234 = DIRECTION('',(0.E+000,0.E+000,1.));
#2235 = DIRECTION('',(-1.,3.157991855583E-014,-0.E+000));
#2236 = CYLINDRICAL_SURFACE('',#2237,0.22499828);
#2237 = AXIS2_PLACEMENT_3D('',#2238,#2239,#2240);
#2238 = CARTESIAN_POINT('',(-7.0238112,1.11818928,0.E+000));
#2239 = DIRECTION('',(-0.E+000,-0.E+000,-1.));
#2240 = DIRECTION('',(-1.,3.157991855583E-014,-0.E+000));
#2241 = ADVANCED_FACE('',(#2242),#2269,.F.);
#2242 = FACE_BOUND('',#2243,.T.);
#2243 = EDGE_LOOP('',(#2244,#2254,#2261,#2262));
#2244 = ORIENTED_EDGE('',*,*,#2245,.T.);
#2245 = EDGE_CURVE('',#2246,#2248,#2250,.T.);
#2246 = VERTEX_POINT('',#2247);
#2247 = CARTESIAN_POINT('',(-0.719201,3.7592,0.E+000));
#2248 = VERTEX_POINT('',#2249);
#2249 = CARTESIAN_POINT('',(-0.719201,3.7592,1.12268));
#2250 = LINE('',#2251,#2252);
#2251 = CARTESIAN_POINT('',(-0.719201,3.7592,0.E+000));
#2252 = VECTOR('',#2253,1.);
#2253 = DIRECTION('',(0.E+000,0.E+000,1.));
#2254 = ORIENTED_EDGE('',*,*,#2255,.T.);
#2255 = EDGE_CURVE('',#2248,#2248,#2256,.T.);
#2256 = CIRCLE('',#2257,0.499999);
#2257 = AXIS2_PLACEMENT_3D('',#2258,#2259,#2260);
#2258 = CARTESIAN_POINT('',(-1.2192,3.7592,1.12268));
#2259 = DIRECTION('',(0.E+000,0.E+000,1.));
#2260 = DIRECTION('',(1.,0.E+000,-0.E+000));
#2261 = ORIENTED_EDGE('',*,*,#2245,.F.);
#2262 = ORIENTED_EDGE('',*,*,#2263,.F.);
#2263 = EDGE_CURVE('',#2246,#2246,#2264,.T.);
#2264 = CIRCLE('',#2265,0.499999);
#2265 = AXIS2_PLACEMENT_3D('',#2266,#2267,#2268);
#2266 = CARTESIAN_POINT('',(-1.2192,3.7592,0.E+000));
#2267 = DIRECTION('',(0.E+000,0.E+000,1.));
#2268 = DIRECTION('',(1.,0.E+000,-0.E+000));
#2269 = CYLINDRICAL_SURFACE('',#2270,0.499999);
#2270 = AXIS2_PLACEMENT_3D('',#2271,#2272,#2273);
#2271 = CARTESIAN_POINT('',(-1.2192,3.7592,0.E+000));
#2272 = DIRECTION('',(-0.E+000,-0.E+000,-1.));
#2273 = DIRECTION('',(1.,0.E+000,-0.E+000));
#2274 = ADVANCED_FACE('',(#2275),#2309,.T.);
#2275 = FACE_BOUND('',#2276,.T.);
#2276 = EDGE_LOOP('',(#2277,#2287,#2295,#2303));
#2277 = ORIENTED_EDGE('',*,*,#2278,.T.);
#2278 = EDGE_CURVE('',#2279,#2281,#2283,.T.);
#2279 = VERTEX_POINT('',#2280);
#2280 = CARTESIAN_POINT('',(-7.024000167847,6.508999824524,0.E+000));
#2281 = VERTEX_POINT('',#2282);
#2282 = CARTESIAN_POINT('',(-7.024000167847,6.508999824524,1.12268));
#2283 = LINE('',#2284,#2285);
#2284 = CARTESIAN_POINT('',(-7.024000167847,6.508999824524,0.E+000));
#2285 = VECTOR('',#2286,1.);
#2286 = DIRECTION('',(0.E+000,0.E+000,1.));
#2287 = ORIENTED_EDGE('',*,*,#2288,.T.);
#2288 = EDGE_CURVE('',#2281,#2289,#2291,.T.);
#2289 = VERTEX_POINT('',#2290);
#2290 = CARTESIAN_POINT('',(-7.140999794006,6.486000061035,1.12268));
#2291 = LINE('',#2292,#2293);
#2292 = CARTESIAN_POINT('',(-7.024000167847,6.508999824524,1.12268));
#2293 = VECTOR('',#2294,1.);
#2294 = DIRECTION('',(-0.981220744617,-0.192888180905,0.E+000));
#2295 = ORIENTED_EDGE('',*,*,#2296,.F.);
#2296 = EDGE_CURVE('',#2297,#2289,#2299,.T.);
#2297 = VERTEX_POINT('',#2298);
#2298 = CARTESIAN_POINT('',(-7.140999794006,6.486000061035,0.E+000));
#2299 = LINE('',#2300,#2301);
#2300 = CARTESIAN_POINT('',(-7.140999794006,6.486000061035,0.E+000));
#2301 = VECTOR('',#2302,1.);
#2302 = DIRECTION('',(0.E+000,0.E+000,1.));
#2303 = ORIENTED_EDGE('',*,*,#2304,.F.);
#2304 = EDGE_CURVE('',#2279,#2297,#2305,.T.);
#2305 = LINE('',#2306,#2307);
#2306 = CARTESIAN_POINT('',(-7.024000167847,6.508999824524,0.E+000));
#2307 = VECTOR('',#2308,1.);
#2308 = DIRECTION('',(-0.981220744617,-0.192888180905,0.E+000));
#2309 = PLANE('',#2310);
#2310 = AXIS2_PLACEMENT_3D('',#2311,#2312,#2313);
#2311 = CARTESIAN_POINT('',(-7.024000167847,6.508999824524,0.E+000));
#2312 = DIRECTION('',(0.192888180905,-0.981220744617,0.E+000));
#2313 = DIRECTION('',(-0.981220744617,-0.192888180905,0.E+000));
#2314 = ADVANCED_FACE('',(#2315),#2340,.T.);
#2315 = FACE_BOUND('',#2316,.T.);
#2316 = EDGE_LOOP('',(#2317,#2318,#2326,#2334));
#2317 = ORIENTED_EDGE('',*,*,#2296,.T.);
#2318 = ORIENTED_EDGE('',*,*,#2319,.T.);
#2319 = EDGE_CURVE('',#2289,#2320,#2322,.T.);
#2320 = VERTEX_POINT('',#2321);
#2321 = CARTESIAN_POINT('',(-7.239999771118,6.419000148773,1.12268));
#2322 = LINE('',#2323,#2324);
#2323 = CARTESIAN_POINT('',(-7.140999794006,6.486000061035,1.12268));
#2324 = VECTOR('',#2325,1.);
#2325 = DIRECTION('',(-0.828169490738,-0.560477737837,0.E+000));
#2326 = ORIENTED_EDGE('',*,*,#2327,.F.);
#2327 = EDGE_CURVE('',#2328,#2320,#2330,.T.);
#2328 = VERTEX_POINT('',#2329);
#2329 = CARTESIAN_POINT('',(-7.239999771118,6.419000148773,0.E+000));
#2330 = LINE('',#2331,#2332);
#2331 = CARTESIAN_POINT('',(-7.239999771118,6.419000148773,0.E+000));
#2332 = VECTOR('',#2333,1.);
#2333 = DIRECTION('',(0.E+000,0.E+000,1.));
#2334 = ORIENTED_EDGE('',*,*,#2335,.F.);
#2335 = EDGE_CURVE('',#2297,#2328,#2336,.T.);
#2336 = LINE('',#2337,#2338);
#2337 = CARTESIAN_POINT('',(-7.140999794006,6.486000061035,0.E+000));
#2338 = VECTOR('',#2339,1.);
#2339 = DIRECTION('',(-0.828169490738,-0.560477737837,0.E+000));
#2340 = PLANE('',#2341);
#2341 = AXIS2_PLACEMENT_3D('',#2342,#2343,#2344);
#2342 = CARTESIAN_POINT('',(-7.140999794006,6.486000061035,0.E+000));
#2343 = DIRECTION('',(0.560477737837,-0.828169490738,0.E+000));
#2344 = DIRECTION('',(-0.828169490738,-0.560477737837,0.E+000));
#2345 = ADVANCED_FACE('',(#2346),#2371,.T.);
#2346 = FACE_BOUND('',#2347,.T.);
#2347 = EDGE_LOOP('',(#2348,#2349,#2357,#2365));
#2348 = ORIENTED_EDGE('',*,*,#2327,.T.);
#2349 = ORIENTED_EDGE('',*,*,#2350,.T.);
#2350 = EDGE_CURVE('',#2320,#2351,#2353,.T.);
#2351 = VERTEX_POINT('',#2352);
#2352 = CARTESIAN_POINT('',(-7.306000232697,6.320000171661,1.12268));
#2353 = LINE('',#2354,#2355);
#2354 = CARTESIAN_POINT('',(-7.239999771118,6.419000148773,1.12268));
#2355 = VECTOR('',#2356,1.);
#2356 = DIRECTION('',(-0.55470297071,-0.832048444675,0.E+000));
#2357 = ORIENTED_EDGE('',*,*,#2358,.F.);
#2358 = EDGE_CURVE('',#2359,#2351,#2361,.T.);
#2359 = VERTEX_POINT('',#2360);
#2360 = CARTESIAN_POINT('',(-7.306000232697,6.320000171661,0.E+000));
#2361 = LINE('',#2362,#2363);
#2362 = CARTESIAN_POINT('',(-7.306000232697,6.320000171661,0.E+000));
#2363 = VECTOR('',#2364,1.);
#2364 = DIRECTION('',(0.E+000,0.E+000,1.));
#2365 = ORIENTED_EDGE('',*,*,#2366,.F.);
#2366 = EDGE_CURVE('',#2328,#2359,#2367,.T.);
#2367 = LINE('',#2368,#2369);
#2368 = CARTESIAN_POINT('',(-7.239999771118,6.419000148773,0.E+000));
#2369 = VECTOR('',#2370,1.);
#2370 = DIRECTION('',(-0.55470297071,-0.832048444675,0.E+000));
#2371 = PLANE('',#2372);
#2372 = AXIS2_PLACEMENT_3D('',#2373,#2374,#2375);
#2373 = CARTESIAN_POINT('',(-7.239999771118,6.419000148773,0.E+000));
#2374 = DIRECTION('',(0.832048444675,-0.55470297071,0.E+000));
#2375 = DIRECTION('',(-0.55470297071,-0.832048444675,0.E+000));
#2376 = ADVANCED_FACE('',(#2377),#2402,.T.);
#2377 = FACE_BOUND('',#2378,.T.);
#2378 = EDGE_LOOP('',(#2379,#2380,#2388,#2396));
#2379 = ORIENTED_EDGE('',*,*,#2358,.T.);
#2380 = ORIENTED_EDGE('',*,*,#2381,.T.);
#2381 = EDGE_CURVE('',#2351,#2382,#2384,.T.);
#2382 = VERTEX_POINT('',#2383);
#2383 = CARTESIAN_POINT('',(-7.329999923706,6.203000068665,1.12268));
#2384 = LINE('',#2385,#2386);
#2385 = CARTESIAN_POINT('',(-7.306000232697,6.320000171661,1.12268));
#2386 = VECTOR('',#2387,1.);
#2387 = DIRECTION('',(-0.200941491356,-0.979603244713,0.E+000));
#2388 = ORIENTED_EDGE('',*,*,#2389,.F.);
#2389 = EDGE_CURVE('',#2390,#2382,#2392,.T.);
#2390 = VERTEX_POINT('',#2391);
#2391 = CARTESIAN_POINT('',(-7.329999923706,6.203000068665,0.E+000));
#2392 = LINE('',#2393,#2394);
#2393 = CARTESIAN_POINT('',(-7.329999923706,6.203000068665,0.E+000));
#2394 = VECTOR('',#2395,1.);
#2395 = DIRECTION('',(0.E+000,0.E+000,1.));
#2396 = ORIENTED_EDGE('',*,*,#2397,.F.);
#2397 = EDGE_CURVE('',#2359,#2390,#2398,.T.);
#2398 = LINE('',#2399,#2400);
#2399 = CARTESIAN_POINT('',(-7.306000232697,6.320000171661,0.E+000));
#2400 = VECTOR('',#2401,1.);
#2401 = DIRECTION('',(-0.200941491356,-0.979603244713,0.E+000));
#2402 = PLANE('',#2403);
#2403 = AXIS2_PLACEMENT_3D('',#2404,#2405,#2406);
#2404 = CARTESIAN_POINT('',(-7.306000232697,6.320000171661,0.E+000));
#2405 = DIRECTION('',(0.979603244713,-0.200941491356,0.E+000));
#2406 = DIRECTION('',(-0.200941491356,-0.979603244713,0.E+000));
#2407 = ADVANCED_FACE('',(#2408),#2433,.T.);
#2408 = FACE_BOUND('',#2409,.T.);
#2409 = EDGE_LOOP('',(#2410,#2411,#2419,#2427));
#2410 = ORIENTED_EDGE('',*,*,#2389,.T.);
#2411 = ORIENTED_EDGE('',*,*,#2412,.T.);
#2412 = EDGE_CURVE('',#2382,#2413,#2415,.T.);
#2413 = VERTEX_POINT('',#2414);
#2414 = CARTESIAN_POINT('',(-7.329999923706,5.619999885559,1.12268));
#2415 = LINE('',#2416,#2417);
#2416 = CARTESIAN_POINT('',(-7.329999923706,6.203000068665,1.12268));
#2417 = VECTOR('',#2418,1.);
#2418 = DIRECTION('',(0.E+000,-1.,0.E+000));
#2419 = ORIENTED_EDGE('',*,*,#2420,.F.);
#2420 = EDGE_CURVE('',#2421,#2413,#2423,.T.);
#2421 = VERTEX_POINT('',#2422);
#2422 = CARTESIAN_POINT('',(-7.329999923706,5.619999885559,0.E+000));
#2423 = LINE('',#2424,#2425);
#2424 = CARTESIAN_POINT('',(-7.329999923706,5.619999885559,0.E+000));
#2425 = VECTOR('',#2426,1.);
#2426 = DIRECTION('',(0.E+000,0.E+000,1.));
#2427 = ORIENTED_EDGE('',*,*,#2428,.F.);
#2428 = EDGE_CURVE('',#2390,#2421,#2429,.T.);
#2429 = LINE('',#2430,#2431);
#2430 = CARTESIAN_POINT('',(-7.329999923706,6.203000068665,0.E+000));
#2431 = VECTOR('',#2432,1.);
#2432 = DIRECTION('',(0.E+000,-1.,0.E+000));
#2433 = PLANE('',#2434);
#2434 = AXIS2_PLACEMENT_3D('',#2435,#2436,#2437);
#2435 = CARTESIAN_POINT('',(-7.329999923706,6.203000068665,0.E+000));
#2436 = DIRECTION('',(1.,0.E+000,-0.E+000));
#2437 = DIRECTION('',(0.E+000,-1.,0.E+000));
#2438 = ADVANCED_FACE('',(#2439),#2464,.T.);
#2439 = FACE_BOUND('',#2440,.T.);
#2440 = EDGE_LOOP('',(#2441,#2442,#2450,#2458));
#2441 = ORIENTED_EDGE('',*,*,#2420,.T.);
#2442 = ORIENTED_EDGE('',*,*,#2443,.T.);
#2443 = EDGE_CURVE('',#2413,#2444,#2446,.T.);
#2444 = VERTEX_POINT('',#2445);
#2445 = CARTESIAN_POINT('',(-7.334000110626,5.598000049591,1.12268));
#2446 = LINE('',#2447,#2448);
#2447 = CARTESIAN_POINT('',(-7.329999923706,5.619999885559,1.12268));
#2448 = VECTOR('',#2449,1.);
#2449 = DIRECTION('',(-0.17889482116,-0.983868204061,0.E+000));
#2450 = ORIENTED_EDGE('',*,*,#2451,.F.);
#2451 = EDGE_CURVE('',#2452,#2444,#2454,.T.);
#2452 = VERTEX_POINT('',#2453);
#2453 = CARTESIAN_POINT('',(-7.334000110626,5.598000049591,0.E+000));
#2454 = LINE('',#2455,#2456);
#2455 = CARTESIAN_POINT('',(-7.334000110626,5.598000049591,0.E+000));
#2456 = VECTOR('',#2457,1.);
#2457 = DIRECTION('',(0.E+000,0.E+000,1.));
#2458 = ORIENTED_EDGE('',*,*,#2459,.F.);
#2459 = EDGE_CURVE('',#2421,#2452,#2460,.T.);
#2460 = LINE('',#2461,#2462);
#2461 = CARTESIAN_POINT('',(-7.329999923706,5.619999885559,0.E+000));
#2462 = VECTOR('',#2463,1.);
#2463 = DIRECTION('',(-0.17889482116,-0.983868204061,0.E+000));
#2464 = PLANE('',#2465);
#2465 = AXIS2_PLACEMENT_3D('',#2466,#2467,#2468);
#2466 = CARTESIAN_POINT('',(-7.329999923706,5.619999885559,0.E+000));
#2467 = DIRECTION('',(0.983868204061,-0.17889482116,0.E+000));
#2468 = DIRECTION('',(-0.17889482116,-0.983868204061,0.E+000));
#2469 = ADVANCED_FACE('',(#2470),#2495,.T.);
#2470 = FACE_BOUND('',#2471,.T.);
#2471 = EDGE_LOOP('',(#2472,#2473,#2481,#2489));
#2472 = ORIENTED_EDGE('',*,*,#2451,.T.);
#2473 = ORIENTED_EDGE('',*,*,#2474,.T.);
#2474 = EDGE_CURVE('',#2444,#2475,#2477,.T.);
#2475 = VERTEX_POINT('',#2476);
#2476 = CARTESIAN_POINT('',(-7.329999923706,5.576000213623,1.12268));
#2477 = LINE('',#2478,#2479);
#2478 = CARTESIAN_POINT('',(-7.334000110626,5.598000049591,1.12268));
#2479 = VECTOR('',#2480,1.);
#2480 = DIRECTION('',(0.17889482116,-0.983868204061,0.E+000));
#2481 = ORIENTED_EDGE('',*,*,#2482,.F.);
#2482 = EDGE_CURVE('',#2483,#2475,#2485,.T.);
#2483 = VERTEX_POINT('',#2484);
#2484 = CARTESIAN_POINT('',(-7.329999923706,5.576000213623,0.E+000));
#2485 = LINE('',#2486,#2487);
#2486 = CARTESIAN_POINT('',(-7.329999923706,5.576000213623,0.E+000));
#2487 = VECTOR('',#2488,1.);
#2488 = DIRECTION('',(0.E+000,0.E+000,1.));
#2489 = ORIENTED_EDGE('',*,*,#2490,.F.);
#2490 = EDGE_CURVE('',#2452,#2483,#2491,.T.);
#2491 = LINE('',#2492,#2493);
#2492 = CARTESIAN_POINT('',(-7.334000110626,5.598000049591,0.E+000));
#2493 = VECTOR('',#2494,1.);
#2494 = DIRECTION('',(0.17889482116,-0.983868204061,0.E+000));
#2495 = PLANE('',#2496);
#2496 = AXIS2_PLACEMENT_3D('',#2497,#2498,#2499);
#2497 = CARTESIAN_POINT('',(-7.334000110626,5.598000049591,0.E+000));
#2498 = DIRECTION('',(0.983868204061,0.17889482116,-0.E+000));
#2499 = DIRECTION('',(0.17889482116,-0.983868204061,0.E+000));
#2500 = ADVANCED_FACE('',(#2501),#2526,.T.);
#2501 = FACE_BOUND('',#2502,.T.);
#2502 = EDGE_LOOP('',(#2503,#2504,#2512,#2520));
#2503 = ORIENTED_EDGE('',*,*,#2482,.T.);
#2504 = ORIENTED_EDGE('',*,*,#2505,.T.);
#2505 = EDGE_CURVE('',#2475,#2506,#2508,.T.);
#2506 = VERTEX_POINT('',#2507);
#2507 = CARTESIAN_POINT('',(-7.329999923706,5.40299987793,1.12268));
#2508 = LINE('',#2509,#2510);
#2509 = CARTESIAN_POINT('',(-7.329999923706,5.576000213623,1.12268));
#2510 = VECTOR('',#2511,1.);
#2511 = DIRECTION('',(0.E+000,-1.,0.E+000));
#2512 = ORIENTED_EDGE('',*,*,#2513,.F.);
#2513 = EDGE_CURVE('',#2514,#2506,#2516,.T.);
#2514 = VERTEX_POINT('',#2515);
#2515 = CARTESIAN_POINT('',(-7.329999923706,5.40299987793,0.E+000));
#2516 = LINE('',#2517,#2518);
#2517 = CARTESIAN_POINT('',(-7.329999923706,5.40299987793,0.E+000));
#2518 = VECTOR('',#2519,1.);
#2519 = DIRECTION('',(0.E+000,0.E+000,1.));
#2520 = ORIENTED_EDGE('',*,*,#2521,.F.);
#2521 = EDGE_CURVE('',#2483,#2514,#2522,.T.);
#2522 = LINE('',#2523,#2524);
#2523 = CARTESIAN_POINT('',(-7.329999923706,5.576000213623,0.E+000));
#2524 = VECTOR('',#2525,1.);
#2525 = DIRECTION('',(0.E+000,-1.,0.E+000));
#2526 = PLANE('',#2527);
#2527 = AXIS2_PLACEMENT_3D('',#2528,#2529,#2530);
#2528 = CARTESIAN_POINT('',(-7.329999923706,5.576000213623,0.E+000));
#2529 = DIRECTION('',(1.,0.E+000,-0.E+000));
#2530 = DIRECTION('',(0.E+000,-1.,0.E+000));
#2531 = ADVANCED_FACE('',(#2532),#2557,.T.);
#2532 = FACE_BOUND('',#2533,.T.);
#2533 = EDGE_LOOP('',(#2534,#2535,#2543,#2551));
#2534 = ORIENTED_EDGE('',*,*,#2513,.T.);
#2535 = ORIENTED_EDGE('',*,*,#2536,.T.);
#2536 = EDGE_CURVE('',#2506,#2537,#2539,.T.);
#2537 = VERTEX_POINT('',#2538);
#2538 = CARTESIAN_POINT('',(-7.306000232697,5.285999774933,1.12268));
#2539 = LINE('',#2540,#2541);
#2540 = CARTESIAN_POINT('',(-7.329999923706,5.40299987793,1.12268));
#2541 = VECTOR('',#2542,1.);
#2542 = DIRECTION('',(0.200941491356,-0.979603244713,0.E+000));
#2543 = ORIENTED_EDGE('',*,*,#2544,.F.);
#2544 = EDGE_CURVE('',#2545,#2537,#2547,.T.);
#2545 = VERTEX_POINT('',#2546);
#2546 = CARTESIAN_POINT('',(-7.306000232697,5.285999774933,0.E+000));
#2547 = LINE('',#2548,#2549);
#2548 = CARTESIAN_POINT('',(-7.306000232697,5.285999774933,0.E+000));
#2549 = VECTOR('',#2550,1.);
#2550 = DIRECTION('',(0.E+000,0.E+000,1.));
#2551 = ORIENTED_EDGE('',*,*,#2552,.F.);
#2552 = EDGE_CURVE('',#2514,#2545,#2553,.T.);
#2553 = LINE('',#2554,#2555);
#2554 = CARTESIAN_POINT('',(-7.329999923706,5.40299987793,0.E+000));
#2555 = VECTOR('',#2556,1.);
#2556 = DIRECTION('',(0.200941491356,-0.979603244713,0.E+000));
#2557 = PLANE('',#2558);
#2558 = AXIS2_PLACEMENT_3D('',#2559,#2560,#2561);
#2559 = CARTESIAN_POINT('',(-7.329999923706,5.40299987793,0.E+000));
#2560 = DIRECTION('',(0.979603244713,0.200941491356,-0.E+000));
#2561 = DIRECTION('',(0.200941491356,-0.979603244713,0.E+000));
#2562 = ADVANCED_FACE('',(#2563),#2588,.T.);
#2563 = FACE_BOUND('',#2564,.T.);
#2564 = EDGE_LOOP('',(#2565,#2566,#2574,#2582));
#2565 = ORIENTED_EDGE('',*,*,#2544,.T.);
#2566 = ORIENTED_EDGE('',*,*,#2567,.T.);
#2567 = EDGE_CURVE('',#2537,#2568,#2570,.T.);
#2568 = VERTEX_POINT('',#2569);
#2569 = CARTESIAN_POINT('',(-7.239999771118,5.186999797821,1.12268));
#2570 = LINE('',#2571,#2572);
#2571 = CARTESIAN_POINT('',(-7.306000232697,5.285999774933,1.12268));
#2572 = VECTOR('',#2573,1.);
#2573 = DIRECTION('',(0.55470297071,-0.832048444675,0.E+000));
#2574 = ORIENTED_EDGE('',*,*,#2575,.F.);
#2575 = EDGE_CURVE('',#2576,#2568,#2578,.T.);
#2576 = VERTEX_POINT('',#2577);
#2577 = CARTESIAN_POINT('',(-7.239999771118,5.186999797821,0.E+000));
#2578 = LINE('',#2579,#2580);
#2579 = CARTESIAN_POINT('',(-7.239999771118,5.186999797821,0.E+000));
#2580 = VECTOR('',#2581,1.);
#2581 = DIRECTION('',(0.E+000,0.E+000,1.));
#2582 = ORIENTED_EDGE('',*,*,#2583,.F.);
#2583 = EDGE_CURVE('',#2545,#2576,#2584,.T.);
#2584 = LINE('',#2585,#2586);
#2585 = CARTESIAN_POINT('',(-7.306000232697,5.285999774933,0.E+000));
#2586 = VECTOR('',#2587,1.);
#2587 = DIRECTION('',(0.55470297071,-0.832048444675,0.E+000));
#2588 = PLANE('',#2589);
#2589 = AXIS2_PLACEMENT_3D('',#2590,#2591,#2592);
#2590 = CARTESIAN_POINT('',(-7.306000232697,5.285999774933,0.E+000));
#2591 = DIRECTION('',(0.832048444675,0.55470297071,-0.E+000));
#2592 = DIRECTION('',(0.55470297071,-0.832048444675,0.E+000));
#2593 = ADVANCED_FACE('',(#2594),#2619,.T.);
#2594 = FACE_BOUND('',#2595,.T.);
#2595 = EDGE_LOOP('',(#2596,#2597,#2605,#2613));
#2596 = ORIENTED_EDGE('',*,*,#2575,.T.);
#2597 = ORIENTED_EDGE('',*,*,#2598,.T.);
#2598 = EDGE_CURVE('',#2568,#2599,#2601,.T.);
#2599 = VERTEX_POINT('',#2600);
#2600 = CARTESIAN_POINT('',(-7.140999794006,5.12099981308,1.12268));
#2601 = LINE('',#2602,#2603);
#2602 = CARTESIAN_POINT('',(-7.239999771118,5.186999797821,1.12268));
#2603 = VECTOR('',#2604,1.);
#2604 = DIRECTION('',(0.832050294338,-0.554700196225,0.E+000));
#2605 = ORIENTED_EDGE('',*,*,#2606,.F.);
#2606 = EDGE_CURVE('',#2607,#2599,#2609,.T.);
#2607 = VERTEX_POINT('',#2608);
#2608 = CARTESIAN_POINT('',(-7.140999794006,5.12099981308,0.E+000));
#2609 = LINE('',#2610,#2611);
#2610 = CARTESIAN_POINT('',(-7.140999794006,5.12099981308,0.E+000));
#2611 = VECTOR('',#2612,1.);
#2612 = DIRECTION('',(0.E+000,0.E+000,1.));
#2613 = ORIENTED_EDGE('',*,*,#2614,.F.);
#2614 = EDGE_CURVE('',#2576,#2607,#2615,.T.);
#2615 = LINE('',#2616,#2617);
#2616 = CARTESIAN_POINT('',(-7.239999771118,5.186999797821,0.E+000));
#2617 = VECTOR('',#2618,1.);
#2618 = DIRECTION('',(0.832050294338,-0.554700196225,0.E+000));
#2619 = PLANE('',#2620);
#2620 = AXIS2_PLACEMENT_3D('',#2621,#2622,#2623);
#2621 = CARTESIAN_POINT('',(-7.239999771118,5.186999797821,0.E+000));
#2622 = DIRECTION('',(0.554700196225,0.832050294338,-0.E+000));
#2623 = DIRECTION('',(0.832050294338,-0.554700196225,0.E+000));
#2624 = ADVANCED_FACE('',(#2625),#2650,.T.);
#2625 = FACE_BOUND('',#2626,.T.);
#2626 = EDGE_LOOP('',(#2627,#2628,#2636,#2644));
#2627 = ORIENTED_EDGE('',*,*,#2606,.T.);
#2628 = ORIENTED_EDGE('',*,*,#2629,.T.);
#2629 = EDGE_CURVE('',#2599,#2630,#2632,.T.);
#2630 = VERTEX_POINT('',#2631);
#2631 = CARTESIAN_POINT('',(-7.024000167847,5.09700012207,1.12268));
#2632 = LINE('',#2633,#2634);
#2633 = CARTESIAN_POINT('',(-7.140999794006,5.12099981308,1.12268));
#2634 = VECTOR('',#2635,1.);
#2635 = DIRECTION('',(0.979603083509,-0.200942277235,0.E+000));
#2636 = ORIENTED_EDGE('',*,*,#2637,.F.);
#2637 = EDGE_CURVE('',#2638,#2630,#2640,.T.);
#2638 = VERTEX_POINT('',#2639);
#2639 = CARTESIAN_POINT('',(-7.024000167847,5.09700012207,0.E+000));
#2640 = LINE('',#2641,#2642);
#2641 = CARTESIAN_POINT('',(-7.024000167847,5.09700012207,0.E+000));
#2642 = VECTOR('',#2643,1.);
#2643 = DIRECTION('',(0.E+000,0.E+000,1.));
#2644 = ORIENTED_EDGE('',*,*,#2645,.F.);
#2645 = EDGE_CURVE('',#2607,#2638,#2646,.T.);
#2646 = LINE('',#2647,#2648);
#2647 = CARTESIAN_POINT('',(-7.140999794006,5.12099981308,0.E+000));
#2648 = VECTOR('',#2649,1.);
#2649 = DIRECTION('',(0.979603083509,-0.200942277235,0.E+000));
#2650 = PLANE('',#2651);
#2651 = AXIS2_PLACEMENT_3D('',#2652,#2653,#2654);
#2652 = CARTESIAN_POINT('',(-7.140999794006,5.12099981308,0.E+000));
#2653 = DIRECTION('',(0.200942277235,0.979603083509,-0.E+000));
#2654 = DIRECTION('',(0.979603083509,-0.200942277235,0.E+000));
#2655 = ADVANCED_FACE('',(#2656),#2681,.T.);
#2656 = FACE_BOUND('',#2657,.T.);
#2657 = EDGE_LOOP('',(#2658,#2659,#2667,#2675));
#2658 = ORIENTED_EDGE('',*,*,#2637,.T.);
#2659 = ORIENTED_EDGE('',*,*,#2660,.T.);
#2660 = EDGE_CURVE('',#2630,#2661,#2663,.T.);
#2661 = VERTEX_POINT('',#2662);
#2662 = CARTESIAN_POINT('',(-6.90700006485,5.12099981308,1.12268));
#2663 = LINE('',#2664,#2665);
#2664 = CARTESIAN_POINT('',(-7.024000167847,5.09700012207,1.12268));
#2665 = VECTOR('',#2666,1.);
#2666 = DIRECTION('',(0.979603244713,0.200941491356,0.E+000));
#2667 = ORIENTED_EDGE('',*,*,#2668,.F.);
#2668 = EDGE_CURVE('',#2669,#2661,#2671,.T.);
#2669 = VERTEX_POINT('',#2670);
#2670 = CARTESIAN_POINT('',(-6.90700006485,5.12099981308,0.E+000));
#2671 = LINE('',#2672,#2673);
#2672 = CARTESIAN_POINT('',(-6.90700006485,5.12099981308,0.E+000));
#2673 = VECTOR('',#2674,1.);
#2674 = DIRECTION('',(0.E+000,0.E+000,1.));
#2675 = ORIENTED_EDGE('',*,*,#2676,.F.);
#2676 = EDGE_CURVE('',#2638,#2669,#2677,.T.);
#2677 = LINE('',#2678,#2679);
#2678 = CARTESIAN_POINT('',(-7.024000167847,5.09700012207,0.E+000));
#2679 = VECTOR('',#2680,1.);
#2680 = DIRECTION('',(0.979603244713,0.200941491356,0.E+000));
#2681 = PLANE('',#2682);
#2682 = AXIS2_PLACEMENT_3D('',#2683,#2684,#2685);
#2683 = CARTESIAN_POINT('',(-7.024000167847,5.09700012207,0.E+000));
#2684 = DIRECTION('',(-0.200941491356,0.979603244713,0.E+000));
#2685 = DIRECTION('',(0.979603244713,0.200941491356,0.E+000));
#2686 = ADVANCED_FACE('',(#2687),#2712,.T.);
#2687 = FACE_BOUND('',#2688,.T.);
#2688 = EDGE_LOOP('',(#2689,#2690,#2698,#2706));
#2689 = ORIENTED_EDGE('',*,*,#2668,.T.);
#2690 = ORIENTED_EDGE('',*,*,#2691,.T.);
#2691 = EDGE_CURVE('',#2661,#2692,#2694,.T.);
#2692 = VERTEX_POINT('',#2693);
#2693 = CARTESIAN_POINT('',(-6.808000087738,5.186999797821,1.12268));
#2694 = LINE('',#2695,#2696);
#2695 = CARTESIAN_POINT('',(-6.90700006485,5.12099981308,1.12268));
#2696 = VECTOR('',#2697,1.);
#2697 = DIRECTION('',(0.832050294338,0.554700196225,0.E+000));
#2698 = ORIENTED_EDGE('',*,*,#2699,.F.);
#2699 = EDGE_CURVE('',#2700,#2692,#2702,.T.);
#2700 = VERTEX_POINT('',#2701);
#2701 = CARTESIAN_POINT('',(-6.808000087738,5.186999797821,0.E+000));
#2702 = LINE('',#2703,#2704);
#2703 = CARTESIAN_POINT('',(-6.808000087738,5.186999797821,0.E+000));
#2704 = VECTOR('',#2705,1.);
#2705 = DIRECTION('',(0.E+000,0.E+000,1.));
#2706 = ORIENTED_EDGE('',*,*,#2707,.F.);
#2707 = EDGE_CURVE('',#2669,#2700,#2708,.T.);
#2708 = LINE('',#2709,#2710);
#2709 = CARTESIAN_POINT('',(-6.90700006485,5.12099981308,0.E+000));
#2710 = VECTOR('',#2711,1.);
#2711 = DIRECTION('',(0.832050294338,0.554700196225,0.E+000));
#2712 = PLANE('',#2713);
#2713 = AXIS2_PLACEMENT_3D('',#2714,#2715,#2716);
#2714 = CARTESIAN_POINT('',(-6.90700006485,5.12099981308,0.E+000));
#2715 = DIRECTION('',(-0.554700196225,0.832050294338,0.E+000));
#2716 = DIRECTION('',(0.832050294338,0.554700196225,0.E+000));
#2717 = ADVANCED_FACE('',(#2718),#2743,.T.);
#2718 = FACE_BOUND('',#2719,.T.);
#2719 = EDGE_LOOP('',(#2720,#2721,#2729,#2737));
#2720 = ORIENTED_EDGE('',*,*,#2699,.T.);
#2721 = ORIENTED_EDGE('',*,*,#2722,.T.);
#2722 = EDGE_CURVE('',#2692,#2723,#2725,.T.);
#2723 = VERTEX_POINT('',#2724);
#2724 = CARTESIAN_POINT('',(-6.741000175476,5.285999774933,1.12268));
#2725 = LINE('',#2726,#2727);
#2726 = CARTESIAN_POINT('',(-6.808000087738,5.186999797821,1.12268));
#2727 = VECTOR('',#2728,1.);
#2728 = DIRECTION('',(0.560477737837,0.828169490738,0.E+000));
#2729 = ORIENTED_EDGE('',*,*,#2730,.F.);
#2730 = EDGE_CURVE('',#2731,#2723,#2733,.T.);
#2731 = VERTEX_POINT('',#2732);
#2732 = CARTESIAN_POINT('',(-6.741000175476,5.285999774933,0.E+000));
#2733 = LINE('',#2734,#2735);
#2734 = CARTESIAN_POINT('',(-6.741000175476,5.285999774933,0.E+000));
#2735 = VECTOR('',#2736,1.);
#2736 = DIRECTION('',(0.E+000,0.E+000,1.));
#2737 = ORIENTED_EDGE('',*,*,#2738,.F.);
#2738 = EDGE_CURVE('',#2700,#2731,#2739,.T.);
#2739 = LINE('',#2740,#2741);
#2740 = CARTESIAN_POINT('',(-6.808000087738,5.186999797821,0.E+000));
#2741 = VECTOR('',#2742,1.);
#2742 = DIRECTION('',(0.560477737837,0.828169490738,0.E+000));
#2743 = PLANE('',#2744);
#2744 = AXIS2_PLACEMENT_3D('',#2745,#2746,#2747);
#2745 = CARTESIAN_POINT('',(-6.808000087738,5.186999797821,0.E+000));
#2746 = DIRECTION('',(-0.828169490738,0.560477737837,0.E+000));
#2747 = DIRECTION('',(0.560477737837,0.828169490738,0.E+000));
#2748 = ADVANCED_FACE('',(#2749),#2774,.T.);
#2749 = FACE_BOUND('',#2750,.T.);
#2750 = EDGE_LOOP('',(#2751,#2752,#2760,#2768));
#2751 = ORIENTED_EDGE('',*,*,#2730,.T.);
#2752 = ORIENTED_EDGE('',*,*,#2753,.T.);
#2753 = EDGE_CURVE('',#2723,#2754,#2756,.T.);
#2754 = VERTEX_POINT('',#2755);
#2755 = CARTESIAN_POINT('',(-6.71799993515,5.40299987793,1.12268));
#2756 = LINE('',#2757,#2758);
#2757 = CARTESIAN_POINT('',(-6.741000175476,5.285999774933,1.12268));
#2758 = VECTOR('',#2759,1.);
#2759 = DIRECTION('',(0.192891274235,0.981220136526,0.E+000));
#2760 = ORIENTED_EDGE('',*,*,#2761,.F.);
#2761 = EDGE_CURVE('',#2762,#2754,#2764,.T.);
#2762 = VERTEX_POINT('',#2763);
#2763 = CARTESIAN_POINT('',(-6.71799993515,5.40299987793,0.E+000));
#2764 = LINE('',#2765,#2766);
#2765 = CARTESIAN_POINT('',(-6.71799993515,5.40299987793,0.E+000));
#2766 = VECTOR('',#2767,1.);
#2767 = DIRECTION('',(0.E+000,0.E+000,1.));
#2768 = ORIENTED_EDGE('',*,*,#2769,.F.);
#2769 = EDGE_CURVE('',#2731,#2762,#2770,.T.);
#2770 = LINE('',#2771,#2772);
#2771 = CARTESIAN_POINT('',(-6.741000175476,5.285999774933,0.E+000));
#2772 = VECTOR('',#2773,1.);
#2773 = DIRECTION('',(0.192891274235,0.981220136526,0.E+000));
#2774 = PLANE('',#2775);
#2775 = AXIS2_PLACEMENT_3D('',#2776,#2777,#2778);
#2776 = CARTESIAN_POINT('',(-6.741000175476,5.285999774933,0.E+000));
#2777 = DIRECTION('',(-0.981220136526,0.192891274235,0.E+000));
#2778 = DIRECTION('',(0.192891274235,0.981220136526,0.E+000));
#2779 = ADVANCED_FACE('',(#2780),#2805,.T.);
#2780 = FACE_BOUND('',#2781,.T.);
#2781 = EDGE_LOOP('',(#2782,#2783,#2791,#2799));
#2782 = ORIENTED_EDGE('',*,*,#2761,.T.);
#2783 = ORIENTED_EDGE('',*,*,#2784,.T.);
#2784 = EDGE_CURVE('',#2754,#2785,#2787,.T.);
#2785 = VERTEX_POINT('',#2786);
#2786 = CARTESIAN_POINT('',(-6.71799993515,6.203000068665,1.12268));
#2787 = LINE('',#2788,#2789);
#2788 = CARTESIAN_POINT('',(-6.71799993515,5.40299987793,1.12268));
#2789 = VECTOR('',#2790,1.);
#2790 = DIRECTION('',(0.E+000,1.,0.E+000));
#2791 = ORIENTED_EDGE('',*,*,#2792,.F.);
#2792 = EDGE_CURVE('',#2793,#2785,#2795,.T.);
#2793 = VERTEX_POINT('',#2794);
#2794 = CARTESIAN_POINT('',(-6.71799993515,6.203000068665,0.E+000));
#2795 = LINE('',#2796,#2797);
#2796 = CARTESIAN_POINT('',(-6.71799993515,6.203000068665,0.E+000));
#2797 = VECTOR('',#2798,1.);
#2798 = DIRECTION('',(0.E+000,0.E+000,1.));
#2799 = ORIENTED_EDGE('',*,*,#2800,.F.);
#2800 = EDGE_CURVE('',#2762,#2793,#2801,.T.);
#2801 = LINE('',#2802,#2803);
#2802 = CARTESIAN_POINT('',(-6.71799993515,5.40299987793,0.E+000));
#2803 = VECTOR('',#2804,1.);
#2804 = DIRECTION('',(0.E+000,1.,0.E+000));
#2805 = PLANE('',#2806);
#2806 = AXIS2_PLACEMENT_3D('',#2807,#2808,#2809);
#2807 = CARTESIAN_POINT('',(-6.71799993515,5.40299987793,0.E+000));
#2808 = DIRECTION('',(-1.,0.E+000,0.E+000));
#2809 = DIRECTION('',(0.E+000,1.,0.E+000));
#2810 = ADVANCED_FACE('',(#2811),#2836,.T.);
#2811 = FACE_BOUND('',#2812,.T.);
#2812 = EDGE_LOOP('',(#2813,#2814,#2822,#2830));
#2813 = ORIENTED_EDGE('',*,*,#2792,.T.);
#2814 = ORIENTED_EDGE('',*,*,#2815,.T.);
#2815 = EDGE_CURVE('',#2785,#2816,#2818,.T.);
#2816 = VERTEX_POINT('',#2817);
#2817 = CARTESIAN_POINT('',(-6.741000175476,6.320000171661,1.12268));
#2818 = LINE('',#2819,#2820);
#2819 = CARTESIAN_POINT('',(-6.71799993515,6.203000068665,1.12268));
#2820 = VECTOR('',#2821,1.);
#2821 = DIRECTION('',(-0.192891274235,0.981220136526,0.E+000));
#2822 = ORIENTED_EDGE('',*,*,#2823,.F.);
#2823 = EDGE_CURVE('',#2824,#2816,#2826,.T.);
#2824 = VERTEX_POINT('',#2825);
#2825 = CARTESIAN_POINT('',(-6.741000175476,6.320000171661,0.E+000));
#2826 = LINE('',#2827,#2828);
#2827 = CARTESIAN_POINT('',(-6.741000175476,6.320000171661,0.E+000));
#2828 = VECTOR('',#2829,1.);
#2829 = DIRECTION('',(0.E+000,0.E+000,1.));
#2830 = ORIENTED_EDGE('',*,*,#2831,.F.);
#2831 = EDGE_CURVE('',#2793,#2824,#2832,.T.);
#2832 = LINE('',#2833,#2834);
#2833 = CARTESIAN_POINT('',(-6.71799993515,6.203000068665,0.E+000));
#2834 = VECTOR('',#2835,1.);
#2835 = DIRECTION('',(-0.192891274235,0.981220136526,0.E+000));
#2836 = PLANE('',#2837);
#2837 = AXIS2_PLACEMENT_3D('',#2838,#2839,#2840);
#2838 = CARTESIAN_POINT('',(-6.71799993515,6.203000068665,0.E+000));
#2839 = DIRECTION('',(-0.981220136526,-0.192891274235,0.E+000));
#2840 = DIRECTION('',(-0.192891274235,0.981220136526,0.E+000));
#2841 = ADVANCED_FACE('',(#2842),#2867,.T.);
#2842 = FACE_BOUND('',#2843,.T.);
#2843 = EDGE_LOOP('',(#2844,#2845,#2853,#2861));
#2844 = ORIENTED_EDGE('',*,*,#2823,.T.);
#2845 = ORIENTED_EDGE('',*,*,#2846,.T.);
#2846 = EDGE_CURVE('',#2816,#2847,#2849,.T.);
#2847 = VERTEX_POINT('',#2848);
#2848 = CARTESIAN_POINT('',(-6.808000087738,6.419000148773,1.12268));
#2849 = LINE('',#2850,#2851);
#2850 = CARTESIAN_POINT('',(-6.741000175476,6.320000171661,1.12268));
#2851 = VECTOR('',#2852,1.);
#2852 = DIRECTION('',(-0.560477737837,0.828169490738,0.E+000));
#2853 = ORIENTED_EDGE('',*,*,#2854,.F.);
#2854 = EDGE_CURVE('',#2855,#2847,#2857,.T.);
#2855 = VERTEX_POINT('',#2856);
#2856 = CARTESIAN_POINT('',(-6.808000087738,6.419000148773,0.E+000));
#2857 = LINE('',#2858,#2859);
#2858 = CARTESIAN_POINT('',(-6.808000087738,6.419000148773,0.E+000));
#2859 = VECTOR('',#2860,1.);
#2860 = DIRECTION('',(0.E+000,0.E+000,1.));
#2861 = ORIENTED_EDGE('',*,*,#2862,.F.);
#2862 = EDGE_CURVE('',#2824,#2855,#2863,.T.);
#2863 = LINE('',#2864,#2865);
#2864 = CARTESIAN_POINT('',(-6.741000175476,6.320000171661,0.E+000));
#2865 = VECTOR('',#2866,1.);
#2866 = DIRECTION('',(-0.560477737837,0.828169490738,0.E+000));
#2867 = PLANE('',#2868);
#2868 = AXIS2_PLACEMENT_3D('',#2869,#2870,#2871);
#2869 = CARTESIAN_POINT('',(-6.741000175476,6.320000171661,0.E+000));
#2870 = DIRECTION('',(-0.828169490738,-0.560477737837,0.E+000));
#2871 = DIRECTION('',(-0.560477737837,0.828169490738,0.E+000));
#2872 = ADVANCED_FACE('',(#2873),#2898,.T.);
#2873 = FACE_BOUND('',#2874,.T.);
#2874 = EDGE_LOOP('',(#2875,#2876,#2884,#2892));
#2875 = ORIENTED_EDGE('',*,*,#2854,.T.);
#2876 = ORIENTED_EDGE('',*,*,#2877,.T.);
#2877 = EDGE_CURVE('',#2847,#2878,#2880,.T.);
#2878 = VERTEX_POINT('',#2879);
#2879 = CARTESIAN_POINT('',(-6.90700006485,6.486000061035,1.12268));
#2880 = LINE('',#2881,#2882);
#2881 = CARTESIAN_POINT('',(-6.808000087738,6.419000148773,1.12268));
#2882 = VECTOR('',#2883,1.);
#2883 = DIRECTION('',(-0.828169490738,0.560477737837,0.E+000));
#2884 = ORIENTED_EDGE('',*,*,#2885,.F.);
#2885 = EDGE_CURVE('',#2886,#2878,#2888,.T.);
#2886 = VERTEX_POINT('',#2887);
#2887 = CARTESIAN_POINT('',(-6.90700006485,6.486000061035,0.E+000));
#2888 = LINE('',#2889,#2890);
#2889 = CARTESIAN_POINT('',(-6.90700006485,6.486000061035,0.E+000));
#2890 = VECTOR('',#2891,1.);
#2891 = DIRECTION('',(0.E+000,0.E+000,1.));
#2892 = ORIENTED_EDGE('',*,*,#2893,.F.);
#2893 = EDGE_CURVE('',#2855,#2886,#2894,.T.);
#2894 = LINE('',#2895,#2896);
#2895 = CARTESIAN_POINT('',(-6.808000087738,6.419000148773,0.E+000));
#2896 = VECTOR('',#2897,1.);
#2897 = DIRECTION('',(-0.828169490738,0.560477737837,0.E+000));
#2898 = PLANE('',#2899);
#2899 = AXIS2_PLACEMENT_3D('',#2900,#2901,#2902);
#2900 = CARTESIAN_POINT('',(-6.808000087738,6.419000148773,0.E+000));
#2901 = DIRECTION('',(-0.560477737837,-0.828169490738,0.E+000));
#2902 = DIRECTION('',(-0.828169490738,0.560477737837,0.E+000));
#2903 = ADVANCED_FACE('',(#2904),#2920,.T.);
#2904 = FACE_BOUND('',#2905,.T.);
#2905 = EDGE_LOOP('',(#2906,#2907,#2913,#2914));
#2906 = ORIENTED_EDGE('',*,*,#2885,.T.);
#2907 = ORIENTED_EDGE('',*,*,#2908,.T.);
#2908 = EDGE_CURVE('',#2878,#2281,#2909,.T.);
#2909 = LINE('',#2910,#2911);
#2910 = CARTESIAN_POINT('',(-6.90700006485,6.486000061035,1.12268));
#2911 = VECTOR('',#2912,1.);
#2912 = DIRECTION('',(-0.981220893403,0.192887424032,0.E+000));
#2913 = ORIENTED_EDGE('',*,*,#2278,.F.);
#2914 = ORIENTED_EDGE('',*,*,#2915,.F.);
#2915 = EDGE_CURVE('',#2886,#2279,#2916,.T.);
#2916 = LINE('',#2917,#2918);
#2917 = CARTESIAN_POINT('',(-6.90700006485,6.486000061035,0.E+000));
#2918 = VECTOR('',#2919,1.);
#2919 = DIRECTION('',(-0.981220893403,0.192887424032,0.E+000));
#2920 = PLANE('',#2921);
#2921 = AXIS2_PLACEMENT_3D('',#2922,#2923,#2924);
#2922 = CARTESIAN_POINT('',(-6.90700006485,6.486000061035,0.E+000));
#2923 = DIRECTION('',(-0.192887424032,-0.981220893403,0.E+000));
#2924 = DIRECTION('',(-0.981220893403,0.192887424032,0.E+000));
#2925 = ADVANCED_FACE('',(#2926),#2953,.F.);
#2926 = FACE_BOUND('',#2927,.T.);
#2927 = EDGE_LOOP('',(#2928,#2938,#2945,#2946));
#2928 = ORIENTED_EDGE('',*,*,#2929,.T.);
#2929 = EDGE_CURVE('',#2930,#2932,#2934,.T.);
#2930 = VERTEX_POINT('',#2931);
#2931 = CARTESIAN_POINT('',(-0.719201,8.8392,0.E+000));
#2932 = VERTEX_POINT('',#2933);
#2933 = CARTESIAN_POINT('',(-0.719201,8.8392,1.12268));
#2934 = LINE('',#2935,#2936);
#2935 = CARTESIAN_POINT('',(-0.719201,8.8392,0.E+000));
#2936 = VECTOR('',#2937,1.);
#2937 = DIRECTION('',(0.E+000,0.E+000,1.));
#2938 = ORIENTED_EDGE('',*,*,#2939,.T.);
#2939 = EDGE_CURVE('',#2932,#2932,#2940,.T.);
#2940 = CIRCLE('',#2941,0.499999);
#2941 = AXIS2_PLACEMENT_3D('',#2942,#2943,#2944);
#2942 = CARTESIAN_POINT('',(-1.2192,8.8392,1.12268));
#2943 = DIRECTION('',(0.E+000,0.E+000,1.));
#2944 = DIRECTION('',(1.,0.E+000,-0.E+000));
#2945 = ORIENTED_EDGE('',*,*,#2929,.F.);
#2946 = ORIENTED_EDGE('',*,*,#2947,.F.);
#2947 = EDGE_CURVE('',#2930,#2930,#2948,.T.);
#2948 = CIRCLE('',#2949,0.499999);
#2949 = AXIS2_PLACEMENT_3D('',#2950,#2951,#2952);
#2950 = CARTESIAN_POINT('',(-1.2192,8.8392,0.E+000));
#2951 = DIRECTION('',(0.E+000,0.E+000,1.));
#2952 = DIRECTION('',(1.,0.E+000,-0.E+000));
#2953 = CYLINDRICAL_SURFACE('',#2954,0.499999);
#2954 = AXIS2_PLACEMENT_3D('',#2955,#2956,#2957);
#2955 = CARTESIAN_POINT('',(-1.2192,8.8392,0.E+000));
#2956 = DIRECTION('',(-0.E+000,-0.E+000,-1.));
#2957 = DIRECTION('',(1.,0.E+000,-0.E+000));
#2958 = ADVANCED_FACE('',(#2959),#2986,.F.);
#2959 = FACE_BOUND('',#2960,.T.);
#2960 = EDGE_LOOP('',(#2961,#2971,#2978,#2979));
#2961 = ORIENTED_EDGE('',*,*,#2962,.T.);
#2962 = EDGE_CURVE('',#2963,#2965,#2967,.T.);
#2963 = VERTEX_POINT('',#2964);
#2964 = CARTESIAN_POINT('',(-0.719201,6.2992,0.E+000));
#2965 = VERTEX_POINT('',#2966);
#2966 = CARTESIAN_POINT('',(-0.719201,6.2992,1.12268));
#2967 = LINE('',#2968,#2969);
#2968 = CARTESIAN_POINT('',(-0.719201,6.2992,0.E+000));
#2969 = VECTOR('',#2970,1.);
#2970 = DIRECTION('',(0.E+000,0.E+000,1.));
#2971 = ORIENTED_EDGE('',*,*,#2972,.T.);
#2972 = EDGE_CURVE('',#2965,#2965,#2973,.T.);
#2973 = CIRCLE('',#2974,0.499999);
#2974 = AXIS2_PLACEMENT_3D('',#2975,#2976,#2977);
#2975 = CARTESIAN_POINT('',(-1.2192,6.2992,1.12268));
#2976 = DIRECTION('',(0.E+000,0.E+000,1.));
#2977 = DIRECTION('',(1.,0.E+000,-0.E+000));
#2978 = ORIENTED_EDGE('',*,*,#2962,.F.);
#2979 = ORIENTED_EDGE('',*,*,#2980,.F.);
#2980 = EDGE_CURVE('',#2963,#2963,#2981,.T.);
#2981 = CIRCLE('',#2982,0.499999);
#2982 = AXIS2_PLACEMENT_3D('',#2983,#2984,#2985);
#2983 = CARTESIAN_POINT('',(-1.2192,6.2992,0.E+000));
#2984 = DIRECTION('',(0.E+000,0.E+000,1.));
#2985 = DIRECTION('',(1.,0.E+000,-0.E+000));
#2986 = CYLINDRICAL_SURFACE('',#2987,0.499999);
#2987 = AXIS2_PLACEMENT_3D('',#2988,#2989,#2990);
#2988 = CARTESIAN_POINT('',(-1.2192,6.2992,0.E+000));
#2989 = DIRECTION('',(-0.E+000,-0.E+000,-1.));
#2990 = DIRECTION('',(1.,0.E+000,-0.E+000));
#2991 = ADVANCED_FACE('',(#2992),#3019,.F.);
#2992 = FACE_BOUND('',#2993,.T.);
#2993 = EDGE_LOOP('',(#2994,#3004,#3011,#3012));
#2994 = ORIENTED_EDGE('',*,*,#2995,.T.);
#2995 = EDGE_CURVE('',#2996,#2998,#3000,.T.);
#2996 = VERTEX_POINT('',#2997);
#2997 = CARTESIAN_POINT('',(-0.719201,16.4592,0.E+000));
#2998 = VERTEX_POINT('',#2999);
#2999 = CARTESIAN_POINT('',(-0.719201,16.4592,1.12268));
#3000 = LINE('',#3001,#3002);
#3001 = CARTESIAN_POINT('',(-0.719201,16.4592,0.E+000));
#3002 = VECTOR('',#3003,1.);
#3003 = DIRECTION('',(0.E+000,0.E+000,1.));
#3004 = ORIENTED_EDGE('',*,*,#3005,.T.);
#3005 = EDGE_CURVE('',#2998,#2998,#3006,.T.);
#3006 = CIRCLE('',#3007,0.499999);
#3007 = AXIS2_PLACEMENT_3D('',#3008,#3009,#3010);
#3008 = CARTESIAN_POINT('',(-1.2192,16.4592,1.12268));
#3009 = DIRECTION('',(0.E+000,0.E+000,1.));
#3010 = DIRECTION('',(1.,0.E+000,-0.E+000));
#3011 = ORIENTED_EDGE('',*,*,#2995,.F.);
#3012 = ORIENTED_EDGE('',*,*,#3013,.F.);
#3013 = EDGE_CURVE('',#2996,#2996,#3014,.T.);
#3014 = CIRCLE('',#3015,0.499999);
#3015 = AXIS2_PLACEMENT_3D('',#3016,#3017,#3018);
#3016 = CARTESIAN_POINT('',(-1.2192,16.4592,0.E+000));
#3017 = DIRECTION('',(0.E+000,0.E+000,1.));
#3018 = DIRECTION('',(1.,0.E+000,-0.E+000));
#3019 = CYLINDRICAL_SURFACE('',#3020,0.499999);
#3020 = AXIS2_PLACEMENT_3D('',#3021,#3022,#3023);
#3021 = CARTESIAN_POINT('',(-1.2192,16.4592,0.E+000));
#3022 = DIRECTION('',(-0.E+000,-0.E+000,-1.));
#3023 = DIRECTION('',(1.,0.E+000,-0.E+000));
#3024 = ADVANCED_FACE('',(#3025),#3052,.F.);
#3025 = FACE_BOUND('',#3026,.T.);
#3026 = EDGE_LOOP('',(#3027,#3037,#3044,#3045));
#3027 = ORIENTED_EDGE('',*,*,#3028,.T.);
#3028 = EDGE_CURVE('',#3029,#3031,#3033,.T.);
#3029 = VERTEX_POINT('',#3030);
#3030 = CARTESIAN_POINT('',(-0.719201,11.3792,0.E+000));
#3031 = VERTEX_POINT('',#3032);
#3032 = CARTESIAN_POINT('',(-0.719201,11.3792,1.12268));
#3033 = LINE('',#3034,#3035);
#3034 = CARTESIAN_POINT('',(-0.719201,11.3792,0.E+000));
#3035 = VECTOR('',#3036,1.);
#3036 = DIRECTION('',(0.E+000,0.E+000,1.));
#3037 = ORIENTED_EDGE('',*,*,#3038,.T.);
#3038 = EDGE_CURVE('',#3031,#3031,#3039,.T.);
#3039 = CIRCLE('',#3040,0.499999);
#3040 = AXIS2_PLACEMENT_3D('',#3041,#3042,#3043);
#3041 = CARTESIAN_POINT('',(-1.2192,11.3792,1.12268));
#3042 = DIRECTION('',(0.E+000,0.E+000,1.));
#3043 = DIRECTION('',(1.,0.E+000,-0.E+000));
#3044 = ORIENTED_EDGE('',*,*,#3028,.F.);
#3045 = ORIENTED_EDGE('',*,*,#3046,.F.);
#3046 = EDGE_CURVE('',#3029,#3029,#3047,.T.);
#3047 = CIRCLE('',#3048,0.499999);
#3048 = AXIS2_PLACEMENT_3D('',#3049,#3050,#3051);
#3049 = CARTESIAN_POINT('',(-1.2192,11.3792,0.E+000));
#3050 = DIRECTION('',(0.E+000,0.E+000,1.));
#3051 = DIRECTION('',(1.,0.E+000,-0.E+000));
#3052 = CYLINDRICAL_SURFACE('',#3053,0.499999);
#3053 = AXIS2_PLACEMENT_3D('',#3054,#3055,#3056);
#3054 = CARTESIAN_POINT('',(-1.2192,11.3792,0.E+000));
#3055 = DIRECTION('',(-0.E+000,-0.E+000,-1.));
#3056 = DIRECTION('',(1.,0.E+000,-0.E+000));
#3057 = ADVANCED_FACE('',(#3058),#3085,.F.);
#3058 = FACE_BOUND('',#3059,.T.);
#3059 = EDGE_LOOP('',(#3060,#3070,#3077,#3078));
#3060 = ORIENTED_EDGE('',*,*,#3061,.T.);
#3061 = EDGE_CURVE('',#3062,#3064,#3066,.T.);
#3062 = VERTEX_POINT('',#3063);
#3063 = CARTESIAN_POINT('',(-0.719201,13.9192,0.E+000));
#3064 = VERTEX_POINT('',#3065);
#3065 = CARTESIAN_POINT('',(-0.719201,13.9192,1.12268));
#3066 = LINE('',#3067,#3068);
#3067 = CARTESIAN_POINT('',(-0.719201,13.9192,0.E+000));
#3068 = VECTOR('',#3069,1.);
#3069 = DIRECTION('',(0.E+000,0.E+000,1.));
#3070 = ORIENTED_EDGE('',*,*,#3071,.T.);
#3071 = EDGE_CURVE('',#3064,#3064,#3072,.T.);
#3072 = CIRCLE('',#3073,0.499999);
#3073 = AXIS2_PLACEMENT_3D('',#3074,#3075,#3076);
#3074 = CARTESIAN_POINT('',(-1.2192,13.9192,1.12268));
#3075 = DIRECTION('',(0.E+000,0.E+000,1.));
#3076 = DIRECTION('',(1.,0.E+000,-0.E+000));
#3077 = ORIENTED_EDGE('',*,*,#3061,.F.);
#3078 = ORIENTED_EDGE('',*,*,#3079,.F.);
#3079 = EDGE_CURVE('',#3062,#3062,#3080,.T.);
#3080 = CIRCLE('',#3081,0.499999);
#3081 = AXIS2_PLACEMENT_3D('',#3082,#3083,#3084);
#3082 = CARTESIAN_POINT('',(-1.2192,13.9192,0.E+000));
#3083 = DIRECTION('',(0.E+000,0.E+000,1.));
#3084 = DIRECTION('',(1.,0.E+000,-0.E+000));
#3085 = CYLINDRICAL_SURFACE('',#3086,0.499999);
#3086 = AXIS2_PLACEMENT_3D('',#3087,#3088,#3089);
#3087 = CARTESIAN_POINT('',(-1.2192,13.9192,0.E+000));
#3088 = DIRECTION('',(-0.E+000,-0.E+000,-1.));
#3089 = DIRECTION('',(1.,0.E+000,-0.E+000));
#3090 = ADVANCED_FACE('',(#3091),#3118,.F.);
#3091 = FACE_BOUND('',#3092,.T.);
#3092 = EDGE_LOOP('',(#3093,#3103,#3110,#3111));
#3093 = ORIENTED_EDGE('',*,*,#3094,.T.);
#3094 = EDGE_CURVE('',#3095,#3097,#3099,.T.);
#3095 = VERTEX_POINT('',#3096);
#3096 = CARTESIAN_POINT('',(-0.719201,34.2392,0.E+000));
#3097 = VERTEX_POINT('',#3098);
#3098 = CARTESIAN_POINT('',(-0.719201,34.2392,1.12268));
#3099 = LINE('',#3100,#3101);
#3100 = CARTESIAN_POINT('',(-0.719201,34.2392,0.E+000));
#3101 = VECTOR('',#3102,1.);
#3102 = DIRECTION('',(0.E+000,0.E+000,1.));
#3103 = ORIENTED_EDGE('',*,*,#3104,.T.);
#3104 = EDGE_CURVE('',#3097,#3097,#3105,.T.);
#3105 = CIRCLE('',#3106,0.499999);
#3106 = AXIS2_PLACEMENT_3D('',#3107,#3108,#3109);
#3107 = CARTESIAN_POINT('',(-1.2192,34.2392,1.12268));
#3108 = DIRECTION('',(0.E+000,0.E+000,1.));
#3109 = DIRECTION('',(1.,0.E+000,-0.E+000));
#3110 = ORIENTED_EDGE('',*,*,#3094,.F.);
#3111 = ORIENTED_EDGE('',*,*,#3112,.F.);
#3112 = EDGE_CURVE('',#3095,#3095,#3113,.T.);
#3113 = CIRCLE('',#3114,0.499999);
#3114 = AXIS2_PLACEMENT_3D('',#3115,#3116,#3117);
#3115 = CARTESIAN_POINT('',(-1.2192,34.2392,0.E+000));
#3116 = DIRECTION('',(0.E+000,0.E+000,1.));
#3117 = DIRECTION('',(1.,0.E+000,-0.E+000));
#3118 = CYLINDRICAL_SURFACE('',#3119,0.499999);
#3119 = AXIS2_PLACEMENT_3D('',#3120,#3121,#3122);
#3120 = CARTESIAN_POINT('',(-1.2192,34.2392,0.E+000));
#3121 = DIRECTION('',(-0.E+000,-0.E+000,-1.));
#3122 = DIRECTION('',(1.,0.E+000,-0.E+000));
#3123 = ADVANCED_FACE('',(#3124),#3151,.F.);
#3124 = FACE_BOUND('',#3125,.T.);
#3125 = EDGE_LOOP('',(#3126,#3136,#3143,#3144));
#3126 = ORIENTED_EDGE('',*,*,#3127,.T.);
#3127 = EDGE_CURVE('',#3128,#3130,#3132,.T.);
#3128 = VERTEX_POINT('',#3129);
#3129 = CARTESIAN_POINT('',(-0.719201,31.6992,0.E+000));
#3130 = VERTEX_POINT('',#3131);
#3131 = CARTESIAN_POINT('',(-0.719201,31.6992,1.12268));
#3132 = LINE('',#3133,#3134);
#3133 = CARTESIAN_POINT('',(-0.719201,31.6992,0.E+000));
#3134 = VECTOR('',#3135,1.);
#3135 = DIRECTION('',(0.E+000,0.E+000,1.));
#3136 = ORIENTED_EDGE('',*,*,#3137,.T.);
#3137 = EDGE_CURVE('',#3130,#3130,#3138,.T.);
#3138 = CIRCLE('',#3139,0.499999);
#3139 = AXIS2_PLACEMENT_3D('',#3140,#3141,#3142);
#3140 = CARTESIAN_POINT('',(-1.2192,31.6992,1.12268));
#3141 = DIRECTION('',(0.E+000,0.E+000,1.));
#3142 = DIRECTION('',(1.,0.E+000,-0.E+000));
#3143 = ORIENTED_EDGE('',*,*,#3127,.F.);
#3144 = ORIENTED_EDGE('',*,*,#3145,.F.);
#3145 = EDGE_CURVE('',#3128,#3128,#3146,.T.);
#3146 = CIRCLE('',#3147,0.499999);
#3147 = AXIS2_PLACEMENT_3D('',#3148,#3149,#3150);
#3148 = CARTESIAN_POINT('',(-1.2192,31.6992,0.E+000));
#3149 = DIRECTION('',(0.E+000,0.E+000,1.));
#3150 = DIRECTION('',(1.,0.E+000,-0.E+000));
#3151 = CYLINDRICAL_SURFACE('',#3152,0.499999);
#3152 = AXIS2_PLACEMENT_3D('',#3153,#3154,#3155);
#3153 = CARTESIAN_POINT('',(-1.2192,31.6992,0.E+000));
#3154 = DIRECTION('',(-0.E+000,-0.E+000,-1.));
#3155 = DIRECTION('',(1.,0.E+000,-0.E+000));
#3156 = ADVANCED_FACE('',(#3157),#3184,.F.);
#3157 = FACE_BOUND('',#3158,.T.);
#3158 = EDGE_LOOP('',(#3159,#3169,#3176,#3177));
#3159 = ORIENTED_EDGE('',*,*,#3160,.T.);
#3160 = EDGE_CURVE('',#3161,#3163,#3165,.T.);
#3161 = VERTEX_POINT('',#3162);
#3162 = CARTESIAN_POINT('',(-1.00464366,39.15946956,0.E+000));
#3163 = VERTEX_POINT('',#3164);
#3164 = CARTESIAN_POINT('',(-1.00464366,39.15946956,1.12268));
#3165 = LINE('',#3166,#3167);
#3166 = CARTESIAN_POINT('',(-1.00464366,39.15946956,0.E+000));
#3167 = VECTOR('',#3168,1.);
#3168 = DIRECTION('',(0.E+000,0.E+000,1.));
#3169 = ORIENTED_EDGE('',*,*,#3170,.T.);
#3170 = EDGE_CURVE('',#3163,#3163,#3171,.T.);
#3171 = CIRCLE('',#3172,0.4500118);
#3172 = AXIS2_PLACEMENT_3D('',#3173,#3174,#3175);
#3173 = CARTESIAN_POINT('',(-1.45465546,39.15946956,1.12268));
#3174 = DIRECTION('',(0.E+000,0.E+000,1.));
#3175 = DIRECTION('',(1.,0.E+000,-0.E+000));
#3176 = ORIENTED_EDGE('',*,*,#3160,.F.);
#3177 = ORIENTED_EDGE('',*,*,#3178,.F.);
#3178 = EDGE_CURVE('',#3161,#3161,#3179,.T.);
#3179 = CIRCLE('',#3180,0.4500118);
#3180 = AXIS2_PLACEMENT_3D('',#3181,#3182,#3183);
#3181 = CARTESIAN_POINT('',(-1.45465546,39.15946956,0.E+000));
#3182 = DIRECTION('',(0.E+000,0.E+000,1.));
#3183 = DIRECTION('',(1.,0.E+000,-0.E+000));
#3184 = CYLINDRICAL_SURFACE('',#3185,0.4500118);
#3185 = AXIS2_PLACEMENT_3D('',#3186,#3187,#3188);
#3186 = CARTESIAN_POINT('',(-1.45465546,39.15946956,0.E+000));
#3187 = DIRECTION('',(-0.E+000,-0.E+000,-1.));
#3188 = DIRECTION('',(1.,0.E+000,-0.E+000));
#3189 = ADVANCED_FACE('',(#3190),#3217,.F.);
#3190 = FACE_BOUND('',#3191,.T.);
#3191 = EDGE_LOOP('',(#3192,#3202,#3209,#3210));
#3192 = ORIENTED_EDGE('',*,*,#3193,.T.);
#3193 = EDGE_CURVE('',#3194,#3196,#3198,.T.);
#3194 = VERTEX_POINT('',#3195);
#3195 = CARTESIAN_POINT('',(-1.00464366,37.45766956,0.E+000));
#3196 = VERTEX_POINT('',#3197);
#3197 = CARTESIAN_POINT('',(-1.00464366,37.45766956,1.12268));
#3198 = LINE('',#3199,#3200);
#3199 = CARTESIAN_POINT('',(-1.00464366,37.45766956,0.E+000));
#3200 = VECTOR('',#3201,1.);
#3201 = DIRECTION('',(0.E+000,0.E+000,1.));
#3202 = ORIENTED_EDGE('',*,*,#3203,.T.);
#3203 = EDGE_CURVE('',#3196,#3196,#3204,.T.);
#3204 = CIRCLE('',#3205,0.4500118);
#3205 = AXIS2_PLACEMENT_3D('',#3206,#3207,#3208);
#3206 = CARTESIAN_POINT('',(-1.45465546,37.45766956,1.12268));
#3207 = DIRECTION('',(0.E+000,0.E+000,1.));
#3208 = DIRECTION('',(1.,0.E+000,-0.E+000));
#3209 = ORIENTED_EDGE('',*,*,#3193,.F.);
#3210 = ORIENTED_EDGE('',*,*,#3211,.F.);
#3211 = EDGE_CURVE('',#3194,#3194,#3212,.T.);
#3212 = CIRCLE('',#3213,0.4500118);
#3213 = AXIS2_PLACEMENT_3D('',#3214,#3215,#3216);
#3214 = CARTESIAN_POINT('',(-1.45465546,37.45766956,0.E+000));
#3215 = DIRECTION('',(0.E+000,0.E+000,1.));
#3216 = DIRECTION('',(1.,0.E+000,-0.E+000));
#3217 = CYLINDRICAL_SURFACE('',#3218,0.4500118);
#3218 = AXIS2_PLACEMENT_3D('',#3219,#3220,#3221);
#3219 = CARTESIAN_POINT('',(-1.45465546,37.45766956,0.E+000));
#3220 = DIRECTION('',(-0.E+000,-0.E+000,-1.));
#3221 = DIRECTION('',(1.,0.E+000,-0.E+000));
#3222 = ADVANCED_FACE('',(#3223),#3250,.F.);
#3223 = FACE_BOUND('',#3224,.T.);
#3224 = EDGE_LOOP('',(#3225,#3235,#3242,#3243));
#3225 = ORIENTED_EDGE('',*,*,#3226,.T.);
#3226 = EDGE_CURVE('',#3227,#3229,#3231,.T.);
#3227 = VERTEX_POINT('',#3228);
#3228 = CARTESIAN_POINT('',(-0.719201,21.5392,0.E+000));
#3229 = VERTEX_POINT('',#3230);
#3230 = CARTESIAN_POINT('',(-0.719201,21.5392,1.12268));
#3231 = LINE('',#3232,#3233);
#3232 = CARTESIAN_POINT('',(-0.719201,21.5392,0.E+000));
#3233 = VECTOR('',#3234,1.);
#3234 = DIRECTION('',(0.E+000,0.E+000,1.));
#3235 = ORIENTED_EDGE('',*,*,#3236,.T.);
#3236 = EDGE_CURVE('',#3229,#3229,#3237,.T.);
#3237 = CIRCLE('',#3238,0.499999);
#3238 = AXIS2_PLACEMENT_3D('',#3239,#3240,#3241);
#3239 = CARTESIAN_POINT('',(-1.2192,21.5392,1.12268));
#3240 = DIRECTION('',(0.E+000,0.E+000,1.));
#3241 = DIRECTION('',(1.,0.E+000,-0.E+000));
#3242 = ORIENTED_EDGE('',*,*,#3226,.F.);
#3243 = ORIENTED_EDGE('',*,*,#3244,.F.);
#3244 = EDGE_CURVE('',#3227,#3227,#3245,.T.);
#3245 = CIRCLE('',#3246,0.499999);
#3246 = AXIS2_PLACEMENT_3D('',#3247,#3248,#3249);
#3247 = CARTESIAN_POINT('',(-1.2192,21.5392,0.E+000));
#3248 = DIRECTION('',(0.E+000,0.E+000,1.));
#3249 = DIRECTION('',(1.,0.E+000,-0.E+000));
#3250 = CYLINDRICAL_SURFACE('',#3251,0.499999);
#3251 = AXIS2_PLACEMENT_3D('',#3252,#3253,#3254);
#3252 = CARTESIAN_POINT('',(-1.2192,21.5392,0.E+000));
#3253 = DIRECTION('',(-0.E+000,-0.E+000,-1.));
#3254 = DIRECTION('',(1.,0.E+000,-0.E+000));
#3255 = ADVANCED_FACE('',(#3256),#3283,.F.);
#3256 = FACE_BOUND('',#3257,.T.);
#3257 = EDGE_LOOP('',(#3258,#3268,#3275,#3276));
#3258 = ORIENTED_EDGE('',*,*,#3259,.T.);
#3259 = EDGE_CURVE('',#3260,#3262,#3264,.T.);
#3260 = VERTEX_POINT('',#3261);
#3261 = CARTESIAN_POINT('',(-0.719201,18.9992,0.E+000));
#3262 = VERTEX_POINT('',#3263);
#3263 = CARTESIAN_POINT('',(-0.719201,18.9992,1.12268));
#3264 = LINE('',#3265,#3266);
#3265 = CARTESIAN_POINT('',(-0.719201,18.9992,0.E+000));
#3266 = VECTOR('',#3267,1.);
#3267 = DIRECTION('',(0.E+000,0.E+000,1.));
#3268 = ORIENTED_EDGE('',*,*,#3269,.T.);
#3269 = EDGE_CURVE('',#3262,#3262,#3270,.T.);
#3270 = CIRCLE('',#3271,0.499999);
#3271 = AXIS2_PLACEMENT_3D('',#3272,#3273,#3274);
#3272 = CARTESIAN_POINT('',(-1.2192,18.9992,1.12268));
#3273 = DIRECTION('',(0.E+000,0.E+000,1.));
#3274 = DIRECTION('',(1.,0.E+000,-0.E+000));
#3275 = ORIENTED_EDGE('',*,*,#3259,.F.);
#3276 = ORIENTED_EDGE('',*,*,#3277,.F.);
#3277 = EDGE_CURVE('',#3260,#3260,#3278,.T.);
#3278 = CIRCLE('',#3279,0.499999);
#3279 = AXIS2_PLACEMENT_3D('',#3280,#3281,#3282);
#3280 = CARTESIAN_POINT('',(-1.2192,18.9992,0.E+000));
#3281 = DIRECTION('',(0.E+000,0.E+000,1.));
#3282 = DIRECTION('',(1.,0.E+000,-0.E+000));
#3283 = CYLINDRICAL_SURFACE('',#3284,0.499999);
#3284 = AXIS2_PLACEMENT_3D('',#3285,#3286,#3287);
#3285 = CARTESIAN_POINT('',(-1.2192,18.9992,0.E+000));
#3286 = DIRECTION('',(-0.E+000,-0.E+000,-1.));
#3287 = DIRECTION('',(1.,0.E+000,-0.E+000));
#3288 = ADVANCED_FACE('',(#3289),#3316,.F.);
#3289 = FACE_BOUND('',#3290,.T.);
#3290 = EDGE_LOOP('',(#3291,#3301,#3308,#3309));
#3291 = ORIENTED_EDGE('',*,*,#3292,.T.);
#3292 = EDGE_CURVE('',#3293,#3295,#3297,.T.);
#3293 = VERTEX_POINT('',#3294);
#3294 = CARTESIAN_POINT('',(-0.719201,29.1592,0.E+000));
#3295 = VERTEX_POINT('',#3296);
#3296 = CARTESIAN_POINT('',(-0.719201,29.1592,1.12268));
#3297 = LINE('',#3298,#3299);
#3298 = CARTESIAN_POINT('',(-0.719201,29.1592,0.E+000));
#3299 = VECTOR('',#3300,1.);
#3300 = DIRECTION('',(0.E+000,0.E+000,1.));
#3301 = ORIENTED_EDGE('',*,*,#3302,.T.);
#3302 = EDGE_CURVE('',#3295,#3295,#3303,.T.);
#3303 = CIRCLE('',#3304,0.499999);
#3304 = AXIS2_PLACEMENT_3D('',#3305,#3306,#3307);
#3305 = CARTESIAN_POINT('',(-1.2192,29.1592,1.12268));
#3306 = DIRECTION('',(0.E+000,0.E+000,1.));
#3307 = DIRECTION('',(1.,0.E+000,-0.E+000));
#3308 = ORIENTED_EDGE('',*,*,#3292,.F.);
#3309 = ORIENTED_EDGE('',*,*,#3310,.F.);
#3310 = EDGE_CURVE('',#3293,#3293,#3311,.T.);
#3311 = CIRCLE('',#3312,0.499999);
#3312 = AXIS2_PLACEMENT_3D('',#3313,#3314,#3315);
#3313 = CARTESIAN_POINT('',(-1.2192,29.1592,0.E+000));
#3314 = DIRECTION('',(0.E+000,0.E+000,1.));
#3315 = DIRECTION('',(1.,0.E+000,-0.E+000));
#3316 = CYLINDRICAL_SURFACE('',#3317,0.499999);
#3317 = AXIS2_PLACEMENT_3D('',#3318,#3319,#3320);
#3318 = CARTESIAN_POINT('',(-1.2192,29.1592,0.E+000));
#3319 = DIRECTION('',(-0.E+000,-0.E+000,-1.));
#3320 = DIRECTION('',(1.,0.E+000,-0.E+000));
#3321 = ADVANCED_FACE('',(#3322),#3349,.F.);
#3322 = FACE_BOUND('',#3323,.T.);
#3323 = EDGE_LOOP('',(#3324,#3334,#3341,#3342));
#3324 = ORIENTED_EDGE('',*,*,#3325,.T.);
#3325 = EDGE_CURVE('',#3326,#3328,#3330,.T.);
#3326 = VERTEX_POINT('',#3327);
#3327 = CARTESIAN_POINT('',(-0.719201,24.0792,0.E+000));
#3328 = VERTEX_POINT('',#3329);
#3329 = CARTESIAN_POINT('',(-0.719201,24.0792,1.12268));
#3330 = LINE('',#3331,#3332);
#3331 = CARTESIAN_POINT('',(-0.719201,24.0792,0.E+000));
#3332 = VECTOR('',#3333,1.);
#3333 = DIRECTION('',(0.E+000,0.E+000,1.));
#3334 = ORIENTED_EDGE('',*,*,#3335,.T.);
#3335 = EDGE_CURVE('',#3328,#3328,#3336,.T.);
#3336 = CIRCLE('',#3337,0.499999);
#3337 = AXIS2_PLACEMENT_3D('',#3338,#3339,#3340);
#3338 = CARTESIAN_POINT('',(-1.2192,24.0792,1.12268));
#3339 = DIRECTION('',(0.E+000,0.E+000,1.));
#3340 = DIRECTION('',(1.,0.E+000,-0.E+000));
#3341 = ORIENTED_EDGE('',*,*,#3325,.F.);
#3342 = ORIENTED_EDGE('',*,*,#3343,.F.);
#3343 = EDGE_CURVE('',#3326,#3326,#3344,.T.);
#3344 = CIRCLE('',#3345,0.499999);
#3345 = AXIS2_PLACEMENT_3D('',#3346,#3347,#3348);
#3346 = CARTESIAN_POINT('',(-1.2192,24.0792,0.E+000));
#3347 = DIRECTION('',(0.E+000,0.E+000,1.));
#3348 = DIRECTION('',(1.,0.E+000,-0.E+000));
#3349 = CYLINDRICAL_SURFACE('',#3350,0.499999);
#3350 = AXIS2_PLACEMENT_3D('',#3351,#3352,#3353);
#3351 = CARTESIAN_POINT('',(-1.2192,24.0792,0.E+000));
#3352 = DIRECTION('',(-0.E+000,-0.E+000,-1.));
#3353 = DIRECTION('',(1.,0.E+000,-0.E+000));
#3354 = ADVANCED_FACE('',(#3355),#3382,.F.);
#3355 = FACE_BOUND('',#3356,.T.);
#3356 = EDGE_LOOP('',(#3357,#3367,#3374,#3375));
#3357 = ORIENTED_EDGE('',*,*,#3358,.T.);
#3358 = EDGE_CURVE('',#3359,#3361,#3363,.T.);
#3359 = VERTEX_POINT('',#3360);
#3360 = CARTESIAN_POINT('',(-0.719201,26.6192,0.E+000));
#3361 = VERTEX_POINT('',#3362);
#3362 = CARTESIAN_POINT('',(-0.719201,26.6192,1.12268));
#3363 = LINE('',#3364,#3365);
#3364 = CARTESIAN_POINT('',(-0.719201,26.6192,0.E+000));
#3365 = VECTOR('',#3366,1.);
#3366 = DIRECTION('',(0.E+000,0.E+000,1.));
#3367 = ORIENTED_EDGE('',*,*,#3368,.T.);
#3368 = EDGE_CURVE('',#3361,#3361,#3369,.T.);
#3369 = CIRCLE('',#3370,0.499999);
#3370 = AXIS2_PLACEMENT_3D('',#3371,#3372,#3373);
#3371 = CARTESIAN_POINT('',(-1.2192,26.6192,1.12268));
#3372 = DIRECTION('',(0.E+000,0.E+000,1.));
#3373 = DIRECTION('',(1.,0.E+000,-0.E+000));
#3374 = ORIENTED_EDGE('',*,*,#3358,.F.);
#3375 = ORIENTED_EDGE('',*,*,#3376,.F.);
#3376 = EDGE_CURVE('',#3359,#3359,#3377,.T.);
#3377 = CIRCLE('',#3378,0.499999);
#3378 = AXIS2_PLACEMENT_3D('',#3379,#3380,#3381);
#3379 = CARTESIAN_POINT('',(-1.2192,26.6192,0.E+000));
#3380 = DIRECTION('',(0.E+000,0.E+000,1.));
#3381 = DIRECTION('',(1.,0.E+000,-0.E+000));
#3382 = CYLINDRICAL_SURFACE('',#3383,0.499999);
#3383 = AXIS2_PLACEMENT_3D('',#3384,#3385,#3386);
#3384 = CARTESIAN_POINT('',(-1.2192,26.6192,0.E+000));
#3385 = DIRECTION('',(-0.E+000,-0.E+000,-1.));
#3386 = DIRECTION('',(1.,0.E+000,-0.E+000));
#3387 = ADVANCED_FACE('',(#3388,#3414,#3417,#3420,#3423,#3426,#3432,
    #3455,#3458,#3461,#3464,#3467,#3470,#3473,#3476,#3479,#3482,#3485,
    #3488,#3494,#3497,#3520,#3523,#3526,#3529,#3532,#3535,#3538,#3541,
    #3544,#3547,#3550,#3553,#3556,#3559),#3562,.T.);
#3388 = FACE_BOUND('',#3389,.F.);
#3389 = EDGE_LOOP('',(#3390,#3391,#3392,#3393,#3394,#3395,#3396,#3397,
    #3398,#3399,#3400,#3401,#3402,#3403,#3404,#3405,#3406,#3407,#3408,
    #3409,#3410,#3411,#3412,#3413));
#3390 = ORIENTED_EDGE('',*,*,#99,.T.);
#3391 = ORIENTED_EDGE('',*,*,#130,.T.);
#3392 = ORIENTED_EDGE('',*,*,#162,.T.);
#3393 = ORIENTED_EDGE('',*,*,#194,.T.);
#3394 = ORIENTED_EDGE('',*,*,#226,.T.);
#3395 = ORIENTED_EDGE('',*,*,#258,.T.);
#3396 = ORIENTED_EDGE('',*,*,#290,.T.);
#3397 = ORIENTED_EDGE('',*,*,#322,.T.);
#3398 = ORIENTED_EDGE('',*,*,#354,.T.);
#3399 = ORIENTED_EDGE('',*,*,#387,.T.);
#3400 = ORIENTED_EDGE('',*,*,#420,.T.);
#3401 = ORIENTED_EDGE('',*,*,#453,.T.);
#3402 = ORIENTED_EDGE('',*,*,#485,.T.);
#3403 = ORIENTED_EDGE('',*,*,#517,.T.);
#3404 = ORIENTED_EDGE('',*,*,#549,.T.);
#3405 = ORIENTED_EDGE('',*,*,#580,.T.);
#3406 = ORIENTED_EDGE('',*,*,#612,.T.);
#3407 = ORIENTED_EDGE('',*,*,#645,.T.);
#3408 = ORIENTED_EDGE('',*,*,#677,.T.);
#3409 = ORIENTED_EDGE('',*,*,#709,.T.);
#3410 = ORIENTED_EDGE('',*,*,#741,.T.);
#3411 = ORIENTED_EDGE('',*,*,#773,.T.);
#3412 = ORIENTED_EDGE('',*,*,#805,.T.);
#3413 = ORIENTED_EDGE('',*,*,#828,.T.);
#3414 = FACE_BOUND('',#3415,.T.);
#3415 = EDGE_LOOP('',(#3416));
#3416 = ORIENTED_EDGE('',*,*,#861,.T.);
#3417 = FACE_BOUND('',#3418,.T.);
#3418 = EDGE_LOOP('',(#3419));
#3419 = ORIENTED_EDGE('',*,*,#894,.T.);
#3420 = FACE_BOUND('',#3421,.T.);
#3421 = EDGE_LOOP('',(#3422));
#3422 = ORIENTED_EDGE('',*,*,#927,.T.);
#3423 = FACE_BOUND('',#3424,.T.);
#3424 = EDGE_LOOP('',(#3425));
#3425 = ORIENTED_EDGE('',*,*,#960,.T.);
#3426 = FACE_BOUND('',#3427,.T.);
#3427 = EDGE_LOOP('',(#3428,#3429,#3430,#3431));
#3428 = ORIENTED_EDGE('',*,*,#1001,.T.);
#3429 = ORIENTED_EDGE('',*,*,#1033,.T.);
#3430 = ORIENTED_EDGE('',*,*,#1065,.T.);
#3431 = ORIENTED_EDGE('',*,*,#1088,.T.);
#3432 = FACE_BOUND('',#3433,.T.);
#3433 = EDGE_LOOP('',(#3434,#3435,#3436,#3437,#3438,#3439,#3440,#3441,
    #3442,#3443,#3444,#3445,#3446,#3447,#3448,#3449,#3450,#3451,#3452,
    #3453,#3454));
#3434 = ORIENTED_EDGE('',*,*,#1129,.T.);
#3435 = ORIENTED_EDGE('',*,*,#1160,.T.);
#3436 = ORIENTED_EDGE('',*,*,#1191,.T.);
#3437 = ORIENTED_EDGE('',*,*,#1222,.T.);
#3438 = ORIENTED_EDGE('',*,*,#1253,.T.);
#3439 = ORIENTED_EDGE('',*,*,#1284,.T.);
#3440 = ORIENTED_EDGE('',*,*,#1315,.T.);
#3441 = ORIENTED_EDGE('',*,*,#1346,.T.);
#3442 = ORIENTED_EDGE('',*,*,#1377,.T.);
#3443 = ORIENTED_EDGE('',*,*,#1408,.T.);
#3444 = ORIENTED_EDGE('',*,*,#1439,.T.);
#3445 = ORIENTED_EDGE('',*,*,#1470,.T.);
#3446 = ORIENTED_EDGE('',*,*,#1501,.T.);
#3447 = ORIENTED_EDGE('',*,*,#1532,.T.);
#3448 = ORIENTED_EDGE('',*,*,#1563,.T.);
#3449 = ORIENTED_EDGE('',*,*,#1594,.T.);
#3450 = ORIENTED_EDGE('',*,*,#1625,.T.);
#3451 = ORIENTED_EDGE('',*,*,#1656,.T.);
#3452 = ORIENTED_EDGE('',*,*,#1687,.T.);
#3453 = ORIENTED_EDGE('',*,*,#1718,.T.);
#3454 = ORIENTED_EDGE('',*,*,#1740,.T.);
#3455 = FACE_BOUND('',#3456,.T.);
#3456 = EDGE_LOOP('',(#3457));
#3457 = ORIENTED_EDGE('',*,*,#1772,.T.);
#3458 = FACE_BOUND('',#3459,.T.);
#3459 = EDGE_LOOP('',(#3460));
#3460 = ORIENTED_EDGE('',*,*,#1805,.T.);
#3461 = FACE_BOUND('',#3462,.T.);
#3462 = EDGE_LOOP('',(#3463));
#3463 = ORIENTED_EDGE('',*,*,#1838,.T.);
#3464 = FACE_BOUND('',#3465,.T.);
#3465 = EDGE_LOOP('',(#3466));
#3466 = ORIENTED_EDGE('',*,*,#1871,.T.);
#3467 = FACE_BOUND('',#3468,.T.);
#3468 = EDGE_LOOP('',(#3469));
#3469 = ORIENTED_EDGE('',*,*,#1904,.T.);
#3470 = FACE_BOUND('',#3471,.T.);
#3471 = EDGE_LOOP('',(#3472));
#3472 = ORIENTED_EDGE('',*,*,#1937,.T.);
#3473 = FACE_BOUND('',#3474,.T.);
#3474 = EDGE_LOOP('',(#3475));
#3475 = ORIENTED_EDGE('',*,*,#1970,.T.);
#3476 = FACE_BOUND('',#3477,.T.);
#3477 = EDGE_LOOP('',(#3478));
#3478 = ORIENTED_EDGE('',*,*,#2003,.T.);
#3479 = FACE_BOUND('',#3480,.T.);
#3480 = EDGE_LOOP('',(#3481));
#3481 = ORIENTED_EDGE('',*,*,#2036,.T.);
#3482 = FACE_BOUND('',#3483,.T.);
#3483 = EDGE_LOOP('',(#3484));
#3484 = ORIENTED_EDGE('',*,*,#2069,.T.);
#3485 = FACE_BOUND('',#3486,.T.);
#3486 = EDGE_LOOP('',(#3487));
#3487 = ORIENTED_EDGE('',*,*,#2102,.T.);
#3488 = FACE_BOUND('',#3489,.T.);
#3489 = EDGE_LOOP('',(#3490,#3491,#3492,#3493));
#3490 = ORIENTED_EDGE('',*,*,#2143,.T.);
#3491 = ORIENTED_EDGE('',*,*,#2175,.T.);
#3492 = ORIENTED_EDGE('',*,*,#2207,.T.);
#3493 = ORIENTED_EDGE('',*,*,#2230,.T.);
#3494 = FACE_BOUND('',#3495,.T.);
#3495 = EDGE_LOOP('',(#3496));
#3496 = ORIENTED_EDGE('',*,*,#2263,.T.);
#3497 = FACE_BOUND('',#3498,.T.);
#3498 = EDGE_LOOP('',(#3499,#3500,#3501,#3502,#3503,#3504,#3505,#3506,
    #3507,#3508,#3509,#3510,#3511,#3512,#3513,#3514,#3515,#3516,#3517,
    #3518,#3519));
#3499 = ORIENTED_EDGE('',*,*,#2304,.T.);
#3500 = ORIENTED_EDGE('',*,*,#2335,.T.);
#3501 = ORIENTED_EDGE('',*,*,#2366,.T.);
#3502 = ORIENTED_EDGE('',*,*,#2397,.T.);
#3503 = ORIENTED_EDGE('',*,*,#2428,.T.);
#3504 = ORIENTED_EDGE('',*,*,#2459,.T.);
#3505 = ORIENTED_EDGE('',*,*,#2490,.T.);
#3506 = ORIENTED_EDGE('',*,*,#2521,.T.);
#3507 = ORIENTED_EDGE('',*,*,#2552,.T.);
#3508 = ORIENTED_EDGE('',*,*,#2583,.T.);
#3509 = ORIENTED_EDGE('',*,*,#2614,.T.);
#3510 = ORIENTED_EDGE('',*,*,#2645,.T.);
#3511 = ORIENTED_EDGE('',*,*,#2676,.T.);
#3512 = ORIENTED_EDGE('',*,*,#2707,.T.);
#3513 = ORIENTED_EDGE('',*,*,#2738,.T.);
#3514 = ORIENTED_EDGE('',*,*,#2769,.T.);
#3515 = ORIENTED_EDGE('',*,*,#2800,.T.);
#3516 = ORIENTED_EDGE('',*,*,#2831,.T.);
#3517 = ORIENTED_EDGE('',*,*,#2862,.T.);
#3518 = ORIENTED_EDGE('',*,*,#2893,.T.);
#3519 = ORIENTED_EDGE('',*,*,#2915,.T.);
#3520 = FACE_BOUND('',#3521,.T.);
#3521 = EDGE_LOOP('',(#3522));
#3522 = ORIENTED_EDGE('',*,*,#2947,.T.);
#3523 = FACE_BOUND('',#3524,.T.);
#3524 = EDGE_LOOP('',(#3525));
#3525 = ORIENTED_EDGE('',*,*,#2980,.T.);
#3526 = FACE_BOUND('',#3527,.T.);
#3527 = EDGE_LOOP('',(#3528));
#3528 = ORIENTED_EDGE('',*,*,#3013,.T.);
#3529 = FACE_BOUND('',#3530,.T.);
#3530 = EDGE_LOOP('',(#3531));
#3531 = ORIENTED_EDGE('',*,*,#3046,.T.);
#3532 = FACE_BOUND('',#3533,.T.);
#3533 = EDGE_LOOP('',(#3534));
#3534 = ORIENTED_EDGE('',*,*,#3079,.T.);
#3535 = FACE_BOUND('',#3536,.T.);
#3536 = EDGE_LOOP('',(#3537));
#3537 = ORIENTED_EDGE('',*,*,#3112,.T.);
#3538 = FACE_BOUND('',#3539,.T.);
#3539 = EDGE_LOOP('',(#3540));
#3540 = ORIENTED_EDGE('',*,*,#3145,.T.);
#3541 = FACE_BOUND('',#3542,.T.);
#3542 = EDGE_LOOP('',(#3543));
#3543 = ORIENTED_EDGE('',*,*,#3178,.T.);
#3544 = FACE_BOUND('',#3545,.T.);
#3545 = EDGE_LOOP('',(#3546));
#3546 = ORIENTED_EDGE('',*,*,#3211,.T.);
#3547 = FACE_BOUND('',#3548,.T.);
#3548 = EDGE_LOOP('',(#3549));
#3549 = ORIENTED_EDGE('',*,*,#3244,.T.);
#3550 = FACE_BOUND('',#3551,.T.);
#3551 = EDGE_LOOP('',(#3552));
#3552 = ORIENTED_EDGE('',*,*,#3277,.T.);
#3553 = FACE_BOUND('',#3554,.T.);
#3554 = EDGE_LOOP('',(#3555));
#3555 = ORIENTED_EDGE('',*,*,#3310,.T.);
#3556 = FACE_BOUND('',#3557,.T.);
#3557 = EDGE_LOOP('',(#3558));
#3558 = ORIENTED_EDGE('',*,*,#3343,.T.);
#3559 = FACE_BOUND('',#3560,.T.);
#3560 = EDGE_LOOP('',(#3561));
#3561 = ORIENTED_EDGE('',*,*,#3376,.T.);
#3562 = PLANE('',#3563);
#3563 = AXIS2_PLACEMENT_3D('',#3564,#3565,#3566);
#3564 = CARTESIAN_POINT('',(-24.90600013732,-0.254000008106,0.E+000));
#3565 = DIRECTION('',(0.E+000,0.E+000,-1.));
#3566 = DIRECTION('',(-1.,0.E+000,-0.E+000));
#3567 = ADVANCED_FACE('',(#3568,#3594,#3597,#3600,#3603,#3606,#3612,
    #3635,#3638,#3641,#3644,#3647,#3650,#3653,#3656,#3659,#3662,#3665,
    #3668,#3674,#3677,#3700,#3703,#3706,#3709,#3712,#3715,#3718,#3721,
    #3724,#3727,#3730,#3733,#3736,#3739),#3742,.F.);
#3568 = FACE_BOUND('',#3569,.T.);
#3569 = EDGE_LOOP('',(#3570,#3571,#3572,#3573,#3574,#3575,#3576,#3577,
    #3578,#3579,#3580,#3581,#3582,#3583,#3584,#3585,#3586,#3587,#3588,
    #3589,#3590,#3591,#3592,#3593));
#3570 = ORIENTED_EDGE('',*,*,#83,.T.);
#3571 = ORIENTED_EDGE('',*,*,#114,.T.);
#3572 = ORIENTED_EDGE('',*,*,#145,.T.);
#3573 = ORIENTED_EDGE('',*,*,#178,.T.);
#3574 = ORIENTED_EDGE('',*,*,#209,.T.);
#3575 = ORIENTED_EDGE('',*,*,#242,.T.);
#3576 = ORIENTED_EDGE('',*,*,#273,.T.);
#3577 = ORIENTED_EDGE('',*,*,#306,.T.);
#3578 = ORIENTED_EDGE('',*,*,#337,.T.);
#3579 = ORIENTED_EDGE('',*,*,#370,.T.);
#3580 = ORIENTED_EDGE('',*,*,#403,.T.);
#3581 = ORIENTED_EDGE('',*,*,#436,.T.);
#3582 = ORIENTED_EDGE('',*,*,#469,.T.);
#3583 = ORIENTED_EDGE('',*,*,#500,.T.);
#3584 = ORIENTED_EDGE('',*,*,#533,.T.);
#3585 = ORIENTED_EDGE('',*,*,#564,.T.);
#3586 = ORIENTED_EDGE('',*,*,#595,.T.);
#3587 = ORIENTED_EDGE('',*,*,#628,.T.);
#3588 = ORIENTED_EDGE('',*,*,#661,.T.);
#3589 = ORIENTED_EDGE('',*,*,#692,.T.);
#3590 = ORIENTED_EDGE('',*,*,#725,.T.);
#3591 = ORIENTED_EDGE('',*,*,#756,.T.);
#3592 = ORIENTED_EDGE('',*,*,#789,.T.);
#3593 = ORIENTED_EDGE('',*,*,#820,.T.);
#3594 = FACE_BOUND('',#3595,.F.);
#3595 = EDGE_LOOP('',(#3596));
#3596 = ORIENTED_EDGE('',*,*,#853,.T.);
#3597 = FACE_BOUND('',#3598,.F.);
#3598 = EDGE_LOOP('',(#3599));
#3599 = ORIENTED_EDGE('',*,*,#886,.T.);
#3600 = FACE_BOUND('',#3601,.F.);
#3601 = EDGE_LOOP('',(#3602));
#3602 = ORIENTED_EDGE('',*,*,#919,.T.);
#3603 = FACE_BOUND('',#3604,.F.);
#3604 = EDGE_LOOP('',(#3605));
#3605 = ORIENTED_EDGE('',*,*,#952,.T.);
#3606 = FACE_BOUND('',#3607,.F.);
#3607 = EDGE_LOOP('',(#3608,#3609,#3610,#3611));
#3608 = ORIENTED_EDGE('',*,*,#985,.T.);
#3609 = ORIENTED_EDGE('',*,*,#1016,.T.);
#3610 = ORIENTED_EDGE('',*,*,#1049,.T.);
#3611 = ORIENTED_EDGE('',*,*,#1080,.T.);
#3612 = FACE_BOUND('',#3613,.F.);
#3613 = EDGE_LOOP('',(#3614,#3615,#3616,#3617,#3618,#3619,#3620,#3621,
    #3622,#3623,#3624,#3625,#3626,#3627,#3628,#3629,#3630,#3631,#3632,
    #3633,#3634));
#3614 = ORIENTED_EDGE('',*,*,#1113,.T.);
#3615 = ORIENTED_EDGE('',*,*,#1144,.T.);
#3616 = ORIENTED_EDGE('',*,*,#1175,.T.);
#3617 = ORIENTED_EDGE('',*,*,#1206,.T.);
#3618 = ORIENTED_EDGE('',*,*,#1237,.T.);
#3619 = ORIENTED_EDGE('',*,*,#1268,.T.);
#3620 = ORIENTED_EDGE('',*,*,#1299,.T.);
#3621 = ORIENTED_EDGE('',*,*,#1330,.T.);
#3622 = ORIENTED_EDGE('',*,*,#1361,.T.);
#3623 = ORIENTED_EDGE('',*,*,#1392,.T.);
#3624 = ORIENTED_EDGE('',*,*,#1423,.T.);
#3625 = ORIENTED_EDGE('',*,*,#1454,.T.);
#3626 = ORIENTED_EDGE('',*,*,#1485,.T.);
#3627 = ORIENTED_EDGE('',*,*,#1516,.T.);
#3628 = ORIENTED_EDGE('',*,*,#1547,.T.);
#3629 = ORIENTED_EDGE('',*,*,#1578,.T.);
#3630 = ORIENTED_EDGE('',*,*,#1609,.T.);
#3631 = ORIENTED_EDGE('',*,*,#1640,.T.);
#3632 = ORIENTED_EDGE('',*,*,#1671,.T.);
#3633 = ORIENTED_EDGE('',*,*,#1702,.T.);
#3634 = ORIENTED_EDGE('',*,*,#1733,.T.);
#3635 = FACE_BOUND('',#3636,.F.);
#3636 = EDGE_LOOP('',(#3637));
#3637 = ORIENTED_EDGE('',*,*,#1764,.T.);
#3638 = FACE_BOUND('',#3639,.F.);
#3639 = EDGE_LOOP('',(#3640));
#3640 = ORIENTED_EDGE('',*,*,#1797,.T.);
#3641 = FACE_BOUND('',#3642,.F.);
#3642 = EDGE_LOOP('',(#3643));
#3643 = ORIENTED_EDGE('',*,*,#1830,.T.);
#3644 = FACE_BOUND('',#3645,.F.);
#3645 = EDGE_LOOP('',(#3646));
#3646 = ORIENTED_EDGE('',*,*,#1863,.T.);
#3647 = FACE_BOUND('',#3648,.F.);
#3648 = EDGE_LOOP('',(#3649));
#3649 = ORIENTED_EDGE('',*,*,#1896,.T.);
#3650 = FACE_BOUND('',#3651,.F.);
#3651 = EDGE_LOOP('',(#3652));
#3652 = ORIENTED_EDGE('',*,*,#1929,.T.);
#3653 = FACE_BOUND('',#3654,.F.);
#3654 = EDGE_LOOP('',(#3655));
#3655 = ORIENTED_EDGE('',*,*,#1962,.T.);
#3656 = FACE_BOUND('',#3657,.F.);
#3657 = EDGE_LOOP('',(#3658));
#3658 = ORIENTED_EDGE('',*,*,#1995,.T.);
#3659 = FACE_BOUND('',#3660,.F.);
#3660 = EDGE_LOOP('',(#3661));
#3661 = ORIENTED_EDGE('',*,*,#2028,.T.);
#3662 = FACE_BOUND('',#3663,.F.);
#3663 = EDGE_LOOP('',(#3664));
#3664 = ORIENTED_EDGE('',*,*,#2061,.T.);
#3665 = FACE_BOUND('',#3666,.F.);
#3666 = EDGE_LOOP('',(#3667));
#3667 = ORIENTED_EDGE('',*,*,#2094,.T.);
#3668 = FACE_BOUND('',#3669,.F.);
#3669 = EDGE_LOOP('',(#3670,#3671,#3672,#3673));
#3670 = ORIENTED_EDGE('',*,*,#2127,.T.);
#3671 = ORIENTED_EDGE('',*,*,#2158,.T.);
#3672 = ORIENTED_EDGE('',*,*,#2191,.T.);
#3673 = ORIENTED_EDGE('',*,*,#2222,.T.);
#3674 = FACE_BOUND('',#3675,.F.);
#3675 = EDGE_LOOP('',(#3676));
#3676 = ORIENTED_EDGE('',*,*,#2255,.T.);
#3677 = FACE_BOUND('',#3678,.F.);
#3678 = EDGE_LOOP('',(#3679,#3680,#3681,#3682,#3683,#3684,#3685,#3686,
    #3687,#3688,#3689,#3690,#3691,#3692,#3693,#3694,#3695,#3696,#3697,
    #3698,#3699));
#3679 = ORIENTED_EDGE('',*,*,#2288,.T.);
#3680 = ORIENTED_EDGE('',*,*,#2319,.T.);
#3681 = ORIENTED_EDGE('',*,*,#2350,.T.);
#3682 = ORIENTED_EDGE('',*,*,#2381,.T.);
#3683 = ORIENTED_EDGE('',*,*,#2412,.T.);
#3684 = ORIENTED_EDGE('',*,*,#2443,.T.);
#3685 = ORIENTED_EDGE('',*,*,#2474,.T.);
#3686 = ORIENTED_EDGE('',*,*,#2505,.T.);
#3687 = ORIENTED_EDGE('',*,*,#2536,.T.);
#3688 = ORIENTED_EDGE('',*,*,#2567,.T.);
#3689 = ORIENTED_EDGE('',*,*,#2598,.T.);
#3690 = ORIENTED_EDGE('',*,*,#2629,.T.);
#3691 = ORIENTED_EDGE('',*,*,#2660,.T.);
#3692 = ORIENTED_EDGE('',*,*,#2691,.T.);
#3693 = ORIENTED_EDGE('',*,*,#2722,.T.);
#3694 = ORIENTED_EDGE('',*,*,#2753,.T.);
#3695 = ORIENTED_EDGE('',*,*,#2784,.T.);
#3696 = ORIENTED_EDGE('',*,*,#2815,.T.);
#3697 = ORIENTED_EDGE('',*,*,#2846,.T.);
#3698 = ORIENTED_EDGE('',*,*,#2877,.T.);
#3699 = ORIENTED_EDGE('',*,*,#2908,.T.);
#3700 = FACE_BOUND('',#3701,.F.);
#3701 = EDGE_LOOP('',(#3702));
#3702 = ORIENTED_EDGE('',*,*,#2939,.T.);
#3703 = FACE_BOUND('',#3704,.F.);
#3704 = EDGE_LOOP('',(#3705));
#3705 = ORIENTED_EDGE('',*,*,#2972,.T.);
#3706 = FACE_BOUND('',#3707,.F.);
#3707 = EDGE_LOOP('',(#3708));
#3708 = ORIENTED_EDGE('',*,*,#3005,.T.);
#3709 = FACE_BOUND('',#3710,.F.);
#3710 = EDGE_LOOP('',(#3711));
#3711 = ORIENTED_EDGE('',*,*,#3038,.T.);
#3712 = FACE_BOUND('',#3713,.F.);
#3713 = EDGE_LOOP('',(#3714));
#3714 = ORIENTED_EDGE('',*,*,#3071,.T.);
#3715 = FACE_BOUND('',#3716,.F.);
#3716 = EDGE_LOOP('',(#3717));
#3717 = ORIENTED_EDGE('',*,*,#3104,.T.);
#3718 = FACE_BOUND('',#3719,.F.);
#3719 = EDGE_LOOP('',(#3720));
#3720 = ORIENTED_EDGE('',*,*,#3137,.T.);
#3721 = FACE_BOUND('',#3722,.F.);
#3722 = EDGE_LOOP('',(#3723));
#3723 = ORIENTED_EDGE('',*,*,#3170,.T.);
#3724 = FACE_BOUND('',#3725,.F.);
#3725 = EDGE_LOOP('',(#3726));
#3726 = ORIENTED_EDGE('',*,*,#3203,.T.);
#3727 = FACE_BOUND('',#3728,.F.);
#3728 = EDGE_LOOP('',(#3729));
#3729 = ORIENTED_EDGE('',*,*,#3236,.T.);
#3730 = FACE_BOUND('',#3731,.F.);
#3731 = EDGE_LOOP('',(#3732));
#3732 = ORIENTED_EDGE('',*,*,#3269,.T.);
#3733 = FACE_BOUND('',#3734,.F.);
#3734 = EDGE_LOOP('',(#3735));
#3735 = ORIENTED_EDGE('',*,*,#3302,.T.);
#3736 = FACE_BOUND('',#3737,.F.);
#3737 = EDGE_LOOP('',(#3738));
#3738 = ORIENTED_EDGE('',*,*,#3335,.T.);
#3739 = FACE_BOUND('',#3740,.F.);
#3740 = EDGE_LOOP('',(#3741));
#3741 = ORIENTED_EDGE('',*,*,#3368,.T.);
#3742 = PLANE('',#3743);
#3743 = AXIS2_PLACEMENT_3D('',#3744,#3745,#3746);
#3744 = CARTESIAN_POINT('',(-24.90600013732,-0.254000008106,1.12268));
#3745 = DIRECTION('',(0.E+000,0.E+000,-1.));
#3746 = DIRECTION('',(-1.,0.E+000,-0.E+000));
#3747 = ( GEOMETRIC_REPRESENTATION_CONTEXT(3) 
GLOBAL_UNCERTAINTY_ASSIGNED_CONTEXT((#3751)) 
GLOBAL_UNIT_ASSIGNED_CONTEXT((#3748,#3749,#3750)) REPRESENTATION_CONTEXT
('Context #1','3D Context with UNIT and UNCERTAINTY') );
#3748 = ( LENGTH_UNIT() NAMED_UNIT(*) SI_UNIT(.MILLI.,.METRE.) );
#3749 = ( NAMED_UNIT(*) PLANE_ANGLE_UNIT() SI_UNIT($,.RADIAN.) );
#3750 = ( NAMED_UNIT(*) SI_UNIT($,.STERADIAN.) SOLID_ANGLE_UNIT() );
#3751 = UNCERTAINTY_MEASURE_WITH_UNIT(LENGTH_MEASURE(1.E-007),#3748,
  'distance_accuracy_value','confusion accuracy');
#3752 = SHAPE_DEFINITION_REPRESENTATION(#3753,#66);
#3753 = PRODUCT_DEFINITION_SHAPE('','',#3754);
#3754 = PRODUCT_DEFINITION('design','',#3755,#3758);
#3755 = PRODUCT_DEFINITION_FORMATION('','',#3756);
#3756 = PRODUCT('Open CASCADE STEP translator 6.8 1.1.1',
  'Open CASCADE STEP translator 6.8 1.1.1','',(#3757));
#3757 = PRODUCT_CONTEXT('',#2,'mechanical');
#3758 = PRODUCT_DEFINITION_CONTEXT('part definition',#2,'design');
#3759 = CONTEXT_DEPENDENT_SHAPE_REPRESENTATION(#3760,#3762);
#3760 = ( REPRESENTATION_RELATIONSHIP('','',#66,#56) 
REPRESENTATION_RELATIONSHIP_WITH_TRANSFORMATION(#3761) 
SHAPE_REPRESENTATION_RELATIONSHIP() );
#3761 = ITEM_DEFINED_TRANSFORMATION('','',#11,#57);
#3762 = PRODUCT_DEFINITION_SHAPE('Placement','Placement of an item',
  #3763);
#3763 = NEXT_ASSEMBLY_USAGE_OCCURRENCE('1','','',#51,#3754,$);
#3764 = PRODUCT_RELATED_PRODUCT_CATEGORY('part',$,(#3756));
#3765 = CONTEXT_DEPENDENT_SHAPE_REPRESENTATION(#3766,#3768);
#3766 = ( REPRESENTATION_RELATIONSHIP('','',#56,#10) 
REPRESENTATION_RELATIONSHIP_WITH_TRANSFORMATION(#3767) 
SHAPE_REPRESENTATION_RELATIONSHIP() );
#3767 = ITEM_DEFINED_TRANSFORMATION('','',#11,#15);
#3768 = PRODUCT_DEFINITION_SHAPE('Placement','Placement of an item',
  #3769);
#3769 = NEXT_ASSEMBLY_USAGE_OCCURRENCE('2','','',#5,#51,$);
#3770 = PRODUCT_RELATED_PRODUCT_CATEGORY('part',$,(#53));
#3771 = SHAPE_DEFINITION_REPRESENTATION(#3772,#3778);
#3772 = PRODUCT_DEFINITION_SHAPE('','',#3773);
#3773 = PRODUCT_DEFINITION('design','',#3774,#3777);
#3774 = PRODUCT_DEFINITION_FORMATION('','',#3775);
#3775 = PRODUCT('L1','L1','',(#3776));
#3776 = PRODUCT_CONTEXT('',#2,'mechanical');
#3777 = PRODUCT_DEFINITION_CONTEXT('part definition',#2,'design');
#3778 = SHAPE_REPRESENTATION('',(#11,#3779),#3783);
#3779 = AXIS2_PLACEMENT_3D('',#3780,#3781,#3782);
#3780 = CARTESIAN_POINT('',(-10.1345125,37.566515441895,0.E+000));
#3781 = DIRECTION('',(-0.E+000,0.E+000,1.));
#3782 = DIRECTION('',(1.19248806385E-008,-1.,0.E+000));
#3783 = ( GEOMETRIC_REPRESENTATION_CONTEXT(3) 
GLOBAL_UNCERTAINTY_ASSIGNED_CONTEXT((#3787)) 
GLOBAL_UNIT_ASSIGNED_CONTEXT((#3784,#3785,#3786)) REPRESENTATION_CONTEXT
('Context #1','3D Context with UNIT and UNCERTAINTY') );
#3784 = ( LENGTH_UNIT() NAMED_UNIT(*) SI_UNIT(.MILLI.,.METRE.) );
#3785 = ( NAMED_UNIT(*) PLANE_ANGLE_UNIT() SI_UNIT($,.RADIAN.) );
#3786 = ( NAMED_UNIT(*) SI_UNIT($,.STERADIAN.) SOLID_ANGLE_UNIT() );
#3787 = UNCERTAINTY_MEASURE_WITH_UNIT(LENGTH_MEASURE(1.E-007),#3784,
  'distance_accuracy_value','confusion accuracy');
#3788 = SHAPE_DEFINITION_REPRESENTATION(#3789,#3795);
#3789 = PRODUCT_DEFINITION_SHAPE('','',#3790);
#3790 = PRODUCT_DEFINITION('design','',#3791,#3794);
#3791 = PRODUCT_DEFINITION_FORMATION('','',#3792);
#3792 = PRODUCT('5833148752','5833148752','',(#3793));
#3793 = PRODUCT_CONTEXT('',#2,'mechanical');
#3794 = PRODUCT_DEFINITION_CONTEXT('part definition',#2,'design');
#3795 = SHAPE_REPRESENTATION('',(#11,#3796,#3800),#3804);
#3796 = AXIS2_PLACEMENT_3D('',#3797,#3798,#3799);
#3797 = CARTESIAN_POINT('',(-0.5,-0.25,0.E+000));
#3798 = DIRECTION('',(0.E+000,0.E+000,1.));
#3799 = DIRECTION('',(1.,0.E+000,0.E+000));
#3800 = AXIS2_PLACEMENT_3D('',#3801,#3802,#3803);
#3801 = CARTESIAN_POINT('',(-0.5,-0.25,0.E+000));
#3802 = DIRECTION('',(0.E+000,0.E+000,1.));
#3803 = DIRECTION('',(1.,0.E+000,0.E+000));
#3804 = ( GEOMETRIC_REPRESENTATION_CONTEXT(3) 
GLOBAL_UNCERTAINTY_ASSIGNED_CONTEXT((#3808)) 
GLOBAL_UNIT_ASSIGNED_CONTEXT((#3805,#3806,#3807)) REPRESENTATION_CONTEXT
('Context #1','3D Context with UNIT and UNCERTAINTY') );
#3805 = ( LENGTH_UNIT() NAMED_UNIT(*) SI_UNIT(.MILLI.,.METRE.) );
#3806 = ( NAMED_UNIT(*) PLANE_ANGLE_UNIT() SI_UNIT($,.RADIAN.) );
#3807 = ( NAMED_UNIT(*) SI_UNIT($,.STERADIAN.) SOLID_ANGLE_UNIT() );
#3808 = UNCERTAINTY_MEASURE_WITH_UNIT(LENGTH_MEASURE(1.E-007),#3805,
  'distance_accuracy_value','confusion accuracy');
#3809 = SHAPE_DEFINITION_REPRESENTATION(#3810,#3816);
#3810 = PRODUCT_DEFINITION_SHAPE('','',#3811);
#3811 = PRODUCT_DEFINITION('design','',#3812,#3815);
#3812 = PRODUCT_DEFINITION_FORMATION('','',#3813);
#3813 = PRODUCT('Terminal','Terminal','',(#3814));
#3814 = PRODUCT_CONTEXT('',#2,'mechanical');
#3815 = PRODUCT_DEFINITION_CONTEXT('part definition',#2,'design');
#3816 = SHAPE_REPRESENTATION('',(#11,#3817,#3821),#3825);
#3817 = AXIS2_PLACEMENT_3D('',#3818,#3819,#3820);
#3818 = CARTESIAN_POINT('',(0.E+000,0.E+000,0.E+000));
#3819 = DIRECTION('',(0.E+000,0.E+000,1.));
#3820 = DIRECTION('',(1.,0.E+000,0.E+000));
#3821 = AXIS2_PLACEMENT_3D('',#3822,#3823,#3824);
#3822 = CARTESIAN_POINT('',(0.E+000,0.E+000,0.E+000));
#3823 = DIRECTION('',(0.E+000,0.E+000,1.));
#3824 = DIRECTION('',(1.,0.E+000,0.E+000));
#3825 = ( GEOMETRIC_REPRESENTATION_CONTEXT(3) 
GLOBAL_UNCERTAINTY_ASSIGNED_CONTEXT((#3829)) 
GLOBAL_UNIT_ASSIGNED_CONTEXT((#3826,#3827,#3828)) REPRESENTATION_CONTEXT
('Context #1','3D Context with UNIT and UNCERTAINTY') );
#3826 = ( LENGTH_UNIT() NAMED_UNIT(*) SI_UNIT(.MILLI.,.METRE.) );
#3827 = ( NAMED_UNIT(*) PLANE_ANGLE_UNIT() SI_UNIT($,.RADIAN.) );
#3828 = ( NAMED_UNIT(*) SI_UNIT($,.STERADIAN.) SOLID_ANGLE_UNIT() );
#3829 = UNCERTAINTY_MEASURE_WITH_UNIT(LENGTH_MEASURE(1.E-007),#3826,
  'distance_accuracy_value','confusion accuracy');
#3830 = ADVANCED_BREP_SHAPE_REPRESENTATION('',(#11,#3831),#4285);
#3831 = MANIFOLD_SOLID_BREP('',#3832);
#3832 = CLOSED_SHELL('',(#3833,#3873,#3906,#3939,#3972,#4005,#4022,#4039
    ,#4070,#4101,#4118,#4149,#4166,#4197,#4215,#4233,#4261,#4273));
#3833 = ADVANCED_FACE('',(#3834),#3868,.F.);
#3834 = FACE_BOUND('',#3835,.F.);
#3835 = EDGE_LOOP('',(#3836,#3846,#3854,#3862));
#3836 = ORIENTED_EDGE('',*,*,#3837,.F.);
#3837 = EDGE_CURVE('',#3838,#3840,#3842,.T.);
#3838 = VERTEX_POINT('',#3839);
#3839 = CARTESIAN_POINT('',(-6.938893903907E-018,5.E-002,5.E-002));
#3840 = VERTEX_POINT('',#3841);
#3841 = CARTESIAN_POINT('',(-6.938893903907E-018,5.E-002,0.45));
#3842 = LINE('',#3843,#3844);
#3843 = CARTESIAN_POINT('',(-6.938893903907E-018,5.E-002,0.E+000));
#3844 = VECTOR('',#3845,1.);
#3845 = DIRECTION('',(0.E+000,0.E+000,1.));
#3846 = ORIENTED_EDGE('',*,*,#3847,.T.);
#3847 = EDGE_CURVE('',#3838,#3848,#3850,.T.);
#3848 = VERTEX_POINT('',#3849);
#3849 = CARTESIAN_POINT('',(-6.938893903907E-018,0.45,5.E-002));
#3850 = LINE('',#3851,#3852);
#3851 = CARTESIAN_POINT('',(-6.938893903907E-018,0.E+000,5.E-002));
#3852 = VECTOR('',#3853,1.);
#3853 = DIRECTION('',(-0.E+000,1.,0.E+000));
#3854 = ORIENTED_EDGE('',*,*,#3855,.T.);
#3855 = EDGE_CURVE('',#3848,#3856,#3858,.T.);
#3856 = VERTEX_POINT('',#3857);
#3857 = CARTESIAN_POINT('',(-6.938893903907E-018,0.45,0.45));
#3858 = LINE('',#3859,#3860);
#3859 = CARTESIAN_POINT('',(-6.938893903907E-018,0.45,0.E+000));
#3860 = VECTOR('',#3861,1.);
#3861 = DIRECTION('',(0.E+000,0.E+000,1.));
#3862 = ORIENTED_EDGE('',*,*,#3863,.F.);
#3863 = EDGE_CURVE('',#3840,#3856,#3864,.T.);
#3864 = LINE('',#3865,#3866);
#3865 = CARTESIAN_POINT('',(-6.938893903907E-018,0.E+000,0.45));
#3866 = VECTOR('',#3867,1.);
#3867 = DIRECTION('',(-0.E+000,1.,0.E+000));
#3868 = PLANE('',#3869);
#3869 = AXIS2_PLACEMENT_3D('',#3870,#3871,#3872);
#3870 = CARTESIAN_POINT('',(0.E+000,0.E+000,0.E+000));
#3871 = DIRECTION('',(1.,0.E+000,-0.E+000));
#3872 = DIRECTION('',(0.E+000,0.E+000,1.));
#3873 = ADVANCED_FACE('',(#3874),#3901,.T.);
#3874 = FACE_BOUND('',#3875,.T.);
#3875 = EDGE_LOOP('',(#3876,#3877,#3886,#3894));
#3876 = ORIENTED_EDGE('',*,*,#3837,.F.);
#3877 = ORIENTED_EDGE('',*,*,#3878,.T.);
#3878 = EDGE_CURVE('',#3838,#3879,#3881,.T.);
#3879 = VERTEX_POINT('',#3880);
#3880 = CARTESIAN_POINT('',(5.E-002,-6.938893903907E-018,5.E-002));
#3881 = CIRCLE('',#3882,5.E-002);
#3882 = AXIS2_PLACEMENT_3D('',#3883,#3884,#3885);
#3883 = CARTESIAN_POINT('',(5.E-002,5.E-002,5.E-002));
#3884 = DIRECTION('',(0.E+000,0.E+000,1.));
#3885 = DIRECTION('',(-1.,0.E+000,0.E+000));
#3886 = ORIENTED_EDGE('',*,*,#3887,.T.);
#3887 = EDGE_CURVE('',#3879,#3888,#3890,.T.);
#3888 = VERTEX_POINT('',#3889);
#3889 = CARTESIAN_POINT('',(5.E-002,-6.938893903907E-018,0.45));
#3890 = LINE('',#3891,#3892);
#3891 = CARTESIAN_POINT('',(5.E-002,-6.938893903907E-018,0.E+000));
#3892 = VECTOR('',#3893,1.);
#3893 = DIRECTION('',(0.E+000,0.E+000,1.));
#3894 = ORIENTED_EDGE('',*,*,#3895,.F.);
#3895 = EDGE_CURVE('',#3840,#3888,#3896,.T.);
#3896 = CIRCLE('',#3897,5.E-002);
#3897 = AXIS2_PLACEMENT_3D('',#3898,#3899,#3900);
#3898 = CARTESIAN_POINT('',(5.E-002,5.E-002,0.45));
#3899 = DIRECTION('',(0.E+000,0.E+000,1.));
#3900 = DIRECTION('',(-1.,0.E+000,0.E+000));
#3901 = CYLINDRICAL_SURFACE('',#3902,5.E-002);
#3902 = AXIS2_PLACEMENT_3D('',#3903,#3904,#3905);
#3903 = CARTESIAN_POINT('',(5.E-002,5.E-002,0.E+000));
#3904 = DIRECTION('',(0.E+000,0.E+000,1.));
#3905 = DIRECTION('',(-1.,-0.E+000,0.E+000));
#3906 = ADVANCED_FACE('',(#3907),#3934,.T.);
#3907 = FACE_BOUND('',#3908,.T.);
#3908 = EDGE_LOOP('',(#3909,#3910,#3919,#3927));
#3909 = ORIENTED_EDGE('',*,*,#3847,.T.);
#3910 = ORIENTED_EDGE('',*,*,#3911,.F.);
#3911 = EDGE_CURVE('',#3912,#3848,#3914,.T.);
#3912 = VERTEX_POINT('',#3913);
#3913 = CARTESIAN_POINT('',(5.E-002,0.45,0.E+000));
#3914 = CIRCLE('',#3915,5.E-002);
#3915 = AXIS2_PLACEMENT_3D('',#3916,#3917,#3918);
#3916 = CARTESIAN_POINT('',(5.E-002,0.45,5.E-002));
#3917 = DIRECTION('',(0.E+000,1.,-0.E+000));
#3918 = DIRECTION('',(-1.,0.E+000,0.E+000));
#3919 = ORIENTED_EDGE('',*,*,#3920,.F.);
#3920 = EDGE_CURVE('',#3921,#3912,#3923,.T.);
#3921 = VERTEX_POINT('',#3922);
#3922 = CARTESIAN_POINT('',(5.E-002,5.E-002,0.E+000));
#3923 = LINE('',#3924,#3925);
#3924 = CARTESIAN_POINT('',(5.E-002,0.E+000,-6.938893903907E-018));
#3925 = VECTOR('',#3926,1.);
#3926 = DIRECTION('',(-0.E+000,1.,0.E+000));
#3927 = ORIENTED_EDGE('',*,*,#3928,.T.);
#3928 = EDGE_CURVE('',#3921,#3838,#3929,.T.);
#3929 = CIRCLE('',#3930,5.E-002);
#3930 = AXIS2_PLACEMENT_3D('',#3931,#3932,#3933);
#3931 = CARTESIAN_POINT('',(5.E-002,5.E-002,5.E-002));
#3932 = DIRECTION('',(0.E+000,1.,-0.E+000));
#3933 = DIRECTION('',(-1.,0.E+000,0.E+000));
#3934 = CYLINDRICAL_SURFACE('',#3935,5.E-002);
#3935 = AXIS2_PLACEMENT_3D('',#3936,#3937,#3938);
#3936 = CARTESIAN_POINT('',(5.E-002,0.E+000,5.E-002));
#3937 = DIRECTION('',(-0.E+000,1.,0.E+000));
#3938 = DIRECTION('',(-1.,-0.E+000,0.E+000));
#3939 = ADVANCED_FACE('',(#3940),#3967,.T.);
#3940 = FACE_BOUND('',#3941,.T.);
#3941 = EDGE_LOOP('',(#3942,#3951,#3959,#3966));
#3942 = ORIENTED_EDGE('',*,*,#3943,.F.);
#3943 = EDGE_CURVE('',#3944,#3840,#3946,.T.);
#3944 = VERTEX_POINT('',#3945);
#3945 = CARTESIAN_POINT('',(5.E-002,5.E-002,0.5));
#3946 = CIRCLE('',#3947,5.E-002);
#3947 = AXIS2_PLACEMENT_3D('',#3948,#3949,#3950);
#3948 = CARTESIAN_POINT('',(5.E-002,5.E-002,0.45));
#3949 = DIRECTION('',(0.E+000,-1.,0.E+000));
#3950 = DIRECTION('',(-1.,0.E+000,0.E+000));
#3951 = ORIENTED_EDGE('',*,*,#3952,.T.);
#3952 = EDGE_CURVE('',#3944,#3953,#3955,.T.);
#3953 = VERTEX_POINT('',#3954);
#3954 = CARTESIAN_POINT('',(5.E-002,0.45,0.5));
#3955 = LINE('',#3956,#3957);
#3956 = CARTESIAN_POINT('',(5.E-002,0.E+000,0.5));
#3957 = VECTOR('',#3958,1.);
#3958 = DIRECTION('',(-0.E+000,1.,0.E+000));
#3959 = ORIENTED_EDGE('',*,*,#3960,.F.);
#3960 = EDGE_CURVE('',#3856,#3953,#3961,.T.);
#3961 = CIRCLE('',#3962,5.E-002);
#3962 = AXIS2_PLACEMENT_3D('',#3963,#3964,#3965);
#3963 = CARTESIAN_POINT('',(5.E-002,0.45,0.45));
#3964 = DIRECTION('',(-0.E+000,1.,0.E+000));
#3965 = DIRECTION('',(-1.,-0.E+000,0.E+000));
#3966 = ORIENTED_EDGE('',*,*,#3863,.F.);
#3967 = CYLINDRICAL_SURFACE('',#3968,5.E-002);
#3968 = AXIS2_PLACEMENT_3D('',#3969,#3970,#3971);
#3969 = CARTESIAN_POINT('',(5.E-002,0.E+000,0.45));
#3970 = DIRECTION('',(-0.E+000,1.,0.E+000));
#3971 = DIRECTION('',(-1.,-0.E+000,0.E+000));
#3972 = ADVANCED_FACE('',(#3973),#4000,.T.);
#3973 = FACE_BOUND('',#3974,.T.);
#3974 = EDGE_LOOP('',(#3975,#3984,#3992,#3999));
#3975 = ORIENTED_EDGE('',*,*,#3976,.F.);
#3976 = EDGE_CURVE('',#3977,#3856,#3979,.T.);
#3977 = VERTEX_POINT('',#3978);
#3978 = CARTESIAN_POINT('',(5.E-002,0.5,0.45));
#3979 = CIRCLE('',#3980,5.E-002);
#3980 = AXIS2_PLACEMENT_3D('',#3981,#3982,#3983);
#3981 = CARTESIAN_POINT('',(5.E-002,0.45,0.45));
#3982 = DIRECTION('',(0.E+000,0.E+000,1.));
#3983 = DIRECTION('',(-1.,-0.E+000,0.E+000));
#3984 = ORIENTED_EDGE('',*,*,#3985,.F.);
#3985 = EDGE_CURVE('',#3986,#3977,#3988,.T.);
#3986 = VERTEX_POINT('',#3987);
#3987 = CARTESIAN_POINT('',(5.E-002,0.5,5.E-002));
#3988 = LINE('',#3989,#3990);
#3989 = CARTESIAN_POINT('',(5.E-002,0.5,0.E+000));
#3990 = VECTOR('',#3991,1.);
#3991 = DIRECTION('',(0.E+000,0.E+000,1.));
#3992 = ORIENTED_EDGE('',*,*,#3993,.F.);
#3993 = EDGE_CURVE('',#3848,#3986,#3994,.T.);
#3994 = CIRCLE('',#3995,5.E-002);
#3995 = AXIS2_PLACEMENT_3D('',#3996,#3997,#3998);
#3996 = CARTESIAN_POINT('',(5.E-002,0.45,5.E-002));
#3997 = DIRECTION('',(0.E+000,0.E+000,-1.));
#3998 = DIRECTION('',(-1.,0.E+000,0.E+000));
#3999 = ORIENTED_EDGE('',*,*,#3855,.T.);
#4000 = CYLINDRICAL_SURFACE('',#4001,5.E-002);
#4001 = AXIS2_PLACEMENT_3D('',#4002,#4003,#4004);
#4002 = CARTESIAN_POINT('',(5.E-002,0.45,0.E+000));
#4003 = DIRECTION('',(0.E+000,0.E+000,1.));
#4004 = DIRECTION('',(-1.,-0.E+000,0.E+000));
#4005 = ADVANCED_FACE('',(#4006),#4017,.T.);
#4006 = FACE_BOUND('',#4007,.T.);
#4007 = EDGE_LOOP('',(#4008,#4009,#4016));
#4008 = ORIENTED_EDGE('',*,*,#3928,.F.);
#4009 = ORIENTED_EDGE('',*,*,#4010,.T.);
#4010 = EDGE_CURVE('',#3921,#3879,#4011,.T.);
#4011 = CIRCLE('',#4012,5.E-002);
#4012 = AXIS2_PLACEMENT_3D('',#4013,#4014,#4015);
#4013 = CARTESIAN_POINT('',(5.E-002,5.E-002,5.E-002));
#4014 = DIRECTION('',(-1.,6.123233995737E-017,0.E+000));
#4015 = DIRECTION('',(-6.123233995737E-017,-1.,0.E+000));
#4016 = ORIENTED_EDGE('',*,*,#3878,.F.);
#4017 = SPHERICAL_SURFACE('',#4018,5.E-002);
#4018 = AXIS2_PLACEMENT_3D('',#4019,#4020,#4021);
#4019 = CARTESIAN_POINT('',(5.E-002,5.E-002,5.E-002));
#4020 = DIRECTION('',(0.E+000,0.E+000,1.));
#4021 = DIRECTION('',(-1.,0.E+000,0.E+000));
#4022 = ADVANCED_FACE('',(#4023),#4034,.T.);
#4023 = FACE_BOUND('',#4024,.T.);
#4024 = EDGE_LOOP('',(#4025,#4026,#4033));
#4025 = ORIENTED_EDGE('',*,*,#3895,.T.);
#4026 = ORIENTED_EDGE('',*,*,#4027,.F.);
#4027 = EDGE_CURVE('',#3944,#3888,#4028,.T.);
#4028 = CIRCLE('',#4029,5.E-002);
#4029 = AXIS2_PLACEMENT_3D('',#4030,#4031,#4032);
#4030 = CARTESIAN_POINT('',(5.E-002,5.E-002,0.45));
#4031 = DIRECTION('',(1.,-6.123233995737E-017,0.E+000));
#4032 = DIRECTION('',(-6.123233995737E-017,-1.,0.E+000));
#4033 = ORIENTED_EDGE('',*,*,#3943,.T.);
#4034 = SPHERICAL_SURFACE('',#4035,5.E-002);
#4035 = AXIS2_PLACEMENT_3D('',#4036,#4037,#4038);
#4036 = CARTESIAN_POINT('',(5.E-002,5.E-002,0.45));
#4037 = DIRECTION('',(-0.E+000,-0.E+000,-1.));
#4038 = DIRECTION('',(-1.,0.E+000,0.E+000));
#4039 = ADVANCED_FACE('',(#4040),#4065,.F.);
#4040 = FACE_BOUND('',#4041,.F.);
#4041 = EDGE_LOOP('',(#4042,#4050,#4051,#4059));
#4042 = ORIENTED_EDGE('',*,*,#4043,.F.);
#4043 = EDGE_CURVE('',#3879,#4044,#4046,.T.);
#4044 = VERTEX_POINT('',#4045);
#4045 = CARTESIAN_POINT('',(0.25,-3.469446951954E-018,5.E-002));
#4046 = LINE('',#4047,#4048);
#4047 = CARTESIAN_POINT('',(0.E+000,-6.938893903907E-018,5.E-002));
#4048 = VECTOR('',#4049,1.);
#4049 = DIRECTION('',(1.,0.E+000,-0.E+000));
#4050 = ORIENTED_EDGE('',*,*,#3887,.T.);
#4051 = ORIENTED_EDGE('',*,*,#4052,.T.);
#4052 = EDGE_CURVE('',#3888,#4053,#4055,.T.);
#4053 = VERTEX_POINT('',#4054);
#4054 = CARTESIAN_POINT('',(0.25,-3.469446951954E-018,0.45));
#4055 = LINE('',#4056,#4057);
#4056 = CARTESIAN_POINT('',(0.E+000,-6.938893903907E-018,0.45));
#4057 = VECTOR('',#4058,1.);
#4058 = DIRECTION('',(1.,0.E+000,-0.E+000));
#4059 = ORIENTED_EDGE('',*,*,#4060,.F.);
#4060 = EDGE_CURVE('',#4044,#4053,#4061,.T.);
#4061 = LINE('',#4062,#4063);
#4062 = CARTESIAN_POINT('',(0.25,0.E+000,0.E+000));
#4063 = VECTOR('',#4064,1.);
#4064 = DIRECTION('',(0.E+000,0.E+000,1.));
#4065 = PLANE('',#4066);
#4066 = AXIS2_PLACEMENT_3D('',#4067,#4068,#4069);
#4067 = CARTESIAN_POINT('',(0.E+000,0.E+000,0.E+000));
#4068 = DIRECTION('',(-0.E+000,1.,0.E+000));
#4069 = DIRECTION('',(0.E+000,0.E+000,1.));
#4070 = ADVANCED_FACE('',(#4071),#4096,.F.);
#4071 = FACE_BOUND('',#4072,.F.);
#4072 = EDGE_LOOP('',(#4073,#4074,#4082,#4090));
#4073 = ORIENTED_EDGE('',*,*,#3920,.F.);
#4074 = ORIENTED_EDGE('',*,*,#4075,.T.);
#4075 = EDGE_CURVE('',#3921,#4076,#4078,.T.);
#4076 = VERTEX_POINT('',#4077);
#4077 = CARTESIAN_POINT('',(0.25,5.E-002,-3.469446951954E-018));
#4078 = LINE('',#4079,#4080);
#4079 = CARTESIAN_POINT('',(0.E+000,5.E-002,-6.938893903907E-018));
#4080 = VECTOR('',#4081,1.);
#4081 = DIRECTION('',(1.,0.E+000,-0.E+000));
#4082 = ORIENTED_EDGE('',*,*,#4083,.T.);
#4083 = EDGE_CURVE('',#4076,#4084,#4086,.T.);
#4084 = VERTEX_POINT('',#4085);
#4085 = CARTESIAN_POINT('',(0.25,0.45,-3.469446951954E-018));
#4086 = LINE('',#4087,#4088);
#4087 = CARTESIAN_POINT('',(0.25,0.E+000,0.E+000));
#4088 = VECTOR('',#4089,1.);
#4089 = DIRECTION('',(-0.E+000,1.,0.E+000));
#4090 = ORIENTED_EDGE('',*,*,#4091,.F.);
#4091 = EDGE_CURVE('',#3912,#4084,#4092,.T.);
#4092 = LINE('',#4093,#4094);
#4093 = CARTESIAN_POINT('',(0.E+000,0.45,-6.938893903907E-018));
#4094 = VECTOR('',#4095,1.);
#4095 = DIRECTION('',(1.,0.E+000,-0.E+000));
#4096 = PLANE('',#4097);
#4097 = AXIS2_PLACEMENT_3D('',#4098,#4099,#4100);
#4098 = CARTESIAN_POINT('',(0.E+000,0.E+000,0.E+000));
#4099 = DIRECTION('',(0.E+000,0.E+000,1.));
#4100 = DIRECTION('',(1.,0.E+000,-0.E+000));
#4101 = ADVANCED_FACE('',(#4102),#4113,.T.);
#4102 = FACE_BOUND('',#4103,.T.);
#4103 = EDGE_LOOP('',(#4104,#4105,#4112));
#4104 = ORIENTED_EDGE('',*,*,#3993,.T.);
#4105 = ORIENTED_EDGE('',*,*,#4106,.F.);
#4106 = EDGE_CURVE('',#3912,#3986,#4107,.T.);
#4107 = CIRCLE('',#4108,5.E-002);
#4108 = AXIS2_PLACEMENT_3D('',#4109,#4110,#4111);
#4109 = CARTESIAN_POINT('',(5.E-002,0.45,5.E-002));
#4110 = DIRECTION('',(1.,6.123233995737E-017,-0.E+000));
#4111 = DIRECTION('',(-6.123233995737E-017,1.,0.E+000));
#4112 = ORIENTED_EDGE('',*,*,#3911,.T.);
#4113 = SPHERICAL_SURFACE('',#4114,5.E-002);
#4114 = AXIS2_PLACEMENT_3D('',#4115,#4116,#4117);
#4115 = CARTESIAN_POINT('',(5.E-002,0.45,5.E-002));
#4116 = DIRECTION('',(0.E+000,0.E+000,1.));
#4117 = DIRECTION('',(-1.,0.E+000,0.E+000));
#4118 = ADVANCED_FACE('',(#4119),#4144,.T.);
#4119 = FACE_BOUND('',#4120,.T.);
#4120 = EDGE_LOOP('',(#4121,#4122,#4130,#4138));
#4121 = ORIENTED_EDGE('',*,*,#3952,.F.);
#4122 = ORIENTED_EDGE('',*,*,#4123,.T.);
#4123 = EDGE_CURVE('',#3944,#4124,#4126,.T.);
#4124 = VERTEX_POINT('',#4125);
#4125 = CARTESIAN_POINT('',(0.25,5.E-002,0.5));
#4126 = LINE('',#4127,#4128);
#4127 = CARTESIAN_POINT('',(0.E+000,5.E-002,0.5));
#4128 = VECTOR('',#4129,1.);
#4129 = DIRECTION('',(1.,0.E+000,-0.E+000));
#4130 = ORIENTED_EDGE('',*,*,#4131,.T.);
#4131 = EDGE_CURVE('',#4124,#4132,#4134,.T.);
#4132 = VERTEX_POINT('',#4133);
#4133 = CARTESIAN_POINT('',(0.25,0.45,0.5));
#4134 = LINE('',#4135,#4136);
#4135 = CARTESIAN_POINT('',(0.25,0.E+000,0.5));
#4136 = VECTOR('',#4137,1.);
#4137 = DIRECTION('',(0.E+000,1.,0.E+000));
#4138 = ORIENTED_EDGE('',*,*,#4139,.F.);
#4139 = EDGE_CURVE('',#3953,#4132,#4140,.T.);
#4140 = LINE('',#4141,#4142);
#4141 = CARTESIAN_POINT('',(0.E+000,0.45,0.5));
#4142 = VECTOR('',#4143,1.);
#4143 = DIRECTION('',(1.,0.E+000,-0.E+000));
#4144 = PLANE('',#4145);
#4145 = AXIS2_PLACEMENT_3D('',#4146,#4147,#4148);
#4146 = CARTESIAN_POINT('',(0.E+000,0.E+000,0.5));
#4147 = DIRECTION('',(0.E+000,0.E+000,1.));
#4148 = DIRECTION('',(1.,0.E+000,-0.E+000));
#4149 = ADVANCED_FACE('',(#4150),#4161,.T.);
#4150 = FACE_BOUND('',#4151,.T.);
#4151 = EDGE_LOOP('',(#4152,#4153,#4160));
#4152 = ORIENTED_EDGE('',*,*,#3960,.T.);
#4153 = ORIENTED_EDGE('',*,*,#4154,.F.);
#4154 = EDGE_CURVE('',#3977,#3953,#4155,.T.);
#4155 = CIRCLE('',#4156,5.E-002);
#4156 = AXIS2_PLACEMENT_3D('',#4157,#4158,#4159);
#4157 = CARTESIAN_POINT('',(5.E-002,0.45,0.45));
#4158 = DIRECTION('',(1.,0.E+000,6.123233995737E-017));
#4159 = DIRECTION('',(-6.123233995737E-017,-0.E+000,1.));
#4160 = ORIENTED_EDGE('',*,*,#3976,.T.);
#4161 = SPHERICAL_SURFACE('',#4162,5.E-002);
#4162 = AXIS2_PLACEMENT_3D('',#4163,#4164,#4165);
#4163 = CARTESIAN_POINT('',(5.E-002,0.45,0.45));
#4164 = DIRECTION('',(0.E+000,-1.,-0.E+000));
#4165 = DIRECTION('',(-1.,-0.E+000,0.E+000));
#4166 = ADVANCED_FACE('',(#4167),#4192,.T.);
#4167 = FACE_BOUND('',#4168,.T.);
#4168 = EDGE_LOOP('',(#4169,#4177,#4178,#4186));
#4169 = ORIENTED_EDGE('',*,*,#4170,.F.);
#4170 = EDGE_CURVE('',#3986,#4171,#4173,.T.);
#4171 = VERTEX_POINT('',#4172);
#4172 = CARTESIAN_POINT('',(0.25,0.5,5.E-002));
#4173 = LINE('',#4174,#4175);
#4174 = CARTESIAN_POINT('',(0.E+000,0.5,5.E-002));
#4175 = VECTOR('',#4176,1.);
#4176 = DIRECTION('',(1.,0.E+000,-0.E+000));
#4177 = ORIENTED_EDGE('',*,*,#3985,.T.);
#4178 = ORIENTED_EDGE('',*,*,#4179,.T.);
#4179 = EDGE_CURVE('',#3977,#4180,#4182,.T.);
#4180 = VERTEX_POINT('',#4181);
#4181 = CARTESIAN_POINT('',(0.25,0.5,0.45));
#4182 = LINE('',#4183,#4184);
#4183 = CARTESIAN_POINT('',(0.E+000,0.5,0.45));
#4184 = VECTOR('',#4185,1.);
#4185 = DIRECTION('',(1.,0.E+000,-0.E+000));
#4186 = ORIENTED_EDGE('',*,*,#4187,.F.);
#4187 = EDGE_CURVE('',#4171,#4180,#4188,.T.);
#4188 = LINE('',#4189,#4190);
#4189 = CARTESIAN_POINT('',(0.25,0.5,0.E+000));
#4190 = VECTOR('',#4191,1.);
#4191 = DIRECTION('',(0.E+000,0.E+000,1.));
#4192 = PLANE('',#4193);
#4193 = AXIS2_PLACEMENT_3D('',#4194,#4195,#4196);
#4194 = CARTESIAN_POINT('',(0.E+000,0.5,0.E+000));
#4195 = DIRECTION('',(-0.E+000,1.,0.E+000));
#4196 = DIRECTION('',(0.E+000,0.E+000,1.));
#4197 = ADVANCED_FACE('',(#4198),#4210,.T.);
#4198 = FACE_BOUND('',#4199,.T.);
#4199 = EDGE_LOOP('',(#4200,#4201,#4202,#4209));
#4200 = ORIENTED_EDGE('',*,*,#4010,.F.);
#4201 = ORIENTED_EDGE('',*,*,#4075,.T.);
#4202 = ORIENTED_EDGE('',*,*,#4203,.F.);
#4203 = EDGE_CURVE('',#4044,#4076,#4204,.T.);
#4204 = CIRCLE('',#4205,5.E-002);
#4205 = AXIS2_PLACEMENT_3D('',#4206,#4207,#4208);
#4206 = CARTESIAN_POINT('',(0.25,5.E-002,5.E-002));
#4207 = DIRECTION('',(1.,0.E+000,0.E+000));
#4208 = DIRECTION('',(0.E+000,-1.,0.E+000));
#4209 = ORIENTED_EDGE('',*,*,#4043,.F.);
#4210 = CYLINDRICAL_SURFACE('',#4211,5.E-002);
#4211 = AXIS2_PLACEMENT_3D('',#4212,#4213,#4214);
#4212 = CARTESIAN_POINT('',(0.E+000,5.E-002,5.E-002));
#4213 = DIRECTION('',(1.,0.E+000,-0.E+000));
#4214 = DIRECTION('',(0.E+000,-1.,0.E+000));
#4215 = ADVANCED_FACE('',(#4216),#4228,.T.);
#4216 = FACE_BOUND('',#4217,.T.);
#4217 = EDGE_LOOP('',(#4218,#4219,#4226,#4227));
#4218 = ORIENTED_EDGE('',*,*,#4052,.T.);
#4219 = ORIENTED_EDGE('',*,*,#4220,.F.);
#4220 = EDGE_CURVE('',#4124,#4053,#4221,.T.);
#4221 = CIRCLE('',#4222,5.E-002);
#4222 = AXIS2_PLACEMENT_3D('',#4223,#4224,#4225);
#4223 = CARTESIAN_POINT('',(0.25,5.E-002,0.45));
#4224 = DIRECTION('',(1.,0.E+000,0.E+000));
#4225 = DIRECTION('',(0.E+000,-1.,0.E+000));
#4226 = ORIENTED_EDGE('',*,*,#4123,.F.);
#4227 = ORIENTED_EDGE('',*,*,#4027,.T.);
#4228 = CYLINDRICAL_SURFACE('',#4229,5.E-002);
#4229 = AXIS2_PLACEMENT_3D('',#4230,#4231,#4232);
#4230 = CARTESIAN_POINT('',(0.E+000,5.E-002,0.45));
#4231 = DIRECTION('',(1.,0.E+000,-0.E+000));
#4232 = DIRECTION('',(0.E+000,-1.,0.E+000));
#4233 = ADVANCED_FACE('',(#4234),#4256,.T.);
#4234 = FACE_BOUND('',#4235,.T.);
#4235 = EDGE_LOOP('',(#4236,#4237,#4238,#4239,#4246,#4247,#4254,#4255));
#4236 = ORIENTED_EDGE('',*,*,#4060,.F.);
#4237 = ORIENTED_EDGE('',*,*,#4203,.T.);
#4238 = ORIENTED_EDGE('',*,*,#4083,.T.);
#4239 = ORIENTED_EDGE('',*,*,#4240,.T.);
#4240 = EDGE_CURVE('',#4084,#4171,#4241,.T.);
#4241 = CIRCLE('',#4242,5.E-002);
#4242 = AXIS2_PLACEMENT_3D('',#4243,#4244,#4245);
#4243 = CARTESIAN_POINT('',(0.25,0.45,5.E-002));
#4244 = DIRECTION('',(1.,0.E+000,-0.E+000));
#4245 = DIRECTION('',(0.E+000,1.,0.E+000));
#4246 = ORIENTED_EDGE('',*,*,#4187,.T.);
#4247 = ORIENTED_EDGE('',*,*,#4248,.T.);
#4248 = EDGE_CURVE('',#4180,#4132,#4249,.T.);
#4249 = CIRCLE('',#4250,5.E-002);
#4250 = AXIS2_PLACEMENT_3D('',#4251,#4252,#4253);
#4251 = CARTESIAN_POINT('',(0.25,0.45,0.45));
#4252 = DIRECTION('',(1.,0.E+000,-0.E+000));
#4253 = DIRECTION('',(0.E+000,1.,0.E+000));
#4254 = ORIENTED_EDGE('',*,*,#4131,.F.);
#4255 = ORIENTED_EDGE('',*,*,#4220,.T.);
#4256 = PLANE('',#4257);
#4257 = AXIS2_PLACEMENT_3D('',#4258,#4259,#4260);
#4258 = CARTESIAN_POINT('',(0.25,0.E+000,0.E+000));
#4259 = DIRECTION('',(1.,0.E+000,-0.E+000));
#4260 = DIRECTION('',(0.E+000,0.E+000,1.));
#4261 = ADVANCED_FACE('',(#4262),#4268,.T.);
#4262 = FACE_BOUND('',#4263,.T.);
#4263 = EDGE_LOOP('',(#4264,#4265,#4266,#4267));
#4264 = ORIENTED_EDGE('',*,*,#4170,.T.);
#4265 = ORIENTED_EDGE('',*,*,#4240,.F.);
#4266 = ORIENTED_EDGE('',*,*,#4091,.F.);
#4267 = ORIENTED_EDGE('',*,*,#4106,.T.);
#4268 = CYLINDRICAL_SURFACE('',#4269,5.E-002);
#4269 = AXIS2_PLACEMENT_3D('',#4270,#4271,#4272);
#4270 = CARTESIAN_POINT('',(0.E+000,0.45,5.E-002));
#4271 = DIRECTION('',(1.,0.E+000,-0.E+000));
#4272 = DIRECTION('',(0.E+000,1.,0.E+000));
#4273 = ADVANCED_FACE('',(#4274),#4280,.T.);
#4274 = FACE_BOUND('',#4275,.T.);
#4275 = EDGE_LOOP('',(#4276,#4277,#4278,#4279));
#4276 = ORIENTED_EDGE('',*,*,#4179,.F.);
#4277 = ORIENTED_EDGE('',*,*,#4154,.T.);
#4278 = ORIENTED_EDGE('',*,*,#4139,.T.);
#4279 = ORIENTED_EDGE('',*,*,#4248,.F.);
#4280 = CYLINDRICAL_SURFACE('',#4281,5.E-002);
#4281 = AXIS2_PLACEMENT_3D('',#4282,#4283,#4284);
#4282 = CARTESIAN_POINT('',(0.E+000,0.45,0.45));
#4283 = DIRECTION('',(1.,0.E+000,-0.E+000));
#4284 = DIRECTION('',(0.E+000,1.,0.E+000));
#4285 = ( GEOMETRIC_REPRESENTATION_CONTEXT(3) 
GLOBAL_UNCERTAINTY_ASSIGNED_CONTEXT((#4289)) 
GLOBAL_UNIT_ASSIGNED_CONTEXT((#4286,#4287,#4288)) REPRESENTATION_CONTEXT
('Context #1','3D Context with UNIT and UNCERTAINTY') );
#4286 = ( LENGTH_UNIT() NAMED_UNIT(*) SI_UNIT(.MILLI.,.METRE.) );
#4287 = ( NAMED_UNIT(*) PLANE_ANGLE_UNIT() SI_UNIT($,.RADIAN.) );
#4288 = ( NAMED_UNIT(*) SI_UNIT($,.STERADIAN.) SOLID_ANGLE_UNIT() );
#4289 = UNCERTAINTY_MEASURE_WITH_UNIT(LENGTH_MEASURE(1.E-007),#4286,
  'distance_accuracy_value','confusion accuracy');
#4290 = SHAPE_DEFINITION_REPRESENTATION(#4291,#3830);
#4291 = PRODUCT_DEFINITION_SHAPE('','',#4292);
#4292 = PRODUCT_DEFINITION('design','',#4293,#4296);
#4293 = PRODUCT_DEFINITION_FORMATION('','',#4294);
#4294 = PRODUCT('Open_CASCADE_STEP_translator_6.8_54.1.1',
  'Open_CASCADE_STEP_translator_6.8_54.1.1','',(#4295));
#4295 = PRODUCT_CONTEXT('',#2,'mechanical');
#4296 = PRODUCT_DEFINITION_CONTEXT('part definition',#2,'design');
#4297 = CONTEXT_DEPENDENT_SHAPE_REPRESENTATION(#4298,#4300);
#4298 = ( REPRESENTATION_RELATIONSHIP('','',#3830,#3816) 
REPRESENTATION_RELATIONSHIP_WITH_TRANSFORMATION(#4299) 
SHAPE_REPRESENTATION_RELATIONSHIP() );
#4299 = ITEM_DEFINED_TRANSFORMATION('','',#11,#3817);
#4300 = PRODUCT_DEFINITION_SHAPE('Placement','Placement of an item',
  #4301);
#4301 = NEXT_ASSEMBLY_USAGE_OCCURRENCE('3','266','',#3811,#4292,$);
#4302 = PRODUCT_RELATED_PRODUCT_CATEGORY('part',$,(#4294));
#4303 = ADVANCED_BREP_SHAPE_REPRESENTATION('',(#11,#4304),#4758);
#4304 = MANIFOLD_SOLID_BREP('',#4305);
#4305 = CLOSED_SHELL('',(#4306,#4346,#4379,#4412,#4445,#4496,#4513,#4537
    ,#4568,#4585,#4609,#4634,#4659,#4676,#4694,#4712,#4736,#4747));
#4306 = ADVANCED_FACE('',(#4307),#4341,.F.);
#4307 = FACE_BOUND('',#4308,.F.);
#4308 = EDGE_LOOP('',(#4309,#4319,#4327,#4335));
#4309 = ORIENTED_EDGE('',*,*,#4310,.F.);
#4310 = EDGE_CURVE('',#4311,#4313,#4315,.T.);
#4311 = VERTEX_POINT('',#4312);
#4312 = CARTESIAN_POINT('',(0.75,-3.469446951954E-018,5.E-002));
#4313 = VERTEX_POINT('',#4314);
#4314 = CARTESIAN_POINT('',(0.95,-6.938893903907E-018,5.E-002));
#4315 = LINE('',#4316,#4317);
#4316 = CARTESIAN_POINT('',(0.E+000,-6.938893903907E-018,5.E-002));
#4317 = VECTOR('',#4318,1.);
#4318 = DIRECTION('',(1.,0.E+000,-0.E+000));
#4319 = ORIENTED_EDGE('',*,*,#4320,.T.);
#4320 = EDGE_CURVE('',#4311,#4321,#4323,.T.);
#4321 = VERTEX_POINT('',#4322);
#4322 = CARTESIAN_POINT('',(0.75,-3.469446951954E-018,0.45));
#4323 = LINE('',#4324,#4325);
#4324 = CARTESIAN_POINT('',(0.75,0.E+000,0.E+000));
#4325 = VECTOR('',#4326,1.);
#4326 = DIRECTION('',(0.E+000,0.E+000,1.));
#4327 = ORIENTED_EDGE('',*,*,#4328,.T.);
#4328 = EDGE_CURVE('',#4321,#4329,#4331,.T.);
#4329 = VERTEX_POINT('',#4330);
#4330 = CARTESIAN_POINT('',(0.95,-6.938893903907E-018,0.45));
#4331 = LINE('',#4332,#4333);
#4332 = CARTESIAN_POINT('',(0.E+000,-6.938893903907E-018,0.45));
#4333 = VECTOR('',#4334,1.);
#4334 = DIRECTION('',(1.,0.E+000,-0.E+000));
#4335 = ORIENTED_EDGE('',*,*,#4336,.F.);
#4336 = EDGE_CURVE('',#4313,#4329,#4337,.T.);
#4337 = LINE('',#4338,#4339);
#4338 = CARTESIAN_POINT('',(0.95,-6.938893903907E-018,0.E+000));
#4339 = VECTOR('',#4340,1.);
#4340 = DIRECTION('',(0.E+000,0.E+000,1.));
#4341 = PLANE('',#4342);
#4342 = AXIS2_PLACEMENT_3D('',#4343,#4344,#4345);
#4343 = CARTESIAN_POINT('',(0.E+000,0.E+000,0.E+000));
#4344 = DIRECTION('',(-0.E+000,1.,0.E+000));
#4345 = DIRECTION('',(0.E+000,0.E+000,1.));
#4346 = ADVANCED_FACE('',(#4347),#4374,.T.);
#4347 = FACE_BOUND('',#4348,.T.);
#4348 = EDGE_LOOP('',(#4349,#4358,#4366,#4373));
#4349 = ORIENTED_EDGE('',*,*,#4350,.T.);
#4350 = EDGE_CURVE('',#4311,#4351,#4353,.T.);
#4351 = VERTEX_POINT('',#4352);
#4352 = CARTESIAN_POINT('',(0.75,5.E-002,-3.469446951954E-018));
#4353 = CIRCLE('',#4354,5.E-002);
#4354 = AXIS2_PLACEMENT_3D('',#4355,#4356,#4357);
#4355 = CARTESIAN_POINT('',(0.75,5.E-002,5.E-002));
#4356 = DIRECTION('',(1.,0.E+000,0.E+000));
#4357 = DIRECTION('',(0.E+000,-1.,0.E+000));
#4358 = ORIENTED_EDGE('',*,*,#4359,.T.);
#4359 = EDGE_CURVE('',#4351,#4360,#4362,.T.);
#4360 = VERTEX_POINT('',#4361);
#4361 = CARTESIAN_POINT('',(0.95,5.E-002,0.E+000));
#4362 = LINE('',#4363,#4364);
#4363 = CARTESIAN_POINT('',(0.E+000,5.E-002,-6.938893903907E-018));
#4364 = VECTOR('',#4365,1.);
#4365 = DIRECTION('',(1.,0.E+000,-0.E+000));
#4366 = ORIENTED_EDGE('',*,*,#4367,.T.);
#4367 = EDGE_CURVE('',#4360,#4313,#4368,.T.);
#4368 = CIRCLE('',#4369,5.E-002);
#4369 = AXIS2_PLACEMENT_3D('',#4370,#4371,#4372);
#4370 = CARTESIAN_POINT('',(0.95,5.E-002,5.E-002));
#4371 = DIRECTION('',(-1.,-6.123233995737E-017,0.E+000));
#4372 = DIRECTION('',(6.123233995737E-017,-1.,-0.E+000));
#4373 = ORIENTED_EDGE('',*,*,#4310,.F.);
#4374 = CYLINDRICAL_SURFACE('',#4375,5.E-002);
#4375 = AXIS2_PLACEMENT_3D('',#4376,#4377,#4378);
#4376 = CARTESIAN_POINT('',(0.E+000,5.E-002,5.E-002));
#4377 = DIRECTION('',(1.,0.E+000,-0.E+000));
#4378 = DIRECTION('',(0.E+000,-1.,0.E+000));
#4379 = ADVANCED_FACE('',(#4380),#4407,.T.);
#4380 = FACE_BOUND('',#4381,.T.);
#4381 = EDGE_LOOP('',(#4382,#4391,#4392,#4401));
#4382 = ORIENTED_EDGE('',*,*,#4383,.T.);
#4383 = EDGE_CURVE('',#4384,#4329,#4386,.T.);
#4384 = VERTEX_POINT('',#4385);
#4385 = CARTESIAN_POINT('',(1.,5.E-002,0.45));
#4386 = CIRCLE('',#4387,5.E-002);
#4387 = AXIS2_PLACEMENT_3D('',#4388,#4389,#4390);
#4388 = CARTESIAN_POINT('',(0.95,5.E-002,0.45));
#4389 = DIRECTION('',(0.E+000,0.E+000,-1.));
#4390 = DIRECTION('',(1.,0.E+000,0.E+000));
#4391 = ORIENTED_EDGE('',*,*,#4336,.F.);
#4392 = ORIENTED_EDGE('',*,*,#4393,.F.);
#4393 = EDGE_CURVE('',#4394,#4313,#4396,.T.);
#4394 = VERTEX_POINT('',#4395);
#4395 = CARTESIAN_POINT('',(1.,5.E-002,5.E-002));
#4396 = CIRCLE('',#4397,5.E-002);
#4397 = AXIS2_PLACEMENT_3D('',#4398,#4399,#4400);
#4398 = CARTESIAN_POINT('',(0.95,5.E-002,5.E-002));
#4399 = DIRECTION('',(0.E+000,0.E+000,-1.));
#4400 = DIRECTION('',(1.,0.E+000,0.E+000));
#4401 = ORIENTED_EDGE('',*,*,#4402,.T.);
#4402 = EDGE_CURVE('',#4394,#4384,#4403,.T.);
#4403 = LINE('',#4404,#4405);
#4404 = CARTESIAN_POINT('',(1.,5.E-002,0.E+000));
#4405 = VECTOR('',#4406,1.);
#4406 = DIRECTION('',(0.E+000,0.E+000,1.));
#4407 = CYLINDRICAL_SURFACE('',#4408,5.E-002);
#4408 = AXIS2_PLACEMENT_3D('',#4409,#4410,#4411);
#4409 = CARTESIAN_POINT('',(0.95,5.E-002,0.E+000));
#4410 = DIRECTION('',(0.E+000,0.E+000,1.));
#4411 = DIRECTION('',(1.,0.E+000,-0.E+000));
#4412 = ADVANCED_FACE('',(#4413),#4440,.T.);
#4413 = FACE_BOUND('',#4414,.T.);
#4414 = EDGE_LOOP('',(#4415,#4416,#4425,#4433));
#4415 = ORIENTED_EDGE('',*,*,#4328,.T.);
#4416 = ORIENTED_EDGE('',*,*,#4417,.F.);
#4417 = EDGE_CURVE('',#4418,#4329,#4420,.T.);
#4418 = VERTEX_POINT('',#4419);
#4419 = CARTESIAN_POINT('',(0.95,5.E-002,0.5));
#4420 = CIRCLE('',#4421,5.E-002);
#4421 = AXIS2_PLACEMENT_3D('',#4422,#4423,#4424);
#4422 = CARTESIAN_POINT('',(0.95,5.E-002,0.45));
#4423 = DIRECTION('',(1.,6.123233995737E-017,0.E+000));
#4424 = DIRECTION('',(6.123233995737E-017,-1.,0.E+000));
#4425 = ORIENTED_EDGE('',*,*,#4426,.F.);
#4426 = EDGE_CURVE('',#4427,#4418,#4429,.T.);
#4427 = VERTEX_POINT('',#4428);
#4428 = CARTESIAN_POINT('',(0.75,5.E-002,0.5));
#4429 = LINE('',#4430,#4431);
#4430 = CARTESIAN_POINT('',(0.E+000,5.E-002,0.5));
#4431 = VECTOR('',#4432,1.);
#4432 = DIRECTION('',(1.,0.E+000,-0.E+000));
#4433 = ORIENTED_EDGE('',*,*,#4434,.T.);
#4434 = EDGE_CURVE('',#4427,#4321,#4435,.T.);
#4435 = CIRCLE('',#4436,5.E-002);
#4436 = AXIS2_PLACEMENT_3D('',#4437,#4438,#4439);
#4437 = CARTESIAN_POINT('',(0.75,5.E-002,0.45));
#4438 = DIRECTION('',(1.,0.E+000,0.E+000));
#4439 = DIRECTION('',(0.E+000,-1.,0.E+000));
#4440 = CYLINDRICAL_SURFACE('',#4441,5.E-002);
#4441 = AXIS2_PLACEMENT_3D('',#4442,#4443,#4444);
#4442 = CARTESIAN_POINT('',(0.E+000,5.E-002,0.45));
#4443 = DIRECTION('',(1.,0.E+000,-0.E+000));
#4444 = DIRECTION('',(0.E+000,-1.,0.E+000));
#4445 = ADVANCED_FACE('',(#4446),#4491,.F.);
#4446 = FACE_BOUND('',#4447,.F.);
#4447 = EDGE_LOOP('',(#4448,#4449,#4450,#4458,#4467,#4475,#4484,#4490));
#4448 = ORIENTED_EDGE('',*,*,#4320,.F.);
#4449 = ORIENTED_EDGE('',*,*,#4350,.T.);
#4450 = ORIENTED_EDGE('',*,*,#4451,.T.);
#4451 = EDGE_CURVE('',#4351,#4452,#4454,.T.);
#4452 = VERTEX_POINT('',#4453);
#4453 = CARTESIAN_POINT('',(0.75,0.45,-3.469446951954E-018));
#4454 = LINE('',#4455,#4456);
#4455 = CARTESIAN_POINT('',(0.75,0.E+000,0.E+000));
#4456 = VECTOR('',#4457,1.);
#4457 = DIRECTION('',(-0.E+000,1.,0.E+000));
#4458 = ORIENTED_EDGE('',*,*,#4459,.T.);
#4459 = EDGE_CURVE('',#4452,#4460,#4462,.T.);
#4460 = VERTEX_POINT('',#4461);
#4461 = CARTESIAN_POINT('',(0.75,0.5,5.E-002));
#4462 = CIRCLE('',#4463,5.E-002);
#4463 = AXIS2_PLACEMENT_3D('',#4464,#4465,#4466);
#4464 = CARTESIAN_POINT('',(0.75,0.45,5.E-002));
#4465 = DIRECTION('',(1.,0.E+000,-0.E+000));
#4466 = DIRECTION('',(0.E+000,1.,0.E+000));
#4467 = ORIENTED_EDGE('',*,*,#4468,.T.);
#4468 = EDGE_CURVE('',#4460,#4469,#4471,.T.);
#4469 = VERTEX_POINT('',#4470);
#4470 = CARTESIAN_POINT('',(0.75,0.5,0.45));
#4471 = LINE('',#4472,#4473);
#4472 = CARTESIAN_POINT('',(0.75,0.5,0.E+000));
#4473 = VECTOR('',#4474,1.);
#4474 = DIRECTION('',(0.E+000,0.E+000,1.));
#4475 = ORIENTED_EDGE('',*,*,#4476,.T.);
#4476 = EDGE_CURVE('',#4469,#4477,#4479,.T.);
#4477 = VERTEX_POINT('',#4478);
#4478 = CARTESIAN_POINT('',(0.75,0.45,0.5));
#4479 = CIRCLE('',#4480,5.E-002);
#4480 = AXIS2_PLACEMENT_3D('',#4481,#4482,#4483);
#4481 = CARTESIAN_POINT('',(0.75,0.45,0.45));
#4482 = DIRECTION('',(1.,0.E+000,-0.E+000));
#4483 = DIRECTION('',(0.E+000,1.,0.E+000));
#4484 = ORIENTED_EDGE('',*,*,#4485,.F.);
#4485 = EDGE_CURVE('',#4427,#4477,#4486,.T.);
#4486 = LINE('',#4487,#4488);
#4487 = CARTESIAN_POINT('',(0.75,0.E+000,0.5));
#4488 = VECTOR('',#4489,1.);
#4489 = DIRECTION('',(-0.E+000,1.,0.E+000));
#4490 = ORIENTED_EDGE('',*,*,#4434,.T.);
#4491 = PLANE('',#4492);
#4492 = AXIS2_PLACEMENT_3D('',#4493,#4494,#4495);
#4493 = CARTESIAN_POINT('',(0.75,0.E+000,0.E+000));
#4494 = DIRECTION('',(1.,0.E+000,-0.E+000));
#4495 = DIRECTION('',(0.E+000,0.E+000,1.));
#4496 = ADVANCED_FACE('',(#4497),#4508,.T.);
#4497 = FACE_BOUND('',#4498,.T.);
#4498 = EDGE_LOOP('',(#4499,#4500,#4501));
#4499 = ORIENTED_EDGE('',*,*,#4393,.T.);
#4500 = ORIENTED_EDGE('',*,*,#4367,.F.);
#4501 = ORIENTED_EDGE('',*,*,#4502,.T.);
#4502 = EDGE_CURVE('',#4360,#4394,#4503,.T.);
#4503 = CIRCLE('',#4504,5.E-002);
#4504 = AXIS2_PLACEMENT_3D('',#4505,#4506,#4507);
#4505 = CARTESIAN_POINT('',(0.95,5.E-002,5.E-002));
#4506 = DIRECTION('',(0.E+000,-1.,0.E+000));
#4507 = DIRECTION('',(1.,0.E+000,0.E+000));
#4508 = SPHERICAL_SURFACE('',#4509,5.E-002);
#4509 = AXIS2_PLACEMENT_3D('',#4510,#4511,#4512);
#4510 = CARTESIAN_POINT('',(0.95,5.E-002,5.E-002));
#4511 = DIRECTION('',(0.E+000,0.E+000,1.));
#4512 = DIRECTION('',(1.,0.E+000,-0.E+000));
#4513 = ADVANCED_FACE('',(#4514),#4532,.F.);
#4514 = FACE_BOUND('',#4515,.F.);
#4515 = EDGE_LOOP('',(#4516,#4517,#4518,#4526));
#4516 = ORIENTED_EDGE('',*,*,#4451,.F.);
#4517 = ORIENTED_EDGE('',*,*,#4359,.T.);
#4518 = ORIENTED_EDGE('',*,*,#4519,.T.);
#4519 = EDGE_CURVE('',#4360,#4520,#4522,.T.);
#4520 = VERTEX_POINT('',#4521);
#4521 = CARTESIAN_POINT('',(0.95,0.45,0.E+000));
#4522 = LINE('',#4523,#4524);
#4523 = CARTESIAN_POINT('',(0.95,0.E+000,-6.938893903907E-018));
#4524 = VECTOR('',#4525,1.);
#4525 = DIRECTION('',(-0.E+000,1.,0.E+000));
#4526 = ORIENTED_EDGE('',*,*,#4527,.F.);
#4527 = EDGE_CURVE('',#4452,#4520,#4528,.T.);
#4528 = LINE('',#4529,#4530);
#4529 = CARTESIAN_POINT('',(0.E+000,0.45,-6.938893903907E-018));
#4530 = VECTOR('',#4531,1.);
#4531 = DIRECTION('',(1.,0.E+000,-0.E+000));
#4532 = PLANE('',#4533);
#4533 = AXIS2_PLACEMENT_3D('',#4534,#4535,#4536);
#4534 = CARTESIAN_POINT('',(0.E+000,0.E+000,0.E+000));
#4535 = DIRECTION('',(0.E+000,0.E+000,1.));
#4536 = DIRECTION('',(1.,0.E+000,-0.E+000));
#4537 = ADVANCED_FACE('',(#4538),#4563,.T.);
#4538 = FACE_BOUND('',#4539,.T.);
#4539 = EDGE_LOOP('',(#4540,#4541,#4549,#4557));
#4540 = ORIENTED_EDGE('',*,*,#4402,.F.);
#4541 = ORIENTED_EDGE('',*,*,#4542,.T.);
#4542 = EDGE_CURVE('',#4394,#4543,#4545,.T.);
#4543 = VERTEX_POINT('',#4544);
#4544 = CARTESIAN_POINT('',(1.,0.45,5.E-002));
#4545 = LINE('',#4546,#4547);
#4546 = CARTESIAN_POINT('',(1.,0.E+000,5.E-002));
#4547 = VECTOR('',#4548,1.);
#4548 = DIRECTION('',(-0.E+000,1.,0.E+000));
#4549 = ORIENTED_EDGE('',*,*,#4550,.T.);
#4550 = EDGE_CURVE('',#4543,#4551,#4553,.T.);
#4551 = VERTEX_POINT('',#4552);
#4552 = CARTESIAN_POINT('',(1.,0.45,0.45));
#4553 = LINE('',#4554,#4555);
#4554 = CARTESIAN_POINT('',(1.,0.45,0.E+000));
#4555 = VECTOR('',#4556,1.);
#4556 = DIRECTION('',(0.E+000,0.E+000,1.));
#4557 = ORIENTED_EDGE('',*,*,#4558,.F.);
#4558 = EDGE_CURVE('',#4384,#4551,#4559,.T.);
#4559 = LINE('',#4560,#4561);
#4560 = CARTESIAN_POINT('',(1.,0.E+000,0.45));
#4561 = VECTOR('',#4562,1.);
#4562 = DIRECTION('',(0.E+000,1.,0.E+000));
#4563 = PLANE('',#4564);
#4564 = AXIS2_PLACEMENT_3D('',#4565,#4566,#4567);
#4565 = CARTESIAN_POINT('',(1.,0.E+000,0.E+000));
#4566 = DIRECTION('',(1.,0.E+000,-0.E+000));
#4567 = DIRECTION('',(0.E+000,0.E+000,1.));
#4568 = ADVANCED_FACE('',(#4569),#4580,.T.);
#4569 = FACE_BOUND('',#4570,.T.);
#4570 = EDGE_LOOP('',(#4571,#4578,#4579));
#4571 = ORIENTED_EDGE('',*,*,#4572,.F.);
#4572 = EDGE_CURVE('',#4418,#4384,#4573,.T.);
#4573 = CIRCLE('',#4574,5.E-002);
#4574 = AXIS2_PLACEMENT_3D('',#4575,#4576,#4577);
#4575 = CARTESIAN_POINT('',(0.95,5.E-002,0.45));
#4576 = DIRECTION('',(-0.E+000,1.,0.E+000));
#4577 = DIRECTION('',(1.,0.E+000,0.E+000));
#4578 = ORIENTED_EDGE('',*,*,#4417,.T.);
#4579 = ORIENTED_EDGE('',*,*,#4383,.F.);
#4580 = SPHERICAL_SURFACE('',#4581,5.E-002);
#4581 = AXIS2_PLACEMENT_3D('',#4582,#4583,#4584);
#4582 = CARTESIAN_POINT('',(0.95,5.E-002,0.45));
#4583 = DIRECTION('',(-0.E+000,-0.E+000,-1.));
#4584 = DIRECTION('',(1.,0.E+000,0.E+000));
#4585 = ADVANCED_FACE('',(#4586),#4604,.T.);
#4586 = FACE_BOUND('',#4587,.T.);
#4587 = EDGE_LOOP('',(#4588,#4589,#4590,#4598));
#4588 = ORIENTED_EDGE('',*,*,#4485,.F.);
#4589 = ORIENTED_EDGE('',*,*,#4426,.T.);
#4590 = ORIENTED_EDGE('',*,*,#4591,.T.);
#4591 = EDGE_CURVE('',#4418,#4592,#4594,.T.);
#4592 = VERTEX_POINT('',#4593);
#4593 = CARTESIAN_POINT('',(0.95,0.45,0.5));
#4594 = LINE('',#4595,#4596);
#4595 = CARTESIAN_POINT('',(0.95,0.E+000,0.5));
#4596 = VECTOR('',#4597,1.);
#4597 = DIRECTION('',(0.E+000,1.,0.E+000));
#4598 = ORIENTED_EDGE('',*,*,#4599,.F.);
#4599 = EDGE_CURVE('',#4477,#4592,#4600,.T.);
#4600 = LINE('',#4601,#4602);
#4601 = CARTESIAN_POINT('',(0.E+000,0.45,0.5));
#4602 = VECTOR('',#4603,1.);
#4603 = DIRECTION('',(1.,0.E+000,-0.E+000));
#4604 = PLANE('',#4605);
#4605 = AXIS2_PLACEMENT_3D('',#4606,#4607,#4608);
#4606 = CARTESIAN_POINT('',(0.E+000,0.E+000,0.5));
#4607 = DIRECTION('',(0.E+000,0.E+000,1.));
#4608 = DIRECTION('',(1.,0.E+000,-0.E+000));
#4609 = ADVANCED_FACE('',(#4610),#4629,.T.);
#4610 = FACE_BOUND('',#4611,.T.);
#4611 = EDGE_LOOP('',(#4612,#4620,#4627,#4628));
#4612 = ORIENTED_EDGE('',*,*,#4613,.T.);
#4613 = EDGE_CURVE('',#4460,#4614,#4616,.T.);
#4614 = VERTEX_POINT('',#4615);
#4615 = CARTESIAN_POINT('',(0.95,0.5,5.E-002));
#4616 = LINE('',#4617,#4618);
#4617 = CARTESIAN_POINT('',(0.E+000,0.5,5.E-002));
#4618 = VECTOR('',#4619,1.);
#4619 = DIRECTION('',(1.,0.E+000,-0.E+000));
#4620 = ORIENTED_EDGE('',*,*,#4621,.F.);
#4621 = EDGE_CURVE('',#4520,#4614,#4622,.T.);
#4622 = CIRCLE('',#4623,5.E-002);
#4623 = AXIS2_PLACEMENT_3D('',#4624,#4625,#4626);
#4624 = CARTESIAN_POINT('',(0.95,0.45,5.E-002));
#4625 = DIRECTION('',(1.,-6.123233995737E-017,0.E+000));
#4626 = DIRECTION('',(6.123233995737E-017,1.,0.E+000));
#4627 = ORIENTED_EDGE('',*,*,#4527,.F.);
#4628 = ORIENTED_EDGE('',*,*,#4459,.T.);
#4629 = CYLINDRICAL_SURFACE('',#4630,5.E-002);
#4630 = AXIS2_PLACEMENT_3D('',#4631,#4632,#4633);
#4631 = CARTESIAN_POINT('',(0.E+000,0.45,5.E-002));
#4632 = DIRECTION('',(1.,0.E+000,-0.E+000));
#4633 = DIRECTION('',(0.E+000,1.,0.E+000));
#4634 = ADVANCED_FACE('',(#4635),#4654,.T.);
#4635 = FACE_BOUND('',#4636,.T.);
#4636 = EDGE_LOOP('',(#4637,#4645,#4646,#4647));
#4637 = ORIENTED_EDGE('',*,*,#4638,.F.);
#4638 = EDGE_CURVE('',#4469,#4639,#4641,.T.);
#4639 = VERTEX_POINT('',#4640);
#4640 = CARTESIAN_POINT('',(0.95,0.5,0.45));
#4641 = LINE('',#4642,#4643);
#4642 = CARTESIAN_POINT('',(0.E+000,0.5,0.45));
#4643 = VECTOR('',#4644,1.);
#4644 = DIRECTION('',(1.,0.E+000,-0.E+000));
#4645 = ORIENTED_EDGE('',*,*,#4476,.T.);
#4646 = ORIENTED_EDGE('',*,*,#4599,.T.);
#4647 = ORIENTED_EDGE('',*,*,#4648,.F.);
#4648 = EDGE_CURVE('',#4639,#4592,#4649,.T.);
#4649 = CIRCLE('',#4650,5.E-002);
#4650 = AXIS2_PLACEMENT_3D('',#4651,#4652,#4653);
#4651 = CARTESIAN_POINT('',(0.95,0.45,0.45));
#4652 = DIRECTION('',(1.,0.E+000,-6.123233995737E-017));
#4653 = DIRECTION('',(6.123233995737E-017,0.E+000,1.));
#4654 = CYLINDRICAL_SURFACE('',#4655,5.E-002);
#4655 = AXIS2_PLACEMENT_3D('',#4656,#4657,#4658);
#4656 = CARTESIAN_POINT('',(0.E+000,0.45,0.45));
#4657 = DIRECTION('',(1.,0.E+000,-0.E+000));
#4658 = DIRECTION('',(0.E+000,1.,0.E+000));
#4659 = ADVANCED_FACE('',(#4660),#4671,.T.);
#4660 = FACE_BOUND('',#4661,.T.);
#4661 = EDGE_LOOP('',(#4662,#4663,#4664,#4665));
#4662 = ORIENTED_EDGE('',*,*,#4613,.F.);
#4663 = ORIENTED_EDGE('',*,*,#4468,.T.);
#4664 = ORIENTED_EDGE('',*,*,#4638,.T.);
#4665 = ORIENTED_EDGE('',*,*,#4666,.F.);
#4666 = EDGE_CURVE('',#4614,#4639,#4667,.T.);
#4667 = LINE('',#4668,#4669);
#4668 = CARTESIAN_POINT('',(0.95,0.5,0.E+000));
#4669 = VECTOR('',#4670,1.);
#4670 = DIRECTION('',(0.E+000,0.E+000,1.));
#4671 = PLANE('',#4672);
#4672 = AXIS2_PLACEMENT_3D('',#4673,#4674,#4675);
#4673 = CARTESIAN_POINT('',(0.E+000,0.5,0.E+000));
#4674 = DIRECTION('',(-0.E+000,1.,0.E+000));
#4675 = DIRECTION('',(0.E+000,0.E+000,1.));
#4676 = ADVANCED_FACE('',(#4677),#4689,.T.);
#4677 = FACE_BOUND('',#4678,.T.);
#4678 = EDGE_LOOP('',(#4679,#4680,#4681,#4688));
#4679 = ORIENTED_EDGE('',*,*,#4502,.F.);
#4680 = ORIENTED_EDGE('',*,*,#4519,.T.);
#4681 = ORIENTED_EDGE('',*,*,#4682,.T.);
#4682 = EDGE_CURVE('',#4520,#4543,#4683,.T.);
#4683 = CIRCLE('',#4684,5.E-002);
#4684 = AXIS2_PLACEMENT_3D('',#4685,#4686,#4687);
#4685 = CARTESIAN_POINT('',(0.95,0.45,5.E-002));
#4686 = DIRECTION('',(0.E+000,-1.,0.E+000));
#4687 = DIRECTION('',(1.,0.E+000,0.E+000));
#4688 = ORIENTED_EDGE('',*,*,#4542,.F.);
#4689 = CYLINDRICAL_SURFACE('',#4690,5.E-002);
#4690 = AXIS2_PLACEMENT_3D('',#4691,#4692,#4693);
#4691 = CARTESIAN_POINT('',(0.95,0.E+000,5.E-002));
#4692 = DIRECTION('',(-0.E+000,1.,0.E+000));
#4693 = DIRECTION('',(1.,0.E+000,-0.E+000));
#4694 = ADVANCED_FACE('',(#4695),#4707,.T.);
#4695 = FACE_BOUND('',#4696,.T.);
#4696 = EDGE_LOOP('',(#4697,#4698,#4705,#4706));
#4697 = ORIENTED_EDGE('',*,*,#4558,.T.);
#4698 = ORIENTED_EDGE('',*,*,#4699,.T.);
#4699 = EDGE_CURVE('',#4551,#4592,#4700,.T.);
#4700 = CIRCLE('',#4701,5.E-002);
#4701 = AXIS2_PLACEMENT_3D('',#4702,#4703,#4704);
#4702 = CARTESIAN_POINT('',(0.95,0.45,0.45));
#4703 = DIRECTION('',(0.E+000,-1.,-0.E+000));
#4704 = DIRECTION('',(1.,0.E+000,0.E+000));
#4705 = ORIENTED_EDGE('',*,*,#4591,.F.);
#4706 = ORIENTED_EDGE('',*,*,#4572,.T.);
#4707 = CYLINDRICAL_SURFACE('',#4708,5.E-002);
#4708 = AXIS2_PLACEMENT_3D('',#4709,#4710,#4711);
#4709 = CARTESIAN_POINT('',(0.95,0.E+000,0.45));
#4710 = DIRECTION('',(0.E+000,1.,0.E+000));
#4711 = DIRECTION('',(1.,0.E+000,-0.E+000));
#4712 = ADVANCED_FACE('',(#4713),#4731,.T.);
#4713 = FACE_BOUND('',#4714,.T.);
#4714 = EDGE_LOOP('',(#4715,#4716,#4723,#4724));
#4715 = ORIENTED_EDGE('',*,*,#4550,.F.);
#4716 = ORIENTED_EDGE('',*,*,#4717,.T.);
#4717 = EDGE_CURVE('',#4543,#4614,#4718,.T.);
#4718 = CIRCLE('',#4719,5.E-002);
#4719 = AXIS2_PLACEMENT_3D('',#4720,#4721,#4722);
#4720 = CARTESIAN_POINT('',(0.95,0.45,5.E-002));
#4721 = DIRECTION('',(0.E+000,0.E+000,1.));
#4722 = DIRECTION('',(1.,0.E+000,-0.E+000));
#4723 = ORIENTED_EDGE('',*,*,#4666,.T.);
#4724 = ORIENTED_EDGE('',*,*,#4725,.T.);
#4725 = EDGE_CURVE('',#4639,#4551,#4726,.T.);
#4726 = CIRCLE('',#4727,5.E-002);
#4727 = AXIS2_PLACEMENT_3D('',#4728,#4729,#4730);
#4728 = CARTESIAN_POINT('',(0.95,0.45,0.45));
#4729 = DIRECTION('',(0.E+000,0.E+000,-1.));
#4730 = DIRECTION('',(1.,0.E+000,0.E+000));
#4731 = CYLINDRICAL_SURFACE('',#4732,5.E-002);
#4732 = AXIS2_PLACEMENT_3D('',#4733,#4734,#4735);
#4733 = CARTESIAN_POINT('',(0.95,0.45,0.E+000));
#4734 = DIRECTION('',(0.E+000,0.E+000,1.));
#4735 = DIRECTION('',(1.,0.E+000,-0.E+000));
#4736 = ADVANCED_FACE('',(#4737),#4742,.T.);
#4737 = FACE_BOUND('',#4738,.T.);
#4738 = EDGE_LOOP('',(#4739,#4740,#4741));
#4739 = ORIENTED_EDGE('',*,*,#4682,.F.);
#4740 = ORIENTED_EDGE('',*,*,#4621,.T.);
#4741 = ORIENTED_EDGE('',*,*,#4717,.F.);
#4742 = SPHERICAL_SURFACE('',#4743,5.E-002);
#4743 = AXIS2_PLACEMENT_3D('',#4744,#4745,#4746);
#4744 = CARTESIAN_POINT('',(0.95,0.45,5.E-002));
#4745 = DIRECTION('',(0.E+000,0.E+000,1.));
#4746 = DIRECTION('',(1.,0.E+000,-0.E+000));
#4747 = ADVANCED_FACE('',(#4748),#4753,.T.);
#4748 = FACE_BOUND('',#4749,.T.);
#4749 = EDGE_LOOP('',(#4750,#4751,#4752));
#4750 = ORIENTED_EDGE('',*,*,#4725,.F.);
#4751 = ORIENTED_EDGE('',*,*,#4648,.T.);
#4752 = ORIENTED_EDGE('',*,*,#4699,.F.);
#4753 = SPHERICAL_SURFACE('',#4754,5.E-002);
#4754 = AXIS2_PLACEMENT_3D('',#4755,#4756,#4757);
#4755 = CARTESIAN_POINT('',(0.95,0.45,0.45));
#4756 = DIRECTION('',(0.E+000,-1.,-0.E+000));
#4757 = DIRECTION('',(1.,0.E+000,0.E+000));
#4758 = ( GEOMETRIC_REPRESENTATION_CONTEXT(3) 
GLOBAL_UNCERTAINTY_ASSIGNED_CONTEXT((#4762)) 
GLOBAL_UNIT_ASSIGNED_CONTEXT((#4759,#4760,#4761)) REPRESENTATION_CONTEXT
('Context #1','3D Context with UNIT and UNCERTAINTY') );
#4759 = ( LENGTH_UNIT() NAMED_UNIT(*) SI_UNIT(.MILLI.,.METRE.) );
#4760 = ( NAMED_UNIT(*) PLANE_ANGLE_UNIT() SI_UNIT($,.RADIAN.) );
#4761 = ( NAMED_UNIT(*) SI_UNIT($,.STERADIAN.) SOLID_ANGLE_UNIT() );
#4762 = UNCERTAINTY_MEASURE_WITH_UNIT(LENGTH_MEASURE(1.E-007),#4759,
  'distance_accuracy_value','confusion accuracy');
#4763 = SHAPE_DEFINITION_REPRESENTATION(#4764,#4303);
#4764 = PRODUCT_DEFINITION_SHAPE('','',#4765);
#4765 = PRODUCT_DEFINITION('design','',#4766,#4769);
#4766 = PRODUCT_DEFINITION_FORMATION('','',#4767);
#4767 = PRODUCT('Open_CASCADE_STEP_translator_6.8_54.1.2',
  'Open_CASCADE_STEP_translator_6.8_54.1.2','',(#4768));
#4768 = PRODUCT_CONTEXT('',#2,'mechanical');
#4769 = PRODUCT_DEFINITION_CONTEXT('part definition',#2,'design');
#4770 = CONTEXT_DEPENDENT_SHAPE_REPRESENTATION(#4771,#4773);
#4771 = ( REPRESENTATION_RELATIONSHIP('','',#4303,#3816) 
REPRESENTATION_RELATIONSHIP_WITH_TRANSFORMATION(#4772) 
SHAPE_REPRESENTATION_RELATIONSHIP() );
#4772 = ITEM_DEFINED_TRANSFORMATION('','',#11,#3821);
#4773 = PRODUCT_DEFINITION_SHAPE('Placement','Placement of an item',
  #4774);
#4774 = NEXT_ASSEMBLY_USAGE_OCCURRENCE('4','267','',#3811,#4765,$);
#4775 = PRODUCT_RELATED_PRODUCT_CATEGORY('part',$,(#4767));
#4776 = CONTEXT_DEPENDENT_SHAPE_REPRESENTATION(#4777,#4779);
#4777 = ( REPRESENTATION_RELATIONSHIP('','',#3816,#3795) 
REPRESENTATION_RELATIONSHIP_WITH_TRANSFORMATION(#4778) 
SHAPE_REPRESENTATION_RELATIONSHIP() );
#4778 = ITEM_DEFINED_TRANSFORMATION('','',#11,#3796);
#4779 = PRODUCT_DEFINITION_SHAPE('Placement','Placement of an item',
  #4780);
#4780 = NEXT_ASSEMBLY_USAGE_OCCURRENCE('5','268','',#3790,#3811,$);
#4781 = PRODUCT_RELATED_PRODUCT_CATEGORY('part',$,(#3813));
#4782 = SHAPE_DEFINITION_REPRESENTATION(#4783,#4789);
#4783 = PRODUCT_DEFINITION_SHAPE('','',#4784);
#4784 = PRODUCT_DEFINITION('design','',#4785,#4788);
#4785 = PRODUCT_DEFINITION_FORMATION('','',#4786);
#4786 = PRODUCT('Mid_Body','Mid_Body','',(#4787));
#4787 = PRODUCT_CONTEXT('',#2,'mechanical');
#4788 = PRODUCT_DEFINITION_CONTEXT('part definition',#2,'design');
#4789 = SHAPE_REPRESENTATION('',(#11,#4790),#4794);
#4790 = AXIS2_PLACEMENT_3D('',#4791,#4792,#4793);
#4791 = CARTESIAN_POINT('',(0.E+000,0.E+000,0.E+000));
#4792 = DIRECTION('',(0.E+000,0.E+000,1.));
#4793 = DIRECTION('',(1.,0.E+000,0.E+000));
#4794 = ( GEOMETRIC_REPRESENTATION_CONTEXT(3) 
GLOBAL_UNCERTAINTY_ASSIGNED_CONTEXT((#4798)) 
GLOBAL_UNIT_ASSIGNED_CONTEXT((#4795,#4796,#4797)) REPRESENTATION_CONTEXT
('Context #1','3D Context with UNIT and UNCERTAINTY') );
#4795 = ( LENGTH_UNIT() NAMED_UNIT(*) SI_UNIT(.MILLI.,.METRE.) );
#4796 = ( NAMED_UNIT(*) PLANE_ANGLE_UNIT() SI_UNIT($,.RADIAN.) );
#4797 = ( NAMED_UNIT(*) SI_UNIT($,.STERADIAN.) SOLID_ANGLE_UNIT() );
#4798 = UNCERTAINTY_MEASURE_WITH_UNIT(LENGTH_MEASURE(1.E-007),#4795,
  'distance_accuracy_value','confusion accuracy');
#4799 = ADVANCED_BREP_SHAPE_REPRESENTATION('',(#11,#4800),#5090);
#4800 = MANIFOLD_SOLID_BREP('',#4801);
#4801 = CLOSED_SHELL('',(#4802,#4842,#4875,#4934,#4959,#5010,#5027,#5044
    ,#5061,#5078));
#4802 = ADVANCED_FACE('',(#4803),#4837,.F.);
#4803 = FACE_BOUND('',#4804,.F.);
#4804 = EDGE_LOOP('',(#4805,#4815,#4823,#4831));
#4805 = ORIENTED_EDGE('',*,*,#4806,.F.);
#4806 = EDGE_CURVE('',#4807,#4809,#4811,.T.);
#4807 = VERTEX_POINT('',#4808);
#4808 = CARTESIAN_POINT('',(0.25,-3.469446951954E-018,5.E-002));
#4809 = VERTEX_POINT('',#4810);
#4810 = CARTESIAN_POINT('',(0.75,-3.469446951954E-018,5.E-002));
#4811 = LINE('',#4812,#4813);
#4812 = CARTESIAN_POINT('',(0.E+000,-6.938893903907E-018,5.E-002));
#4813 = VECTOR('',#4814,1.);
#4814 = DIRECTION('',(1.,0.E+000,-0.E+000));
#4815 = ORIENTED_EDGE('',*,*,#4816,.T.);
#4816 = EDGE_CURVE('',#4807,#4817,#4819,.T.);
#4817 = VERTEX_POINT('',#4818);
#4818 = CARTESIAN_POINT('',(0.25,-3.469446951954E-018,0.45));
#4819 = LINE('',#4820,#4821);
#4820 = CARTESIAN_POINT('',(0.25,0.E+000,0.E+000));
#4821 = VECTOR('',#4822,1.);
#4822 = DIRECTION('',(0.E+000,0.E+000,1.));
#4823 = ORIENTED_EDGE('',*,*,#4824,.T.);
#4824 = EDGE_CURVE('',#4817,#4825,#4827,.T.);
#4825 = VERTEX_POINT('',#4826);
#4826 = CARTESIAN_POINT('',(0.75,-3.469446951954E-018,0.45));
#4827 = LINE('',#4828,#4829);
#4828 = CARTESIAN_POINT('',(0.E+000,-6.938893903907E-018,0.45));
#4829 = VECTOR('',#4830,1.);
#4830 = DIRECTION('',(1.,0.E+000,-0.E+000));
#4831 = ORIENTED_EDGE('',*,*,#4832,.F.);
#4832 = EDGE_CURVE('',#4809,#4825,#4833,.T.);
#4833 = LINE('',#4834,#4835);
#4834 = CARTESIAN_POINT('',(0.75,0.E+000,0.E+000));
#4835 = VECTOR('',#4836,1.);
#4836 = DIRECTION('',(0.E+000,0.E+000,1.));
#4837 = PLANE('',#4838);
#4838 = AXIS2_PLACEMENT_3D('',#4839,#4840,#4841);
#4839 = CARTESIAN_POINT('',(0.E+000,0.E+000,0.E+000));
#4840 = DIRECTION('',(-0.E+000,1.,0.E+000));
#4841 = DIRECTION('',(0.E+000,0.E+000,1.));
#4842 = ADVANCED_FACE('',(#4843),#4870,.T.);
#4843 = FACE_BOUND('',#4844,.T.);
#4844 = EDGE_LOOP('',(#4845,#4846,#4855,#4863));
#4845 = ORIENTED_EDGE('',*,*,#4806,.F.);
#4846 = ORIENTED_EDGE('',*,*,#4847,.T.);
#4847 = EDGE_CURVE('',#4807,#4848,#4850,.T.);
#4848 = VERTEX_POINT('',#4849);
#4849 = CARTESIAN_POINT('',(0.25,5.E-002,-3.469446951954E-018));
#4850 = CIRCLE('',#4851,5.E-002);
#4851 = AXIS2_PLACEMENT_3D('',#4852,#4853,#4854);
#4852 = CARTESIAN_POINT('',(0.25,5.E-002,5.E-002));
#4853 = DIRECTION('',(1.,0.E+000,0.E+000));
#4854 = DIRECTION('',(0.E+000,-1.,0.E+000));
#4855 = ORIENTED_EDGE('',*,*,#4856,.T.);
#4856 = EDGE_CURVE('',#4848,#4857,#4859,.T.);
#4857 = VERTEX_POINT('',#4858);
#4858 = CARTESIAN_POINT('',(0.75,5.E-002,-3.469446951954E-018));
#4859 = LINE('',#4860,#4861);
#4860 = CARTESIAN_POINT('',(0.E+000,5.E-002,-6.938893903907E-018));
#4861 = VECTOR('',#4862,1.);
#4862 = DIRECTION('',(1.,0.E+000,-0.E+000));
#4863 = ORIENTED_EDGE('',*,*,#4864,.F.);
#4864 = EDGE_CURVE('',#4809,#4857,#4865,.T.);
#4865 = CIRCLE('',#4866,5.E-002);
#4866 = AXIS2_PLACEMENT_3D('',#4867,#4868,#4869);
#4867 = CARTESIAN_POINT('',(0.75,5.E-002,5.E-002));
#4868 = DIRECTION('',(1.,0.E+000,0.E+000));
#4869 = DIRECTION('',(0.E+000,-1.,0.E+000));
#4870 = CYLINDRICAL_SURFACE('',#4871,5.E-002);
#4871 = AXIS2_PLACEMENT_3D('',#4872,#4873,#4874);
#4872 = CARTESIAN_POINT('',(0.E+000,5.E-002,5.E-002));
#4873 = DIRECTION('',(1.,0.E+000,-0.E+000));
#4874 = DIRECTION('',(0.E+000,-1.,0.E+000));
#4875 = ADVANCED_FACE('',(#4876),#4929,.T.);
#4876 = FACE_BOUND('',#4877,.T.);
#4877 = EDGE_LOOP('',(#4878,#4879,#4880,#4888,#4897,#4905,#4914,#4922));
#4878 = ORIENTED_EDGE('',*,*,#4832,.F.);
#4879 = ORIENTED_EDGE('',*,*,#4864,.T.);
#4880 = ORIENTED_EDGE('',*,*,#4881,.T.);
#4881 = EDGE_CURVE('',#4857,#4882,#4884,.T.);
#4882 = VERTEX_POINT('',#4883);
#4883 = CARTESIAN_POINT('',(0.75,0.45,-3.469446951954E-018));
#4884 = LINE('',#4885,#4886);
#4885 = CARTESIAN_POINT('',(0.75,0.E+000,0.E+000));
#4886 = VECTOR('',#4887,1.);
#4887 = DIRECTION('',(-0.E+000,1.,0.E+000));
#4888 = ORIENTED_EDGE('',*,*,#4889,.T.);
#4889 = EDGE_CURVE('',#4882,#4890,#4892,.T.);
#4890 = VERTEX_POINT('',#4891);
#4891 = CARTESIAN_POINT('',(0.75,0.5,5.E-002));
#4892 = CIRCLE('',#4893,5.E-002);
#4893 = AXIS2_PLACEMENT_3D('',#4894,#4895,#4896);
#4894 = CARTESIAN_POINT('',(0.75,0.45,5.E-002));
#4895 = DIRECTION('',(1.,0.E+000,-0.E+000));
#4896 = DIRECTION('',(0.E+000,1.,0.E+000));
#4897 = ORIENTED_EDGE('',*,*,#4898,.T.);
#4898 = EDGE_CURVE('',#4890,#4899,#4901,.T.);
#4899 = VERTEX_POINT('',#4900);
#4900 = CARTESIAN_POINT('',(0.75,0.5,0.45));
#4901 = LINE('',#4902,#4903);
#4902 = CARTESIAN_POINT('',(0.75,0.5,0.E+000));
#4903 = VECTOR('',#4904,1.);
#4904 = DIRECTION('',(0.E+000,0.E+000,1.));
#4905 = ORIENTED_EDGE('',*,*,#4906,.T.);
#4906 = EDGE_CURVE('',#4899,#4907,#4909,.T.);
#4907 = VERTEX_POINT('',#4908);
#4908 = CARTESIAN_POINT('',(0.75,0.45,0.5));
#4909 = CIRCLE('',#4910,5.E-002);
#4910 = AXIS2_PLACEMENT_3D('',#4911,#4912,#4913);
#4911 = CARTESIAN_POINT('',(0.75,0.45,0.45));
#4912 = DIRECTION('',(1.,0.E+000,-0.E+000));
#4913 = DIRECTION('',(0.E+000,1.,0.E+000));
#4914 = ORIENTED_EDGE('',*,*,#4915,.F.);
#4915 = EDGE_CURVE('',#4916,#4907,#4918,.T.);
#4916 = VERTEX_POINT('',#4917);
#4917 = CARTESIAN_POINT('',(0.75,5.E-002,0.5));
#4918 = LINE('',#4919,#4920);
#4919 = CARTESIAN_POINT('',(0.75,0.E+000,0.5));
#4920 = VECTOR('',#4921,1.);
#4921 = DIRECTION('',(-0.E+000,1.,0.E+000));
#4922 = ORIENTED_EDGE('',*,*,#4923,.T.);
#4923 = EDGE_CURVE('',#4916,#4825,#4924,.T.);
#4924 = CIRCLE('',#4925,5.E-002);
#4925 = AXIS2_PLACEMENT_3D('',#4926,#4927,#4928);
#4926 = CARTESIAN_POINT('',(0.75,5.E-002,0.45));
#4927 = DIRECTION('',(1.,0.E+000,0.E+000));
#4928 = DIRECTION('',(0.E+000,-1.,0.E+000));
#4929 = PLANE('',#4930);
#4930 = AXIS2_PLACEMENT_3D('',#4931,#4932,#4933);
#4931 = CARTESIAN_POINT('',(0.75,0.E+000,0.E+000));
#4932 = DIRECTION('',(1.,0.E+000,-0.E+000));
#4933 = DIRECTION('',(0.E+000,0.E+000,1.));
#4934 = ADVANCED_FACE('',(#4935),#4954,.T.);
#4935 = FACE_BOUND('',#4936,.T.);
#4936 = EDGE_LOOP('',(#4937,#4938,#4939,#4947));
#4937 = ORIENTED_EDGE('',*,*,#4824,.T.);
#4938 = ORIENTED_EDGE('',*,*,#4923,.F.);
#4939 = ORIENTED_EDGE('',*,*,#4940,.F.);
#4940 = EDGE_CURVE('',#4941,#4916,#4943,.T.);
#4941 = VERTEX_POINT('',#4942);
#4942 = CARTESIAN_POINT('',(0.25,5.E-002,0.5));
#4943 = LINE('',#4944,#4945);
#4944 = CARTESIAN_POINT('',(0.E+000,5.E-002,0.5));
#4945 = VECTOR('',#4946,1.);
#4946 = DIRECTION('',(1.,0.E+000,-0.E+000));
#4947 = ORIENTED_EDGE('',*,*,#4948,.T.);
#4948 = EDGE_CURVE('',#4941,#4817,#4949,.T.);
#4949 = CIRCLE('',#4950,5.E-002);
#4950 = AXIS2_PLACEMENT_3D('',#4951,#4952,#4953);
#4951 = CARTESIAN_POINT('',(0.25,5.E-002,0.45));
#4952 = DIRECTION('',(1.,0.E+000,0.E+000));
#4953 = DIRECTION('',(0.E+000,-1.,0.E+000));
#4954 = CYLINDRICAL_SURFACE('',#4955,5.E-002);
#4955 = AXIS2_PLACEMENT_3D('',#4956,#4957,#4958);
#4956 = CARTESIAN_POINT('',(0.E+000,5.E-002,0.45));
#4957 = DIRECTION('',(1.,0.E+000,-0.E+000));
#4958 = DIRECTION('',(0.E+000,-1.,0.E+000));
#4959 = ADVANCED_FACE('',(#4960),#5005,.F.);
#4960 = FACE_BOUND('',#4961,.F.);
#4961 = EDGE_LOOP('',(#4962,#4963,#4964,#4972,#4981,#4989,#4998,#5004));
#4962 = ORIENTED_EDGE('',*,*,#4816,.F.);
#4963 = ORIENTED_EDGE('',*,*,#4847,.T.);
#4964 = ORIENTED_EDGE('',*,*,#4965,.T.);
#4965 = EDGE_CURVE('',#4848,#4966,#4968,.T.);
#4966 = VERTEX_POINT('',#4967);
#4967 = CARTESIAN_POINT('',(0.25,0.45,-3.469446951954E-018));
#4968 = LINE('',#4969,#4970);
#4969 = CARTESIAN_POINT('',(0.25,0.E+000,0.E+000));
#4970 = VECTOR('',#4971,1.);
#4971 = DIRECTION('',(-0.E+000,1.,0.E+000));
#4972 = ORIENTED_EDGE('',*,*,#4973,.T.);
#4973 = EDGE_CURVE('',#4966,#4974,#4976,.T.);
#4974 = VERTEX_POINT('',#4975);
#4975 = CARTESIAN_POINT('',(0.25,0.5,5.E-002));
#4976 = CIRCLE('',#4977,5.E-002);
#4977 = AXIS2_PLACEMENT_3D('',#4978,#4979,#4980);
#4978 = CARTESIAN_POINT('',(0.25,0.45,5.E-002));
#4979 = DIRECTION('',(1.,0.E+000,-0.E+000));
#4980 = DIRECTION('',(0.E+000,1.,0.E+000));
#4981 = ORIENTED_EDGE('',*,*,#4982,.T.);
#4982 = EDGE_CURVE('',#4974,#4983,#4985,.T.);
#4983 = VERTEX_POINT('',#4984);
#4984 = CARTESIAN_POINT('',(0.25,0.5,0.45));
#4985 = LINE('',#4986,#4987);
#4986 = CARTESIAN_POINT('',(0.25,0.5,0.E+000));
#4987 = VECTOR('',#4988,1.);
#4988 = DIRECTION('',(0.E+000,0.E+000,1.));
#4989 = ORIENTED_EDGE('',*,*,#4990,.T.);
#4990 = EDGE_CURVE('',#4983,#4991,#4993,.T.);
#4991 = VERTEX_POINT('',#4992);
#4992 = CARTESIAN_POINT('',(0.25,0.45,0.5));
#4993 = CIRCLE('',#4994,5.E-002);
#4994 = AXIS2_PLACEMENT_3D('',#4995,#4996,#4997);
#4995 = CARTESIAN_POINT('',(0.25,0.45,0.45));
#4996 = DIRECTION('',(1.,0.E+000,-0.E+000));
#4997 = DIRECTION('',(0.E+000,1.,0.E+000));
#4998 = ORIENTED_EDGE('',*,*,#4999,.F.);
#4999 = EDGE_CURVE('',#4941,#4991,#5000,.T.);
#5000 = LINE('',#5001,#5002);
#5001 = CARTESIAN_POINT('',(0.25,0.E+000,0.5));
#5002 = VECTOR('',#5003,1.);
#5003 = DIRECTION('',(0.E+000,1.,0.E+000));
#5004 = ORIENTED_EDGE('',*,*,#4948,.T.);
#5005 = PLANE('',#5006);
#5006 = AXIS2_PLACEMENT_3D('',#5007,#5008,#5009);
#5007 = CARTESIAN_POINT('',(0.25,0.E+000,0.E+000));
#5008 = DIRECTION('',(1.,0.E+000,-0.E+000));
#5009 = DIRECTION('',(0.E+000,0.E+000,1.));
#5010 = ADVANCED_FACE('',(#5011),#5022,.F.);
#5011 = FACE_BOUND('',#5012,.F.);
#5012 = EDGE_LOOP('',(#5013,#5014,#5015,#5016));
#5013 = ORIENTED_EDGE('',*,*,#4965,.F.);
#5014 = ORIENTED_EDGE('',*,*,#4856,.T.);
#5015 = ORIENTED_EDGE('',*,*,#4881,.T.);
#5016 = ORIENTED_EDGE('',*,*,#5017,.F.);
#5017 = EDGE_CURVE('',#4966,#4882,#5018,.T.);
#5018 = LINE('',#5019,#5020);
#5019 = CARTESIAN_POINT('',(0.E+000,0.45,-6.938893903907E-018));
#5020 = VECTOR('',#5021,1.);
#5021 = DIRECTION('',(1.,0.E+000,-0.E+000));
#5022 = PLANE('',#5023);
#5023 = AXIS2_PLACEMENT_3D('',#5024,#5025,#5026);
#5024 = CARTESIAN_POINT('',(0.E+000,0.E+000,0.E+000));
#5025 = DIRECTION('',(0.E+000,0.E+000,1.));
#5026 = DIRECTION('',(1.,0.E+000,-0.E+000));
#5027 = ADVANCED_FACE('',(#5028),#5039,.T.);
#5028 = FACE_BOUND('',#5029,.T.);
#5029 = EDGE_LOOP('',(#5030,#5031,#5032,#5033));
#5030 = ORIENTED_EDGE('',*,*,#4999,.F.);
#5031 = ORIENTED_EDGE('',*,*,#4940,.T.);
#5032 = ORIENTED_EDGE('',*,*,#4915,.T.);
#5033 = ORIENTED_EDGE('',*,*,#5034,.F.);
#5034 = EDGE_CURVE('',#4991,#4907,#5035,.T.);
#5035 = LINE('',#5036,#5037);
#5036 = CARTESIAN_POINT('',(0.E+000,0.45,0.5));
#5037 = VECTOR('',#5038,1.);
#5038 = DIRECTION('',(1.,0.E+000,-0.E+000));
#5039 = PLANE('',#5040);
#5040 = AXIS2_PLACEMENT_3D('',#5041,#5042,#5043);
#5041 = CARTESIAN_POINT('',(0.E+000,0.E+000,0.5));
#5042 = DIRECTION('',(0.E+000,0.E+000,1.));
#5043 = DIRECTION('',(1.,0.E+000,-0.E+000));
#5044 = ADVANCED_FACE('',(#5045),#5056,.T.);
#5045 = FACE_BOUND('',#5046,.T.);
#5046 = EDGE_LOOP('',(#5047,#5053,#5054,#5055));
#5047 = ORIENTED_EDGE('',*,*,#5048,.F.);
#5048 = EDGE_CURVE('',#4983,#4899,#5049,.T.);
#5049 = LINE('',#5050,#5051);
#5050 = CARTESIAN_POINT('',(0.E+000,0.5,0.45));
#5051 = VECTOR('',#5052,1.);
#5052 = DIRECTION('',(1.,0.E+000,-0.E+000));
#5053 = ORIENTED_EDGE('',*,*,#4990,.T.);
#5054 = ORIENTED_EDGE('',*,*,#5034,.T.);
#5055 = ORIENTED_EDGE('',*,*,#4906,.F.);
#5056 = CYLINDRICAL_SURFACE('',#5057,5.E-002);
#5057 = AXIS2_PLACEMENT_3D('',#5058,#5059,#5060);
#5058 = CARTESIAN_POINT('',(0.E+000,0.45,0.45));
#5059 = DIRECTION('',(1.,0.E+000,-0.E+000));
#5060 = DIRECTION('',(0.E+000,1.,0.E+000));
#5061 = ADVANCED_FACE('',(#5062),#5073,.T.);
#5062 = FACE_BOUND('',#5063,.T.);
#5063 = EDGE_LOOP('',(#5064,#5070,#5071,#5072));
#5064 = ORIENTED_EDGE('',*,*,#5065,.F.);
#5065 = EDGE_CURVE('',#4974,#4890,#5066,.T.);
#5066 = LINE('',#5067,#5068);
#5067 = CARTESIAN_POINT('',(0.E+000,0.5,5.E-002));
#5068 = VECTOR('',#5069,1.);
#5069 = DIRECTION('',(1.,0.E+000,-0.E+000));
#5070 = ORIENTED_EDGE('',*,*,#4982,.T.);
#5071 = ORIENTED_EDGE('',*,*,#5048,.T.);
#5072 = ORIENTED_EDGE('',*,*,#4898,.F.);
#5073 = PLANE('',#5074);
#5074 = AXIS2_PLACEMENT_3D('',#5075,#5076,#5077);
#5075 = CARTESIAN_POINT('',(0.E+000,0.5,0.E+000));
#5076 = DIRECTION('',(-0.E+000,1.,0.E+000));
#5077 = DIRECTION('',(0.E+000,0.E+000,1.));
#5078 = ADVANCED_FACE('',(#5079),#5085,.T.);
#5079 = FACE_BOUND('',#5080,.T.);
#5080 = EDGE_LOOP('',(#5081,#5082,#5083,#5084));
#5081 = ORIENTED_EDGE('',*,*,#5065,.T.);
#5082 = ORIENTED_EDGE('',*,*,#4889,.F.);
#5083 = ORIENTED_EDGE('',*,*,#5017,.F.);
#5084 = ORIENTED_EDGE('',*,*,#4973,.T.);
#5085 = CYLINDRICAL_SURFACE('',#5086,5.E-002);
#5086 = AXIS2_PLACEMENT_3D('',#5087,#5088,#5089);
#5087 = CARTESIAN_POINT('',(0.E+000,0.45,5.E-002));
#5088 = DIRECTION('',(1.,0.E+000,-0.E+000));
#5089 = DIRECTION('',(0.E+000,1.,0.E+000));
#5090 = ( GEOMETRIC_REPRESENTATION_CONTEXT(3) 
GLOBAL_UNCERTAINTY_ASSIGNED_CONTEXT((#5094)) 
GLOBAL_UNIT_ASSIGNED_CONTEXT((#5091,#5092,#5093)) REPRESENTATION_CONTEXT
('Context #1','3D Context with UNIT and UNCERTAINTY') );
#5091 = ( LENGTH_UNIT() NAMED_UNIT(*) SI_UNIT(.MILLI.,.METRE.) );
#5092 = ( NAMED_UNIT(*) PLANE_ANGLE_UNIT() SI_UNIT($,.RADIAN.) );
#5093 = ( NAMED_UNIT(*) SI_UNIT($,.STERADIAN.) SOLID_ANGLE_UNIT() );
#5094 = UNCERTAINTY_MEASURE_WITH_UNIT(LENGTH_MEASURE(1.E-007),#5091,
  'distance_accuracy_value','confusion accuracy');
#5095 = SHAPE_DEFINITION_REPRESENTATION(#5096,#4799);
#5096 = PRODUCT_DEFINITION_SHAPE('','',#5097);
#5097 = PRODUCT_DEFINITION('design','',#5098,#5101);
#5098 = PRODUCT_DEFINITION_FORMATION('','',#5099);
#5099 = PRODUCT('Open_CASCADE_STEP_translator_6.8_54.2.1',
  'Open_CASCADE_STEP_translator_6.8_54.2.1','',(#5100));
#5100 = PRODUCT_CONTEXT('',#2,'mechanical');
#5101 = PRODUCT_DEFINITION_CONTEXT('part definition',#2,'design');
#5102 = CONTEXT_DEPENDENT_SHAPE_REPRESENTATION(#5103,#5105);
#5103 = ( REPRESENTATION_RELATIONSHIP('','',#4799,#4789) 
REPRESENTATION_RELATIONSHIP_WITH_TRANSFORMATION(#5104) 
SHAPE_REPRESENTATION_RELATIONSHIP() );
#5104 = ITEM_DEFINED_TRANSFORMATION('','',#11,#4790);
#5105 = PRODUCT_DEFINITION_SHAPE('Placement','Placement of an item',
  #5106);
#5106 = NEXT_ASSEMBLY_USAGE_OCCURRENCE('6','269','',#4784,#5097,$);
#5107 = PRODUCT_RELATED_PRODUCT_CATEGORY('part',$,(#5099));
#5108 = CONTEXT_DEPENDENT_SHAPE_REPRESENTATION(#5109,#5111);
#5109 = ( REPRESENTATION_RELATIONSHIP('','',#4789,#3795) 
REPRESENTATION_RELATIONSHIP_WITH_TRANSFORMATION(#5110) 
SHAPE_REPRESENTATION_RELATIONSHIP() );
#5110 = ITEM_DEFINED_TRANSFORMATION('','',#11,#3800);
#5111 = PRODUCT_DEFINITION_SHAPE('Placement','Placement of an item',
  #5112);
#5112 = NEXT_ASSEMBLY_USAGE_OCCURRENCE('7','270','',#3790,#4784,$);
#5113 = PRODUCT_RELATED_PRODUCT_CATEGORY('part',$,(#4786));
#5114 = CONTEXT_DEPENDENT_SHAPE_REPRESENTATION(#5115,#5117);
#5115 = ( REPRESENTATION_RELATIONSHIP('','',#3795,#3778) 
REPRESENTATION_RELATIONSHIP_WITH_TRANSFORMATION(#5116) 
SHAPE_REPRESENTATION_RELATIONSHIP() );
#5116 = ITEM_DEFINED_TRANSFORMATION('','',#11,#3779);
#5117 = PRODUCT_DEFINITION_SHAPE('Placement','Placement of an item',
  #5118);
#5118 = NEXT_ASSEMBLY_USAGE_OCCURRENCE('8','','',#3773,#3790,$);
#5119 = PRODUCT_RELATED_PRODUCT_CATEGORY('part',$,(#3792));
#5120 = CONTEXT_DEPENDENT_SHAPE_REPRESENTATION(#5121,#5123);
#5121 = ( REPRESENTATION_RELATIONSHIP('','',#3778,#10) 
REPRESENTATION_RELATIONSHIP_WITH_TRANSFORMATION(#5122) 
SHAPE_REPRESENTATION_RELATIONSHIP() );
#5122 = ITEM_DEFINED_TRANSFORMATION('','',#11,#19);
#5123 = PRODUCT_DEFINITION_SHAPE('Placement','Placement of an item',
  #5124);
#5124 = NEXT_ASSEMBLY_USAGE_OCCURRENCE('9','','',#5,#3773,$);
#5125 = PRODUCT_RELATED_PRODUCT_CATEGORY('part',$,(#3775));
#5126 = SHAPE_DEFINITION_REPRESENTATION(#5127,#5133);
#5127 = PRODUCT_DEFINITION_SHAPE('','',#5128);
#5128 = PRODUCT_DEFINITION('design','',#5129,#5132);
#5129 = PRODUCT_DEFINITION_FORMATION('','',#5130);
#5130 = PRODUCT('C17','C17','',(#5131));
#5131 = PRODUCT_CONTEXT('',#2,'mechanical');
#5132 = PRODUCT_DEFINITION_CONTEXT('part definition',#2,'design');
#5133 = SHAPE_REPRESENTATION('',(#11,#5134),#5138);
#5134 = AXIS2_PLACEMENT_3D('',#5135,#5136,#5137);
#5135 = CARTESIAN_POINT('',(-15.87491472168,23.41887902832,0.E+000));
#5136 = DIRECTION('',(0.E+000,-0.E+000,1.));
#5137 = DIRECTION('',(1.,1.748455531469E-007,0.E+000));
#5138 = ( GEOMETRIC_REPRESENTATION_CONTEXT(3) 
GLOBAL_UNCERTAINTY_ASSIGNED_CONTEXT((#5142)) 
GLOBAL_UNIT_ASSIGNED_CONTEXT((#5139,#5140,#5141)) REPRESENTATION_CONTEXT
('Context #1','3D Context with UNIT and UNCERTAINTY') );
#5139 = ( LENGTH_UNIT() NAMED_UNIT(*) SI_UNIT(.MILLI.,.METRE.) );
#5140 = ( NAMED_UNIT(*) PLANE_ANGLE_UNIT() SI_UNIT($,.RADIAN.) );
#5141 = ( NAMED_UNIT(*) SI_UNIT($,.STERADIAN.) SOLID_ANGLE_UNIT() );
#5142 = UNCERTAINTY_MEASURE_WITH_UNIT(LENGTH_MEASURE(1.E-007),#5139,
  'distance_accuracy_value','confusion accuracy');
#5143 = SHAPE_DEFINITION_REPRESENTATION(#5144,#5150);
#5144 = PRODUCT_DEFINITION_SHAPE('','',#5145);
#5145 = PRODUCT_DEFINITION('design','',#5146,#5149);
#5146 = PRODUCT_DEFINITION_FORMATION('','',#5147);
#5147 = PRODUCT('5833147072','5833147072','',(#5148));
#5148 = PRODUCT_CONTEXT('',#2,'mechanical');
#5149 = PRODUCT_DEFINITION_CONTEXT('part definition',#2,'design');
#5150 = SHAPE_REPRESENTATION('',(#11,#5151,#5155),#5159);
#5151 = AXIS2_PLACEMENT_3D('',#5152,#5153,#5154);
#5152 = CARTESIAN_POINT('',(-0.5,-0.25,0.E+000));
#5153 = DIRECTION('',(0.E+000,0.E+000,1.));
#5154 = DIRECTION('',(1.,0.E+000,0.E+000));
#5155 = AXIS2_PLACEMENT_3D('',#5156,#5157,#5158);
#5156 = CARTESIAN_POINT('',(-0.5,-0.25,0.E+000));
#5157 = DIRECTION('',(0.E+000,0.E+000,1.));
#5158 = DIRECTION('',(1.,0.E+000,0.E+000));
#5159 = ( GEOMETRIC_REPRESENTATION_CONTEXT(3) 
GLOBAL_UNCERTAINTY_ASSIGNED_CONTEXT((#5163)) 
GLOBAL_UNIT_ASSIGNED_CONTEXT((#5160,#5161,#5162)) REPRESENTATION_CONTEXT
('Context #1','3D Context with UNIT and UNCERTAINTY') );
#5160 = ( LENGTH_UNIT() NAMED_UNIT(*) SI_UNIT(.MILLI.,.METRE.) );
#5161 = ( NAMED_UNIT(*) PLANE_ANGLE_UNIT() SI_UNIT($,.RADIAN.) );
#5162 = ( NAMED_UNIT(*) SI_UNIT($,.STERADIAN.) SOLID_ANGLE_UNIT() );
#5163 = UNCERTAINTY_MEASURE_WITH_UNIT(LENGTH_MEASURE(1.E-007),#5160,
  'distance_accuracy_value','confusion accuracy');
#5164 = SHAPE_DEFINITION_REPRESENTATION(#5165,#5171);
#5165 = PRODUCT_DEFINITION_SHAPE('','',#5166);
#5166 = PRODUCT_DEFINITION('design','',#5167,#5170);
#5167 = PRODUCT_DEFINITION_FORMATION('','',#5168);
#5168 = PRODUCT('Terminal','Terminal','',(#5169));
#5169 = PRODUCT_CONTEXT('',#2,'mechanical');
#5170 = PRODUCT_DEFINITION_CONTEXT('part definition',#2,'design');
#5171 = SHAPE_REPRESENTATION('',(#11,#5172,#5176),#5180);
#5172 = AXIS2_PLACEMENT_3D('',#5173,#5174,#5175);
#5173 = CARTESIAN_POINT('',(0.E+000,0.E+000,0.E+000));
#5174 = DIRECTION('',(0.E+000,0.E+000,1.));
#5175 = DIRECTION('',(1.,0.E+000,0.E+000));
#5176 = AXIS2_PLACEMENT_3D('',#5177,#5178,#5179);
#5177 = CARTESIAN_POINT('',(0.E+000,0.E+000,0.E+000));
#5178 = DIRECTION('',(0.E+000,0.E+000,1.));
#5179 = DIRECTION('',(1.,0.E+000,0.E+000));
#5180 = ( GEOMETRIC_REPRESENTATION_CONTEXT(3) 
GLOBAL_UNCERTAINTY_ASSIGNED_CONTEXT((#5184)) 
GLOBAL_UNIT_ASSIGNED_CONTEXT((#5181,#5182,#5183)) REPRESENTATION_CONTEXT
('Context #1','3D Context with UNIT and UNCERTAINTY') );
#5181 = ( LENGTH_UNIT() NAMED_UNIT(*) SI_UNIT(.MILLI.,.METRE.) );
#5182 = ( NAMED_UNIT(*) PLANE_ANGLE_UNIT() SI_UNIT($,.RADIAN.) );
#5183 = ( NAMED_UNIT(*) SI_UNIT($,.STERADIAN.) SOLID_ANGLE_UNIT() );
#5184 = UNCERTAINTY_MEASURE_WITH_UNIT(LENGTH_MEASURE(1.E-007),#5181,
  'distance_accuracy_value','confusion accuracy');
#5185 = ADVANCED_BREP_SHAPE_REPRESENTATION('',(#11,#5186),#5640);
#5186 = MANIFOLD_SOLID_BREP('',#5187);
#5187 = CLOSED_SHELL('',(#5188,#5228,#5261,#5294,#5327,#5360,#5377,#5394
    ,#5425,#5456,#5473,#5504,#5521,#5552,#5570,#5588,#5616,#5628));
#5188 = ADVANCED_FACE('',(#5189),#5223,.F.);
#5189 = FACE_BOUND('',#5190,.F.);
#5190 = EDGE_LOOP('',(#5191,#5201,#5209,#5217));
#5191 = ORIENTED_EDGE('',*,*,#5192,.F.);
#5192 = EDGE_CURVE('',#5193,#5195,#5197,.T.);
#5193 = VERTEX_POINT('',#5194);
#5194 = CARTESIAN_POINT('',(-6.938893903907E-018,5.E-002,5.E-002));
#5195 = VERTEX_POINT('',#5196);
#5196 = CARTESIAN_POINT('',(-6.938893903907E-018,5.E-002,0.45));
#5197 = LINE('',#5198,#5199);
#5198 = CARTESIAN_POINT('',(-6.938893903907E-018,5.E-002,0.E+000));
#5199 = VECTOR('',#5200,1.);
#5200 = DIRECTION('',(0.E+000,0.E+000,1.));
#5201 = ORIENTED_EDGE('',*,*,#5202,.T.);
#5202 = EDGE_CURVE('',#5193,#5203,#5205,.T.);
#5203 = VERTEX_POINT('',#5204);
#5204 = CARTESIAN_POINT('',(-6.938893903907E-018,0.45,5.E-002));
#5205 = LINE('',#5206,#5207);
#5206 = CARTESIAN_POINT('',(-6.938893903907E-018,0.E+000,5.E-002));
#5207 = VECTOR('',#5208,1.);
#5208 = DIRECTION('',(-0.E+000,1.,0.E+000));
#5209 = ORIENTED_EDGE('',*,*,#5210,.T.);
#5210 = EDGE_CURVE('',#5203,#5211,#5213,.T.);
#5211 = VERTEX_POINT('',#5212);
#5212 = CARTESIAN_POINT('',(-6.938893903907E-018,0.45,0.45));
#5213 = LINE('',#5214,#5215);
#5214 = CARTESIAN_POINT('',(-6.938893903907E-018,0.45,0.E+000));
#5215 = VECTOR('',#5216,1.);
#5216 = DIRECTION('',(0.E+000,0.E+000,1.));
#5217 = ORIENTED_EDGE('',*,*,#5218,.F.);
#5218 = EDGE_CURVE('',#5195,#5211,#5219,.T.);
#5219 = LINE('',#5220,#5221);
#5220 = CARTESIAN_POINT('',(-6.938893903907E-018,0.E+000,0.45));
#5221 = VECTOR('',#5222,1.);
#5222 = DIRECTION('',(-0.E+000,1.,0.E+000));
#5223 = PLANE('',#5224);
#5224 = AXIS2_PLACEMENT_3D('',#5225,#5226,#5227);
#5225 = CARTESIAN_POINT('',(0.E+000,0.E+000,0.E+000));
#5226 = DIRECTION('',(1.,0.E+000,-0.E+000));
#5227 = DIRECTION('',(0.E+000,0.E+000,1.));
#5228 = ADVANCED_FACE('',(#5229),#5256,.T.);
#5229 = FACE_BOUND('',#5230,.T.);
#5230 = EDGE_LOOP('',(#5231,#5232,#5241,#5249));
#5231 = ORIENTED_EDGE('',*,*,#5192,.F.);
#5232 = ORIENTED_EDGE('',*,*,#5233,.T.);
#5233 = EDGE_CURVE('',#5193,#5234,#5236,.T.);
#5234 = VERTEX_POINT('',#5235);
#5235 = CARTESIAN_POINT('',(5.E-002,-6.938893903907E-018,5.E-002));
#5236 = CIRCLE('',#5237,5.E-002);
#5237 = AXIS2_PLACEMENT_3D('',#5238,#5239,#5240);
#5238 = CARTESIAN_POINT('',(5.E-002,5.E-002,5.E-002));
#5239 = DIRECTION('',(0.E+000,0.E+000,1.));
#5240 = DIRECTION('',(-1.,0.E+000,0.E+000));
#5241 = ORIENTED_EDGE('',*,*,#5242,.T.);
#5242 = EDGE_CURVE('',#5234,#5243,#5245,.T.);
#5243 = VERTEX_POINT('',#5244);
#5244 = CARTESIAN_POINT('',(5.E-002,-6.938893903907E-018,0.45));
#5245 = LINE('',#5246,#5247);
#5246 = CARTESIAN_POINT('',(5.E-002,-6.938893903907E-018,0.E+000));
#5247 = VECTOR('',#5248,1.);
#5248 = DIRECTION('',(0.E+000,0.E+000,1.));
#5249 = ORIENTED_EDGE('',*,*,#5250,.F.);
#5250 = EDGE_CURVE('',#5195,#5243,#5251,.T.);
#5251 = CIRCLE('',#5252,5.E-002);
#5252 = AXIS2_PLACEMENT_3D('',#5253,#5254,#5255);
#5253 = CARTESIAN_POINT('',(5.E-002,5.E-002,0.45));
#5254 = DIRECTION('',(0.E+000,0.E+000,1.));
#5255 = DIRECTION('',(-1.,0.E+000,0.E+000));
#5256 = CYLINDRICAL_SURFACE('',#5257,5.E-002);
#5257 = AXIS2_PLACEMENT_3D('',#5258,#5259,#5260);
#5258 = CARTESIAN_POINT('',(5.E-002,5.E-002,0.E+000));
#5259 = DIRECTION('',(0.E+000,0.E+000,1.));
#5260 = DIRECTION('',(-1.,-0.E+000,0.E+000));
#5261 = ADVANCED_FACE('',(#5262),#5289,.T.);
#5262 = FACE_BOUND('',#5263,.T.);
#5263 = EDGE_LOOP('',(#5264,#5265,#5274,#5282));
#5264 = ORIENTED_EDGE('',*,*,#5202,.T.);
#5265 = ORIENTED_EDGE('',*,*,#5266,.F.);
#5266 = EDGE_CURVE('',#5267,#5203,#5269,.T.);
#5267 = VERTEX_POINT('',#5268);
#5268 = CARTESIAN_POINT('',(5.E-002,0.45,0.E+000));
#5269 = CIRCLE('',#5270,5.E-002);
#5270 = AXIS2_PLACEMENT_3D('',#5271,#5272,#5273);
#5271 = CARTESIAN_POINT('',(5.E-002,0.45,5.E-002));
#5272 = DIRECTION('',(0.E+000,1.,-0.E+000));
#5273 = DIRECTION('',(-1.,0.E+000,0.E+000));
#5274 = ORIENTED_EDGE('',*,*,#5275,.F.);
#5275 = EDGE_CURVE('',#5276,#5267,#5278,.T.);
#5276 = VERTEX_POINT('',#5277);
#5277 = CARTESIAN_POINT('',(5.E-002,5.E-002,0.E+000));
#5278 = LINE('',#5279,#5280);
#5279 = CARTESIAN_POINT('',(5.E-002,0.E+000,-6.938893903907E-018));
#5280 = VECTOR('',#5281,1.);
#5281 = DIRECTION('',(-0.E+000,1.,0.E+000));
#5282 = ORIENTED_EDGE('',*,*,#5283,.T.);
#5283 = EDGE_CURVE('',#5276,#5193,#5284,.T.);
#5284 = CIRCLE('',#5285,5.E-002);
#5285 = AXIS2_PLACEMENT_3D('',#5286,#5287,#5288);
#5286 = CARTESIAN_POINT('',(5.E-002,5.E-002,5.E-002));
#5287 = DIRECTION('',(0.E+000,1.,-0.E+000));
#5288 = DIRECTION('',(-1.,0.E+000,0.E+000));
#5289 = CYLINDRICAL_SURFACE('',#5290,5.E-002);
#5290 = AXIS2_PLACEMENT_3D('',#5291,#5292,#5293);
#5291 = CARTESIAN_POINT('',(5.E-002,0.E+000,5.E-002));
#5292 = DIRECTION('',(-0.E+000,1.,0.E+000));
#5293 = DIRECTION('',(-1.,-0.E+000,0.E+000));
#5294 = ADVANCED_FACE('',(#5295),#5322,.T.);
#5295 = FACE_BOUND('',#5296,.T.);
#5296 = EDGE_LOOP('',(#5297,#5306,#5314,#5321));
#5297 = ORIENTED_EDGE('',*,*,#5298,.F.);
#5298 = EDGE_CURVE('',#5299,#5195,#5301,.T.);
#5299 = VERTEX_POINT('',#5300);
#5300 = CARTESIAN_POINT('',(5.E-002,5.E-002,0.5));
#5301 = CIRCLE('',#5302,5.E-002);
#5302 = AXIS2_PLACEMENT_3D('',#5303,#5304,#5305);
#5303 = CARTESIAN_POINT('',(5.E-002,5.E-002,0.45));
#5304 = DIRECTION('',(0.E+000,-1.,0.E+000));
#5305 = DIRECTION('',(-1.,0.E+000,0.E+000));
#5306 = ORIENTED_EDGE('',*,*,#5307,.T.);
#5307 = EDGE_CURVE('',#5299,#5308,#5310,.T.);
#5308 = VERTEX_POINT('',#5309);
#5309 = CARTESIAN_POINT('',(5.E-002,0.45,0.5));
#5310 = LINE('',#5311,#5312);
#5311 = CARTESIAN_POINT('',(5.E-002,0.E+000,0.5));
#5312 = VECTOR('',#5313,1.);
#5313 = DIRECTION('',(-0.E+000,1.,0.E+000));
#5314 = ORIENTED_EDGE('',*,*,#5315,.F.);
#5315 = EDGE_CURVE('',#5211,#5308,#5316,.T.);
#5316 = CIRCLE('',#5317,5.E-002);
#5317 = AXIS2_PLACEMENT_3D('',#5318,#5319,#5320);
#5318 = CARTESIAN_POINT('',(5.E-002,0.45,0.45));
#5319 = DIRECTION('',(-0.E+000,1.,0.E+000));
#5320 = DIRECTION('',(-1.,-0.E+000,0.E+000));
#5321 = ORIENTED_EDGE('',*,*,#5218,.F.);
#5322 = CYLINDRICAL_SURFACE('',#5323,5.E-002);
#5323 = AXIS2_PLACEMENT_3D('',#5324,#5325,#5326);
#5324 = CARTESIAN_POINT('',(5.E-002,0.E+000,0.45));
#5325 = DIRECTION('',(-0.E+000,1.,0.E+000));
#5326 = DIRECTION('',(-1.,-0.E+000,0.E+000));
#5327 = ADVANCED_FACE('',(#5328),#5355,.T.);
#5328 = FACE_BOUND('',#5329,.T.);
#5329 = EDGE_LOOP('',(#5330,#5339,#5347,#5354));
#5330 = ORIENTED_EDGE('',*,*,#5331,.F.);
#5331 = EDGE_CURVE('',#5332,#5211,#5334,.T.);
#5332 = VERTEX_POINT('',#5333);
#5333 = CARTESIAN_POINT('',(5.E-002,0.5,0.45));
#5334 = CIRCLE('',#5335,5.E-002);
#5335 = AXIS2_PLACEMENT_3D('',#5336,#5337,#5338);
#5336 = CARTESIAN_POINT('',(5.E-002,0.45,0.45));
#5337 = DIRECTION('',(0.E+000,0.E+000,1.));
#5338 = DIRECTION('',(-1.,-0.E+000,0.E+000));
#5339 = ORIENTED_EDGE('',*,*,#5340,.F.);
#5340 = EDGE_CURVE('',#5341,#5332,#5343,.T.);
#5341 = VERTEX_POINT('',#5342);
#5342 = CARTESIAN_POINT('',(5.E-002,0.5,5.E-002));
#5343 = LINE('',#5344,#5345);
#5344 = CARTESIAN_POINT('',(5.E-002,0.5,0.E+000));
#5345 = VECTOR('',#5346,1.);
#5346 = DIRECTION('',(0.E+000,0.E+000,1.));
#5347 = ORIENTED_EDGE('',*,*,#5348,.F.);
#5348 = EDGE_CURVE('',#5203,#5341,#5349,.T.);
#5349 = CIRCLE('',#5350,5.E-002);
#5350 = AXIS2_PLACEMENT_3D('',#5351,#5352,#5353);
#5351 = CARTESIAN_POINT('',(5.E-002,0.45,5.E-002));
#5352 = DIRECTION('',(0.E+000,0.E+000,-1.));
#5353 = DIRECTION('',(-1.,0.E+000,0.E+000));
#5354 = ORIENTED_EDGE('',*,*,#5210,.T.);
#5355 = CYLINDRICAL_SURFACE('',#5356,5.E-002);
#5356 = AXIS2_PLACEMENT_3D('',#5357,#5358,#5359);
#5357 = CARTESIAN_POINT('',(5.E-002,0.45,0.E+000));
#5358 = DIRECTION('',(0.E+000,0.E+000,1.));
#5359 = DIRECTION('',(-1.,-0.E+000,0.E+000));
#5360 = ADVANCED_FACE('',(#5361),#5372,.T.);
#5361 = FACE_BOUND('',#5362,.T.);
#5362 = EDGE_LOOP('',(#5363,#5364,#5371));
#5363 = ORIENTED_EDGE('',*,*,#5283,.F.);
#5364 = ORIENTED_EDGE('',*,*,#5365,.T.);
#5365 = EDGE_CURVE('',#5276,#5234,#5366,.T.);
#5366 = CIRCLE('',#5367,5.E-002);
#5367 = AXIS2_PLACEMENT_3D('',#5368,#5369,#5370);
#5368 = CARTESIAN_POINT('',(5.E-002,5.E-002,5.E-002));
#5369 = DIRECTION('',(-1.,6.123233995737E-017,0.E+000));
#5370 = DIRECTION('',(-6.123233995737E-017,-1.,0.E+000));
#5371 = ORIENTED_EDGE('',*,*,#5233,.F.);
#5372 = SPHERICAL_SURFACE('',#5373,5.E-002);
#5373 = AXIS2_PLACEMENT_3D('',#5374,#5375,#5376);
#5374 = CARTESIAN_POINT('',(5.E-002,5.E-002,5.E-002));
#5375 = DIRECTION('',(0.E+000,0.E+000,1.));
#5376 = DIRECTION('',(-1.,0.E+000,0.E+000));
#5377 = ADVANCED_FACE('',(#5378),#5389,.T.);
#5378 = FACE_BOUND('',#5379,.T.);
#5379 = EDGE_LOOP('',(#5380,#5381,#5388));
#5380 = ORIENTED_EDGE('',*,*,#5250,.T.);
#5381 = ORIENTED_EDGE('',*,*,#5382,.F.);
#5382 = EDGE_CURVE('',#5299,#5243,#5383,.T.);
#5383 = CIRCLE('',#5384,5.E-002);
#5384 = AXIS2_PLACEMENT_3D('',#5385,#5386,#5387);
#5385 = CARTESIAN_POINT('',(5.E-002,5.E-002,0.45));
#5386 = DIRECTION('',(1.,-6.123233995737E-017,0.E+000));
#5387 = DIRECTION('',(-6.123233995737E-017,-1.,0.E+000));
#5388 = ORIENTED_EDGE('',*,*,#5298,.T.);
#5389 = SPHERICAL_SURFACE('',#5390,5.E-002);
#5390 = AXIS2_PLACEMENT_3D('',#5391,#5392,#5393);
#5391 = CARTESIAN_POINT('',(5.E-002,5.E-002,0.45));
#5392 = DIRECTION('',(-0.E+000,-0.E+000,-1.));
#5393 = DIRECTION('',(-1.,0.E+000,0.E+000));
#5394 = ADVANCED_FACE('',(#5395),#5420,.F.);
#5395 = FACE_BOUND('',#5396,.F.);
#5396 = EDGE_LOOP('',(#5397,#5405,#5406,#5414));
#5397 = ORIENTED_EDGE('',*,*,#5398,.F.);
#5398 = EDGE_CURVE('',#5234,#5399,#5401,.T.);
#5399 = VERTEX_POINT('',#5400);
#5400 = CARTESIAN_POINT('',(0.25,-3.469446951954E-018,5.E-002));
#5401 = LINE('',#5402,#5403);
#5402 = CARTESIAN_POINT('',(0.E+000,-6.938893903907E-018,5.E-002));
#5403 = VECTOR('',#5404,1.);
#5404 = DIRECTION('',(1.,0.E+000,-0.E+000));
#5405 = ORIENTED_EDGE('',*,*,#5242,.T.);
#5406 = ORIENTED_EDGE('',*,*,#5407,.T.);
#5407 = EDGE_CURVE('',#5243,#5408,#5410,.T.);
#5408 = VERTEX_POINT('',#5409);
#5409 = CARTESIAN_POINT('',(0.25,-3.469446951954E-018,0.45));
#5410 = LINE('',#5411,#5412);
#5411 = CARTESIAN_POINT('',(0.E+000,-6.938893903907E-018,0.45));
#5412 = VECTOR('',#5413,1.);
#5413 = DIRECTION('',(1.,0.E+000,-0.E+000));
#5414 = ORIENTED_EDGE('',*,*,#5415,.F.);
#5415 = EDGE_CURVE('',#5399,#5408,#5416,.T.);
#5416 = LINE('',#5417,#5418);
#5417 = CARTESIAN_POINT('',(0.25,0.E+000,0.E+000));
#5418 = VECTOR('',#5419,1.);
#5419 = DIRECTION('',(0.E+000,0.E+000,1.));
#5420 = PLANE('',#5421);
#5421 = AXIS2_PLACEMENT_3D('',#5422,#5423,#5424);
#5422 = CARTESIAN_POINT('',(0.E+000,0.E+000,0.E+000));
#5423 = DIRECTION('',(-0.E+000,1.,0.E+000));
#5424 = DIRECTION('',(0.E+000,0.E+000,1.));
#5425 = ADVANCED_FACE('',(#5426),#5451,.F.);
#5426 = FACE_BOUND('',#5427,.F.);
#5427 = EDGE_LOOP('',(#5428,#5429,#5437,#5445));
#5428 = ORIENTED_EDGE('',*,*,#5275,.F.);
#5429 = ORIENTED_EDGE('',*,*,#5430,.T.);
#5430 = EDGE_CURVE('',#5276,#5431,#5433,.T.);
#5431 = VERTEX_POINT('',#5432);
#5432 = CARTESIAN_POINT('',(0.25,5.E-002,-3.469446951954E-018));
#5433 = LINE('',#5434,#5435);
#5434 = CARTESIAN_POINT('',(0.E+000,5.E-002,-6.938893903907E-018));
#5435 = VECTOR('',#5436,1.);
#5436 = DIRECTION('',(1.,0.E+000,-0.E+000));
#5437 = ORIENTED_EDGE('',*,*,#5438,.T.);
#5438 = EDGE_CURVE('',#5431,#5439,#5441,.T.);
#5439 = VERTEX_POINT('',#5440);
#5440 = CARTESIAN_POINT('',(0.25,0.45,-3.469446951954E-018));
#5441 = LINE('',#5442,#5443);
#5442 = CARTESIAN_POINT('',(0.25,0.E+000,0.E+000));
#5443 = VECTOR('',#5444,1.);
#5444 = DIRECTION('',(-0.E+000,1.,0.E+000));
#5445 = ORIENTED_EDGE('',*,*,#5446,.F.);
#5446 = EDGE_CURVE('',#5267,#5439,#5447,.T.);
#5447 = LINE('',#5448,#5449);
#5448 = CARTESIAN_POINT('',(0.E+000,0.45,-6.938893903907E-018));
#5449 = VECTOR('',#5450,1.);
#5450 = DIRECTION('',(1.,0.E+000,-0.E+000));
#5451 = PLANE('',#5452);
#5452 = AXIS2_PLACEMENT_3D('',#5453,#5454,#5455);
#5453 = CARTESIAN_POINT('',(0.E+000,0.E+000,0.E+000));
#5454 = DIRECTION('',(0.E+000,0.E+000,1.));
#5455 = DIRECTION('',(1.,0.E+000,-0.E+000));
#5456 = ADVANCED_FACE('',(#5457),#5468,.T.);
#5457 = FACE_BOUND('',#5458,.T.);
#5458 = EDGE_LOOP('',(#5459,#5460,#5467));
#5459 = ORIENTED_EDGE('',*,*,#5348,.T.);
#5460 = ORIENTED_EDGE('',*,*,#5461,.F.);
#5461 = EDGE_CURVE('',#5267,#5341,#5462,.T.);
#5462 = CIRCLE('',#5463,5.E-002);
#5463 = AXIS2_PLACEMENT_3D('',#5464,#5465,#5466);
#5464 = CARTESIAN_POINT('',(5.E-002,0.45,5.E-002));
#5465 = DIRECTION('',(1.,6.123233995737E-017,-0.E+000));
#5466 = DIRECTION('',(-6.123233995737E-017,1.,0.E+000));
#5467 = ORIENTED_EDGE('',*,*,#5266,.T.);
#5468 = SPHERICAL_SURFACE('',#5469,5.E-002);
#5469 = AXIS2_PLACEMENT_3D('',#5470,#5471,#5472);
#5470 = CARTESIAN_POINT('',(5.E-002,0.45,5.E-002));
#5471 = DIRECTION('',(0.E+000,0.E+000,1.));
#5472 = DIRECTION('',(-1.,0.E+000,0.E+000));
#5473 = ADVANCED_FACE('',(#5474),#5499,.T.);
#5474 = FACE_BOUND('',#5475,.T.);
#5475 = EDGE_LOOP('',(#5476,#5477,#5485,#5493));
#5476 = ORIENTED_EDGE('',*,*,#5307,.F.);
#5477 = ORIENTED_EDGE('',*,*,#5478,.T.);
#5478 = EDGE_CURVE('',#5299,#5479,#5481,.T.);
#5479 = VERTEX_POINT('',#5480);
#5480 = CARTESIAN_POINT('',(0.25,5.E-002,0.5));
#5481 = LINE('',#5482,#5483);
#5482 = CARTESIAN_POINT('',(0.E+000,5.E-002,0.5));
#5483 = VECTOR('',#5484,1.);
#5484 = DIRECTION('',(1.,0.E+000,-0.E+000));
#5485 = ORIENTED_EDGE('',*,*,#5486,.T.);
#5486 = EDGE_CURVE('',#5479,#5487,#5489,.T.);
#5487 = VERTEX_POINT('',#5488);
#5488 = CARTESIAN_POINT('',(0.25,0.45,0.5));
#5489 = LINE('',#5490,#5491);
#5490 = CARTESIAN_POINT('',(0.25,0.E+000,0.5));
#5491 = VECTOR('',#5492,1.);
#5492 = DIRECTION('',(0.E+000,1.,0.E+000));
#5493 = ORIENTED_EDGE('',*,*,#5494,.F.);
#5494 = EDGE_CURVE('',#5308,#5487,#5495,.T.);
#5495 = LINE('',#5496,#5497);
#5496 = CARTESIAN_POINT('',(0.E+000,0.45,0.5));
#5497 = VECTOR('',#5498,1.);
#5498 = DIRECTION('',(1.,0.E+000,-0.E+000));
#5499 = PLANE('',#5500);
#5500 = AXIS2_PLACEMENT_3D('',#5501,#5502,#5503);
#5501 = CARTESIAN_POINT('',(0.E+000,0.E+000,0.5));
#5502 = DIRECTION('',(0.E+000,0.E+000,1.));
#5503 = DIRECTION('',(1.,0.E+000,-0.E+000));
#5504 = ADVANCED_FACE('',(#5505),#5516,.T.);
#5505 = FACE_BOUND('',#5506,.T.);
#5506 = EDGE_LOOP('',(#5507,#5508,#5515));
#5507 = ORIENTED_EDGE('',*,*,#5315,.T.);
#5508 = ORIENTED_EDGE('',*,*,#5509,.F.);
#5509 = EDGE_CURVE('',#5332,#5308,#5510,.T.);
#5510 = CIRCLE('',#5511,5.E-002);
#5511 = AXIS2_PLACEMENT_3D('',#5512,#5513,#5514);
#5512 = CARTESIAN_POINT('',(5.E-002,0.45,0.45));
#5513 = DIRECTION('',(1.,0.E+000,6.123233995737E-017));
#5514 = DIRECTION('',(-6.123233995737E-017,-0.E+000,1.));
#5515 = ORIENTED_EDGE('',*,*,#5331,.T.);
#5516 = SPHERICAL_SURFACE('',#5517,5.E-002);
#5517 = AXIS2_PLACEMENT_3D('',#5518,#5519,#5520);
#5518 = CARTESIAN_POINT('',(5.E-002,0.45,0.45));
#5519 = DIRECTION('',(0.E+000,-1.,-0.E+000));
#5520 = DIRECTION('',(-1.,-0.E+000,0.E+000));
#5521 = ADVANCED_FACE('',(#5522),#5547,.T.);
#5522 = FACE_BOUND('',#5523,.T.);
#5523 = EDGE_LOOP('',(#5524,#5532,#5533,#5541));
#5524 = ORIENTED_EDGE('',*,*,#5525,.F.);
#5525 = EDGE_CURVE('',#5341,#5526,#5528,.T.);
#5526 = VERTEX_POINT('',#5527);
#5527 = CARTESIAN_POINT('',(0.25,0.5,5.E-002));
#5528 = LINE('',#5529,#5530);
#5529 = CARTESIAN_POINT('',(0.E+000,0.5,5.E-002));
#5530 = VECTOR('',#5531,1.);
#5531 = DIRECTION('',(1.,0.E+000,-0.E+000));
#5532 = ORIENTED_EDGE('',*,*,#5340,.T.);
#5533 = ORIENTED_EDGE('',*,*,#5534,.T.);
#5534 = EDGE_CURVE('',#5332,#5535,#5537,.T.);
#5535 = VERTEX_POINT('',#5536);
#5536 = CARTESIAN_POINT('',(0.25,0.5,0.45));
#5537 = LINE('',#5538,#5539);
#5538 = CARTESIAN_POINT('',(0.E+000,0.5,0.45));
#5539 = VECTOR('',#5540,1.);
#5540 = DIRECTION('',(1.,0.E+000,-0.E+000));
#5541 = ORIENTED_EDGE('',*,*,#5542,.F.);
#5542 = EDGE_CURVE('',#5526,#5535,#5543,.T.);
#5543 = LINE('',#5544,#5545);
#5544 = CARTESIAN_POINT('',(0.25,0.5,0.E+000));
#5545 = VECTOR('',#5546,1.);
#5546 = DIRECTION('',(0.E+000,0.E+000,1.));
#5547 = PLANE('',#5548);
#5548 = AXIS2_PLACEMENT_3D('',#5549,#5550,#5551);
#5549 = CARTESIAN_POINT('',(0.E+000,0.5,0.E+000));
#5550 = DIRECTION('',(-0.E+000,1.,0.E+000));
#5551 = DIRECTION('',(0.E+000,0.E+000,1.));
#5552 = ADVANCED_FACE('',(#5553),#5565,.T.);
#5553 = FACE_BOUND('',#5554,.T.);
#5554 = EDGE_LOOP('',(#5555,#5556,#5557,#5564));
#5555 = ORIENTED_EDGE('',*,*,#5365,.F.);
#5556 = ORIENTED_EDGE('',*,*,#5430,.T.);
#5557 = ORIENTED_EDGE('',*,*,#5558,.F.);
#5558 = EDGE_CURVE('',#5399,#5431,#5559,.T.);
#5559 = CIRCLE('',#5560,5.E-002);
#5560 = AXIS2_PLACEMENT_3D('',#5561,#5562,#5563);
#5561 = CARTESIAN_POINT('',(0.25,5.E-002,5.E-002));
#5562 = DIRECTION('',(1.,0.E+000,0.E+000));
#5563 = DIRECTION('',(0.E+000,-1.,0.E+000));
#5564 = ORIENTED_EDGE('',*,*,#5398,.F.);
#5565 = CYLINDRICAL_SURFACE('',#5566,5.E-002);
#5566 = AXIS2_PLACEMENT_3D('',#5567,#5568,#5569);
#5567 = CARTESIAN_POINT('',(0.E+000,5.E-002,5.E-002));
#5568 = DIRECTION('',(1.,0.E+000,-0.E+000));
#5569 = DIRECTION('',(0.E+000,-1.,0.E+000));
#5570 = ADVANCED_FACE('',(#5571),#5583,.T.);
#5571 = FACE_BOUND('',#5572,.T.);
#5572 = EDGE_LOOP('',(#5573,#5574,#5581,#5582));
#5573 = ORIENTED_EDGE('',*,*,#5407,.T.);
#5574 = ORIENTED_EDGE('',*,*,#5575,.F.);
#5575 = EDGE_CURVE('',#5479,#5408,#5576,.T.);
#5576 = CIRCLE('',#5577,5.E-002);
#5577 = AXIS2_PLACEMENT_3D('',#5578,#5579,#5580);
#5578 = CARTESIAN_POINT('',(0.25,5.E-002,0.45));
#5579 = DIRECTION('',(1.,0.E+000,0.E+000));
#5580 = DIRECTION('',(0.E+000,-1.,0.E+000));
#5581 = ORIENTED_EDGE('',*,*,#5478,.F.);
#5582 = ORIENTED_EDGE('',*,*,#5382,.T.);
#5583 = CYLINDRICAL_SURFACE('',#5584,5.E-002);
#5584 = AXIS2_PLACEMENT_3D('',#5585,#5586,#5587);
#5585 = CARTESIAN_POINT('',(0.E+000,5.E-002,0.45));
#5586 = DIRECTION('',(1.,0.E+000,-0.E+000));
#5587 = DIRECTION('',(0.E+000,-1.,0.E+000));
#5588 = ADVANCED_FACE('',(#5589),#5611,.T.);
#5589 = FACE_BOUND('',#5590,.T.);
#5590 = EDGE_LOOP('',(#5591,#5592,#5593,#5594,#5601,#5602,#5609,#5610));
#5591 = ORIENTED_EDGE('',*,*,#5415,.F.);
#5592 = ORIENTED_EDGE('',*,*,#5558,.T.);
#5593 = ORIENTED_EDGE('',*,*,#5438,.T.);
#5594 = ORIENTED_EDGE('',*,*,#5595,.T.);
#5595 = EDGE_CURVE('',#5439,#5526,#5596,.T.);
#5596 = CIRCLE('',#5597,5.E-002);
#5597 = AXIS2_PLACEMENT_3D('',#5598,#5599,#5600);
#5598 = CARTESIAN_POINT('',(0.25,0.45,5.E-002));
#5599 = DIRECTION('',(1.,0.E+000,-0.E+000));
#5600 = DIRECTION('',(0.E+000,1.,0.E+000));
#5601 = ORIENTED_EDGE('',*,*,#5542,.T.);
#5602 = ORIENTED_EDGE('',*,*,#5603,.T.);
#5603 = EDGE_CURVE('',#5535,#5487,#5604,.T.);
#5604 = CIRCLE('',#5605,5.E-002);
#5605 = AXIS2_PLACEMENT_3D('',#5606,#5607,#5608);
#5606 = CARTESIAN_POINT('',(0.25,0.45,0.45));
#5607 = DIRECTION('',(1.,0.E+000,-0.E+000));
#5608 = DIRECTION('',(0.E+000,1.,0.E+000));
#5609 = ORIENTED_EDGE('',*,*,#5486,.F.);
#5610 = ORIENTED_EDGE('',*,*,#5575,.T.);
#5611 = PLANE('',#5612);
#5612 = AXIS2_PLACEMENT_3D('',#5613,#5614,#5615);
#5613 = CARTESIAN_POINT('',(0.25,0.E+000,0.E+000));
#5614 = DIRECTION('',(1.,0.E+000,-0.E+000));
#5615 = DIRECTION('',(0.E+000,0.E+000,1.));
#5616 = ADVANCED_FACE('',(#5617),#5623,.T.);
#5617 = FACE_BOUND('',#5618,.T.);
#5618 = EDGE_LOOP('',(#5619,#5620,#5621,#5622));
#5619 = ORIENTED_EDGE('',*,*,#5525,.T.);
#5620 = ORIENTED_EDGE('',*,*,#5595,.F.);
#5621 = ORIENTED_EDGE('',*,*,#5446,.F.);
#5622 = ORIENTED_EDGE('',*,*,#5461,.T.);
#5623 = CYLINDRICAL_SURFACE('',#5624,5.E-002);
#5624 = AXIS2_PLACEMENT_3D('',#5625,#5626,#5627);
#5625 = CARTESIAN_POINT('',(0.E+000,0.45,5.E-002));
#5626 = DIRECTION('',(1.,0.E+000,-0.E+000));
#5627 = DIRECTION('',(0.E+000,1.,0.E+000));
#5628 = ADVANCED_FACE('',(#5629),#5635,.T.);
#5629 = FACE_BOUND('',#5630,.T.);
#5630 = EDGE_LOOP('',(#5631,#5632,#5633,#5634));
#5631 = ORIENTED_EDGE('',*,*,#5534,.F.);
#5632 = ORIENTED_EDGE('',*,*,#5509,.T.);
#5633 = ORIENTED_EDGE('',*,*,#5494,.T.);
#5634 = ORIENTED_EDGE('',*,*,#5603,.F.);
#5635 = CYLINDRICAL_SURFACE('',#5636,5.E-002);
#5636 = AXIS2_PLACEMENT_3D('',#5637,#5638,#5639);
#5637 = CARTESIAN_POINT('',(0.E+000,0.45,0.45));
#5638 = DIRECTION('',(1.,0.E+000,-0.E+000));
#5639 = DIRECTION('',(0.E+000,1.,0.E+000));
#5640 = ( GEOMETRIC_REPRESENTATION_CONTEXT(3) 
GLOBAL_UNCERTAINTY_ASSIGNED_CONTEXT((#5644)) 
GLOBAL_UNIT_ASSIGNED_CONTEXT((#5641,#5642,#5643)) REPRESENTATION_CONTEXT
('Context #1','3D Context with UNIT and UNCERTAINTY') );
#5641 = ( LENGTH_UNIT() NAMED_UNIT(*) SI_UNIT(.MILLI.,.METRE.) );
#5642 = ( NAMED_UNIT(*) PLANE_ANGLE_UNIT() SI_UNIT($,.RADIAN.) );
#5643 = ( NAMED_UNIT(*) SI_UNIT($,.STERADIAN.) SOLID_ANGLE_UNIT() );
#5644 = UNCERTAINTY_MEASURE_WITH_UNIT(LENGTH_MEASURE(1.E-007),#5641,
  'distance_accuracy_value','confusion accuracy');
#5645 = SHAPE_DEFINITION_REPRESENTATION(#5646,#5185);
#5646 = PRODUCT_DEFINITION_SHAPE('','',#5647);
#5647 = PRODUCT_DEFINITION('design','',#5648,#5651);
#5648 = PRODUCT_DEFINITION_FORMATION('','',#5649);
#5649 = PRODUCT('Open_CASCADE_STEP_translator_6.8_54.1.1',
  'Open_CASCADE_STEP_translator_6.8_54.1.1','',(#5650));
#5650 = PRODUCT_CONTEXT('',#2,'mechanical');
#5651 = PRODUCT_DEFINITION_CONTEXT('part definition',#2,'design');
#5652 = CONTEXT_DEPENDENT_SHAPE_REPRESENTATION(#5653,#5655);
#5653 = ( REPRESENTATION_RELATIONSHIP('','',#5185,#5171) 
REPRESENTATION_RELATIONSHIP_WITH_TRANSFORMATION(#5654) 
SHAPE_REPRESENTATION_RELATIONSHIP() );
#5654 = ITEM_DEFINED_TRANSFORMATION('','',#11,#5172);
#5655 = PRODUCT_DEFINITION_SHAPE('Placement','Placement of an item',
  #5656);
#5656 = NEXT_ASSEMBLY_USAGE_OCCURRENCE('10','266','',#5166,#5647,$);
#5657 = PRODUCT_RELATED_PRODUCT_CATEGORY('part',$,(#5649));
#5658 = ADVANCED_BREP_SHAPE_REPRESENTATION('',(#11,#5659),#6113);
#5659 = MANIFOLD_SOLID_BREP('',#5660);
#5660 = CLOSED_SHELL('',(#5661,#5701,#5734,#5767,#5800,#5851,#5868,#5892
    ,#5923,#5940,#5964,#5989,#6014,#6031,#6049,#6067,#6091,#6102));
#5661 = ADVANCED_FACE('',(#5662),#5696,.F.);
#5662 = FACE_BOUND('',#5663,.F.);
#5663 = EDGE_LOOP('',(#5664,#5674,#5682,#5690));
#5664 = ORIENTED_EDGE('',*,*,#5665,.F.);
#5665 = EDGE_CURVE('',#5666,#5668,#5670,.T.);
#5666 = VERTEX_POINT('',#5667);
#5667 = CARTESIAN_POINT('',(0.75,-3.469446951954E-018,5.E-002));
#5668 = VERTEX_POINT('',#5669);
#5669 = CARTESIAN_POINT('',(0.95,-6.938893903907E-018,5.E-002));
#5670 = LINE('',#5671,#5672);
#5671 = CARTESIAN_POINT('',(0.E+000,-6.938893903907E-018,5.E-002));
#5672 = VECTOR('',#5673,1.);
#5673 = DIRECTION('',(1.,0.E+000,-0.E+000));
#5674 = ORIENTED_EDGE('',*,*,#5675,.T.);
#5675 = EDGE_CURVE('',#5666,#5676,#5678,.T.);
#5676 = VERTEX_POINT('',#5677);
#5677 = CARTESIAN_POINT('',(0.75,-3.469446951954E-018,0.45));
#5678 = LINE('',#5679,#5680);
#5679 = CARTESIAN_POINT('',(0.75,0.E+000,0.E+000));
#5680 = VECTOR('',#5681,1.);
#5681 = DIRECTION('',(0.E+000,0.E+000,1.));
#5682 = ORIENTED_EDGE('',*,*,#5683,.T.);
#5683 = EDGE_CURVE('',#5676,#5684,#5686,.T.);
#5684 = VERTEX_POINT('',#5685);
#5685 = CARTESIAN_POINT('',(0.95,-6.938893903907E-018,0.45));
#5686 = LINE('',#5687,#5688);
#5687 = CARTESIAN_POINT('',(0.E+000,-6.938893903907E-018,0.45));
#5688 = VECTOR('',#5689,1.);
#5689 = DIRECTION('',(1.,0.E+000,-0.E+000));
#5690 = ORIENTED_EDGE('',*,*,#5691,.F.);
#5691 = EDGE_CURVE('',#5668,#5684,#5692,.T.);
#5692 = LINE('',#5693,#5694);
#5693 = CARTESIAN_POINT('',(0.95,-6.938893903907E-018,0.E+000));
#5694 = VECTOR('',#5695,1.);
#5695 = DIRECTION('',(0.E+000,0.E+000,1.));
#5696 = PLANE('',#5697);
#5697 = AXIS2_PLACEMENT_3D('',#5698,#5699,#5700);
#5698 = CARTESIAN_POINT('',(0.E+000,0.E+000,0.E+000));
#5699 = DIRECTION('',(-0.E+000,1.,0.E+000));
#5700 = DIRECTION('',(0.E+000,0.E+000,1.));
#5701 = ADVANCED_FACE('',(#5702),#5729,.T.);
#5702 = FACE_BOUND('',#5703,.T.);
#5703 = EDGE_LOOP('',(#5704,#5713,#5721,#5728));
#5704 = ORIENTED_EDGE('',*,*,#5705,.T.);
#5705 = EDGE_CURVE('',#5666,#5706,#5708,.T.);
#5706 = VERTEX_POINT('',#5707);
#5707 = CARTESIAN_POINT('',(0.75,5.E-002,-3.469446951954E-018));
#5708 = CIRCLE('',#5709,5.E-002);
#5709 = AXIS2_PLACEMENT_3D('',#5710,#5711,#5712);
#5710 = CARTESIAN_POINT('',(0.75,5.E-002,5.E-002));
#5711 = DIRECTION('',(1.,0.E+000,0.E+000));
#5712 = DIRECTION('',(0.E+000,-1.,0.E+000));
#5713 = ORIENTED_EDGE('',*,*,#5714,.T.);
#5714 = EDGE_CURVE('',#5706,#5715,#5717,.T.);
#5715 = VERTEX_POINT('',#5716);
#5716 = CARTESIAN_POINT('',(0.95,5.E-002,0.E+000));
#5717 = LINE('',#5718,#5719);
#5718 = CARTESIAN_POINT('',(0.E+000,5.E-002,-6.938893903907E-018));
#5719 = VECTOR('',#5720,1.);
#5720 = DIRECTION('',(1.,0.E+000,-0.E+000));
#5721 = ORIENTED_EDGE('',*,*,#5722,.T.);
#5722 = EDGE_CURVE('',#5715,#5668,#5723,.T.);
#5723 = CIRCLE('',#5724,5.E-002);
#5724 = AXIS2_PLACEMENT_3D('',#5725,#5726,#5727);
#5725 = CARTESIAN_POINT('',(0.95,5.E-002,5.E-002));
#5726 = DIRECTION('',(-1.,-6.123233995737E-017,0.E+000));
#5727 = DIRECTION('',(6.123233995737E-017,-1.,-0.E+000));
#5728 = ORIENTED_EDGE('',*,*,#5665,.F.);
#5729 = CYLINDRICAL_SURFACE('',#5730,5.E-002);
#5730 = AXIS2_PLACEMENT_3D('',#5731,#5732,#5733);
#5731 = CARTESIAN_POINT('',(0.E+000,5.E-002,5.E-002));
#5732 = DIRECTION('',(1.,0.E+000,-0.E+000));
#5733 = DIRECTION('',(0.E+000,-1.,0.E+000));
#5734 = ADVANCED_FACE('',(#5735),#5762,.T.);
#5735 = FACE_BOUND('',#5736,.T.);
#5736 = EDGE_LOOP('',(#5737,#5746,#5747,#5756));
#5737 = ORIENTED_EDGE('',*,*,#5738,.T.);
#5738 = EDGE_CURVE('',#5739,#5684,#5741,.T.);
#5739 = VERTEX_POINT('',#5740);
#5740 = CARTESIAN_POINT('',(1.,5.E-002,0.45));
#5741 = CIRCLE('',#5742,5.E-002);
#5742 = AXIS2_PLACEMENT_3D('',#5743,#5744,#5745);
#5743 = CARTESIAN_POINT('',(0.95,5.E-002,0.45));
#5744 = DIRECTION('',(0.E+000,0.E+000,-1.));
#5745 = DIRECTION('',(1.,0.E+000,0.E+000));
#5746 = ORIENTED_EDGE('',*,*,#5691,.F.);
#5747 = ORIENTED_EDGE('',*,*,#5748,.F.);
#5748 = EDGE_CURVE('',#5749,#5668,#5751,.T.);
#5749 = VERTEX_POINT('',#5750);
#5750 = CARTESIAN_POINT('',(1.,5.E-002,5.E-002));
#5751 = CIRCLE('',#5752,5.E-002);
#5752 = AXIS2_PLACEMENT_3D('',#5753,#5754,#5755);
#5753 = CARTESIAN_POINT('',(0.95,5.E-002,5.E-002));
#5754 = DIRECTION('',(0.E+000,0.E+000,-1.));
#5755 = DIRECTION('',(1.,0.E+000,0.E+000));
#5756 = ORIENTED_EDGE('',*,*,#5757,.T.);
#5757 = EDGE_CURVE('',#5749,#5739,#5758,.T.);
#5758 = LINE('',#5759,#5760);
#5759 = CARTESIAN_POINT('',(1.,5.E-002,0.E+000));
#5760 = VECTOR('',#5761,1.);
#5761 = DIRECTION('',(0.E+000,0.E+000,1.));
#5762 = CYLINDRICAL_SURFACE('',#5763,5.E-002);
#5763 = AXIS2_PLACEMENT_3D('',#5764,#5765,#5766);
#5764 = CARTESIAN_POINT('',(0.95,5.E-002,0.E+000));
#5765 = DIRECTION('',(0.E+000,0.E+000,1.));
#5766 = DIRECTION('',(1.,0.E+000,-0.E+000));
#5767 = ADVANCED_FACE('',(#5768),#5795,.T.);
#5768 = FACE_BOUND('',#5769,.T.);
#5769 = EDGE_LOOP('',(#5770,#5771,#5780,#5788));
#5770 = ORIENTED_EDGE('',*,*,#5683,.T.);
#5771 = ORIENTED_EDGE('',*,*,#5772,.F.);
#5772 = EDGE_CURVE('',#5773,#5684,#5775,.T.);
#5773 = VERTEX_POINT('',#5774);
#5774 = CARTESIAN_POINT('',(0.95,5.E-002,0.5));
#5775 = CIRCLE('',#5776,5.E-002);
#5776 = AXIS2_PLACEMENT_3D('',#5777,#5778,#5779);
#5777 = CARTESIAN_POINT('',(0.95,5.E-002,0.45));
#5778 = DIRECTION('',(1.,6.123233995737E-017,0.E+000));
#5779 = DIRECTION('',(6.123233995737E-017,-1.,0.E+000));
#5780 = ORIENTED_EDGE('',*,*,#5781,.F.);
#5781 = EDGE_CURVE('',#5782,#5773,#5784,.T.);
#5782 = VERTEX_POINT('',#5783);
#5783 = CARTESIAN_POINT('',(0.75,5.E-002,0.5));
#5784 = LINE('',#5785,#5786);
#5785 = CARTESIAN_POINT('',(0.E+000,5.E-002,0.5));
#5786 = VECTOR('',#5787,1.);
#5787 = DIRECTION('',(1.,0.E+000,-0.E+000));
#5788 = ORIENTED_EDGE('',*,*,#5789,.T.);
#5789 = EDGE_CURVE('',#5782,#5676,#5790,.T.);
#5790 = CIRCLE('',#5791,5.E-002);
#5791 = AXIS2_PLACEMENT_3D('',#5792,#5793,#5794);
#5792 = CARTESIAN_POINT('',(0.75,5.E-002,0.45));
#5793 = DIRECTION('',(1.,0.E+000,0.E+000));
#5794 = DIRECTION('',(0.E+000,-1.,0.E+000));
#5795 = CYLINDRICAL_SURFACE('',#5796,5.E-002);
#5796 = AXIS2_PLACEMENT_3D('',#5797,#5798,#5799);
#5797 = CARTESIAN_POINT('',(0.E+000,5.E-002,0.45));
#5798 = DIRECTION('',(1.,0.E+000,-0.E+000));
#5799 = DIRECTION('',(0.E+000,-1.,0.E+000));
#5800 = ADVANCED_FACE('',(#5801),#5846,.F.);
#5801 = FACE_BOUND('',#5802,.F.);
#5802 = EDGE_LOOP('',(#5803,#5804,#5805,#5813,#5822,#5830,#5839,#5845));
#5803 = ORIENTED_EDGE('',*,*,#5675,.F.);
#5804 = ORIENTED_EDGE('',*,*,#5705,.T.);
#5805 = ORIENTED_EDGE('',*,*,#5806,.T.);
#5806 = EDGE_CURVE('',#5706,#5807,#5809,.T.);
#5807 = VERTEX_POINT('',#5808);
#5808 = CARTESIAN_POINT('',(0.75,0.45,-3.469446951954E-018));
#5809 = LINE('',#5810,#5811);
#5810 = CARTESIAN_POINT('',(0.75,0.E+000,0.E+000));
#5811 = VECTOR('',#5812,1.);
#5812 = DIRECTION('',(-0.E+000,1.,0.E+000));
#5813 = ORIENTED_EDGE('',*,*,#5814,.T.);
#5814 = EDGE_CURVE('',#5807,#5815,#5817,.T.);
#5815 = VERTEX_POINT('',#5816);
#5816 = CARTESIAN_POINT('',(0.75,0.5,5.E-002));
#5817 = CIRCLE('',#5818,5.E-002);
#5818 = AXIS2_PLACEMENT_3D('',#5819,#5820,#5821);
#5819 = CARTESIAN_POINT('',(0.75,0.45,5.E-002));
#5820 = DIRECTION('',(1.,0.E+000,-0.E+000));
#5821 = DIRECTION('',(0.E+000,1.,0.E+000));
#5822 = ORIENTED_EDGE('',*,*,#5823,.T.);
#5823 = EDGE_CURVE('',#5815,#5824,#5826,.T.);
#5824 = VERTEX_POINT('',#5825);
#5825 = CARTESIAN_POINT('',(0.75,0.5,0.45));
#5826 = LINE('',#5827,#5828);
#5827 = CARTESIAN_POINT('',(0.75,0.5,0.E+000));
#5828 = VECTOR('',#5829,1.);
#5829 = DIRECTION('',(0.E+000,0.E+000,1.));
#5830 = ORIENTED_EDGE('',*,*,#5831,.T.);
#5831 = EDGE_CURVE('',#5824,#5832,#5834,.T.);
#5832 = VERTEX_POINT('',#5833);
#5833 = CARTESIAN_POINT('',(0.75,0.45,0.5));
#5834 = CIRCLE('',#5835,5.E-002);
#5835 = AXIS2_PLACEMENT_3D('',#5836,#5837,#5838);
#5836 = CARTESIAN_POINT('',(0.75,0.45,0.45));
#5837 = DIRECTION('',(1.,0.E+000,-0.E+000));
#5838 = DIRECTION('',(0.E+000,1.,0.E+000));
#5839 = ORIENTED_EDGE('',*,*,#5840,.F.);
#5840 = EDGE_CURVE('',#5782,#5832,#5841,.T.);
#5841 = LINE('',#5842,#5843);
#5842 = CARTESIAN_POINT('',(0.75,0.E+000,0.5));
#5843 = VECTOR('',#5844,1.);
#5844 = DIRECTION('',(-0.E+000,1.,0.E+000));
#5845 = ORIENTED_EDGE('',*,*,#5789,.T.);
#5846 = PLANE('',#5847);
#5847 = AXIS2_PLACEMENT_3D('',#5848,#5849,#5850);
#5848 = CARTESIAN_POINT('',(0.75,0.E+000,0.E+000));
#5849 = DIRECTION('',(1.,0.E+000,-0.E+000));
#5850 = DIRECTION('',(0.E+000,0.E+000,1.));
#5851 = ADVANCED_FACE('',(#5852),#5863,.T.);
#5852 = FACE_BOUND('',#5853,.T.);
#5853 = EDGE_LOOP('',(#5854,#5855,#5856));
#5854 = ORIENTED_EDGE('',*,*,#5748,.T.);
#5855 = ORIENTED_EDGE('',*,*,#5722,.F.);
#5856 = ORIENTED_EDGE('',*,*,#5857,.T.);
#5857 = EDGE_CURVE('',#5715,#5749,#5858,.T.);
#5858 = CIRCLE('',#5859,5.E-002);
#5859 = AXIS2_PLACEMENT_3D('',#5860,#5861,#5862);
#5860 = CARTESIAN_POINT('',(0.95,5.E-002,5.E-002));
#5861 = DIRECTION('',(0.E+000,-1.,0.E+000));
#5862 = DIRECTION('',(1.,0.E+000,0.E+000));
#5863 = SPHERICAL_SURFACE('',#5864,5.E-002);
#5864 = AXIS2_PLACEMENT_3D('',#5865,#5866,#5867);
#5865 = CARTESIAN_POINT('',(0.95,5.E-002,5.E-002));
#5866 = DIRECTION('',(0.E+000,0.E+000,1.));
#5867 = DIRECTION('',(1.,0.E+000,-0.E+000));
#5868 = ADVANCED_FACE('',(#5869),#5887,.F.);
#5869 = FACE_BOUND('',#5870,.F.);
#5870 = EDGE_LOOP('',(#5871,#5872,#5873,#5881));
#5871 = ORIENTED_EDGE('',*,*,#5806,.F.);
#5872 = ORIENTED_EDGE('',*,*,#5714,.T.);
#5873 = ORIENTED_EDGE('',*,*,#5874,.T.);
#5874 = EDGE_CURVE('',#5715,#5875,#5877,.T.);
#5875 = VERTEX_POINT('',#5876);
#5876 = CARTESIAN_POINT('',(0.95,0.45,0.E+000));
#5877 = LINE('',#5878,#5879);
#5878 = CARTESIAN_POINT('',(0.95,0.E+000,-6.938893903907E-018));
#5879 = VECTOR('',#5880,1.);
#5880 = DIRECTION('',(-0.E+000,1.,0.E+000));
#5881 = ORIENTED_EDGE('',*,*,#5882,.F.);
#5882 = EDGE_CURVE('',#5807,#5875,#5883,.T.);
#5883 = LINE('',#5884,#5885);
#5884 = CARTESIAN_POINT('',(0.E+000,0.45,-6.938893903907E-018));
#5885 = VECTOR('',#5886,1.);
#5886 = DIRECTION('',(1.,0.E+000,-0.E+000));
#5887 = PLANE('',#5888);
#5888 = AXIS2_PLACEMENT_3D('',#5889,#5890,#5891);
#5889 = CARTESIAN_POINT('',(0.E+000,0.E+000,0.E+000));
#5890 = DIRECTION('',(0.E+000,0.E+000,1.));
#5891 = DIRECTION('',(1.,0.E+000,-0.E+000));
#5892 = ADVANCED_FACE('',(#5893),#5918,.T.);
#5893 = FACE_BOUND('',#5894,.T.);
#5894 = EDGE_LOOP('',(#5895,#5896,#5904,#5912));
#5895 = ORIENTED_EDGE('',*,*,#5757,.F.);
#5896 = ORIENTED_EDGE('',*,*,#5897,.T.);
#5897 = EDGE_CURVE('',#5749,#5898,#5900,.T.);
#5898 = VERTEX_POINT('',#5899);
#5899 = CARTESIAN_POINT('',(1.,0.45,5.E-002));
#5900 = LINE('',#5901,#5902);
#5901 = CARTESIAN_POINT('',(1.,0.E+000,5.E-002));
#5902 = VECTOR('',#5903,1.);
#5903 = DIRECTION('',(-0.E+000,1.,0.E+000));
#5904 = ORIENTED_EDGE('',*,*,#5905,.T.);
#5905 = EDGE_CURVE('',#5898,#5906,#5908,.T.);
#5906 = VERTEX_POINT('',#5907);
#5907 = CARTESIAN_POINT('',(1.,0.45,0.45));
#5908 = LINE('',#5909,#5910);
#5909 = CARTESIAN_POINT('',(1.,0.45,0.E+000));
#5910 = VECTOR('',#5911,1.);
#5911 = DIRECTION('',(0.E+000,0.E+000,1.));
#5912 = ORIENTED_EDGE('',*,*,#5913,.F.);
#5913 = EDGE_CURVE('',#5739,#5906,#5914,.T.);
#5914 = LINE('',#5915,#5916);
#5915 = CARTESIAN_POINT('',(1.,0.E+000,0.45));
#5916 = VECTOR('',#5917,1.);
#5917 = DIRECTION('',(0.E+000,1.,0.E+000));
#5918 = PLANE('',#5919);
#5919 = AXIS2_PLACEMENT_3D('',#5920,#5921,#5922);
#5920 = CARTESIAN_POINT('',(1.,0.E+000,0.E+000));
#5921 = DIRECTION('',(1.,0.E+000,-0.E+000));
#5922 = DIRECTION('',(0.E+000,0.E+000,1.));
#5923 = ADVANCED_FACE('',(#5924),#5935,.T.);
#5924 = FACE_BOUND('',#5925,.T.);
#5925 = EDGE_LOOP('',(#5926,#5933,#5934));
#5926 = ORIENTED_EDGE('',*,*,#5927,.F.);
#5927 = EDGE_CURVE('',#5773,#5739,#5928,.T.);
#5928 = CIRCLE('',#5929,5.E-002);
#5929 = AXIS2_PLACEMENT_3D('',#5930,#5931,#5932);
#5930 = CARTESIAN_POINT('',(0.95,5.E-002,0.45));
#5931 = DIRECTION('',(-0.E+000,1.,0.E+000));
#5932 = DIRECTION('',(1.,0.E+000,0.E+000));
#5933 = ORIENTED_EDGE('',*,*,#5772,.T.);
#5934 = ORIENTED_EDGE('',*,*,#5738,.F.);
#5935 = SPHERICAL_SURFACE('',#5936,5.E-002);
#5936 = AXIS2_PLACEMENT_3D('',#5937,#5938,#5939);
#5937 = CARTESIAN_POINT('',(0.95,5.E-002,0.45));
#5938 = DIRECTION('',(-0.E+000,-0.E+000,-1.));
#5939 = DIRECTION('',(1.,0.E+000,0.E+000));
#5940 = ADVANCED_FACE('',(#5941),#5959,.T.);
#5941 = FACE_BOUND('',#5942,.T.);
#5942 = EDGE_LOOP('',(#5943,#5944,#5945,#5953));
#5943 = ORIENTED_EDGE('',*,*,#5840,.F.);
#5944 = ORIENTED_EDGE('',*,*,#5781,.T.);
#5945 = ORIENTED_EDGE('',*,*,#5946,.T.);
#5946 = EDGE_CURVE('',#5773,#5947,#5949,.T.);
#5947 = VERTEX_POINT('',#5948);
#5948 = CARTESIAN_POINT('',(0.95,0.45,0.5));
#5949 = LINE('',#5950,#5951);
#5950 = CARTESIAN_POINT('',(0.95,0.E+000,0.5));
#5951 = VECTOR('',#5952,1.);
#5952 = DIRECTION('',(0.E+000,1.,0.E+000));
#5953 = ORIENTED_EDGE('',*,*,#5954,.F.);
#5954 = EDGE_CURVE('',#5832,#5947,#5955,.T.);
#5955 = LINE('',#5956,#5957);
#5956 = CARTESIAN_POINT('',(0.E+000,0.45,0.5));
#5957 = VECTOR('',#5958,1.);
#5958 = DIRECTION('',(1.,0.E+000,-0.E+000));
#5959 = PLANE('',#5960);
#5960 = AXIS2_PLACEMENT_3D('',#5961,#5962,#5963);
#5961 = CARTESIAN_POINT('',(0.E+000,0.E+000,0.5));
#5962 = DIRECTION('',(0.E+000,0.E+000,1.));
#5963 = DIRECTION('',(1.,0.E+000,-0.E+000));
#5964 = ADVANCED_FACE('',(#5965),#5984,.T.);
#5965 = FACE_BOUND('',#5966,.T.);
#5966 = EDGE_LOOP('',(#5967,#5975,#5982,#5983));
#5967 = ORIENTED_EDGE('',*,*,#5968,.T.);
#5968 = EDGE_CURVE('',#5815,#5969,#5971,.T.);
#5969 = VERTEX_POINT('',#5970);
#5970 = CARTESIAN_POINT('',(0.95,0.5,5.E-002));
#5971 = LINE('',#5972,#5973);
#5972 = CARTESIAN_POINT('',(0.E+000,0.5,5.E-002));
#5973 = VECTOR('',#5974,1.);
#5974 = DIRECTION('',(1.,0.E+000,-0.E+000));
#5975 = ORIENTED_EDGE('',*,*,#5976,.F.);
#5976 = EDGE_CURVE('',#5875,#5969,#5977,.T.);
#5977 = CIRCLE('',#5978,5.E-002);
#5978 = AXIS2_PLACEMENT_3D('',#5979,#5980,#5981);
#5979 = CARTESIAN_POINT('',(0.95,0.45,5.E-002));
#5980 = DIRECTION('',(1.,-6.123233995737E-017,0.E+000));
#5981 = DIRECTION('',(6.123233995737E-017,1.,0.E+000));
#5982 = ORIENTED_EDGE('',*,*,#5882,.F.);
#5983 = ORIENTED_EDGE('',*,*,#5814,.T.);
#5984 = CYLINDRICAL_SURFACE('',#5985,5.E-002);
#5985 = AXIS2_PLACEMENT_3D('',#5986,#5987,#5988);
#5986 = CARTESIAN_POINT('',(0.E+000,0.45,5.E-002));
#5987 = DIRECTION('',(1.,0.E+000,-0.E+000));
#5988 = DIRECTION('',(0.E+000,1.,0.E+000));
#5989 = ADVANCED_FACE('',(#5990),#6009,.T.);
#5990 = FACE_BOUND('',#5991,.T.);
#5991 = EDGE_LOOP('',(#5992,#6000,#6001,#6002));
#5992 = ORIENTED_EDGE('',*,*,#5993,.F.);
#5993 = EDGE_CURVE('',#5824,#5994,#5996,.T.);
#5994 = VERTEX_POINT('',#5995);
#5995 = CARTESIAN_POINT('',(0.95,0.5,0.45));
#5996 = LINE('',#5997,#5998);
#5997 = CARTESIAN_POINT('',(0.E+000,0.5,0.45));
#5998 = VECTOR('',#5999,1.);
#5999 = DIRECTION('',(1.,0.E+000,-0.E+000));
#6000 = ORIENTED_EDGE('',*,*,#5831,.T.);
#6001 = ORIENTED_EDGE('',*,*,#5954,.T.);
#6002 = ORIENTED_EDGE('',*,*,#6003,.F.);
#6003 = EDGE_CURVE('',#5994,#5947,#6004,.T.);
#6004 = CIRCLE('',#6005,5.E-002);
#6005 = AXIS2_PLACEMENT_3D('',#6006,#6007,#6008);
#6006 = CARTESIAN_POINT('',(0.95,0.45,0.45));
#6007 = DIRECTION('',(1.,0.E+000,-6.123233995737E-017));
#6008 = DIRECTION('',(6.123233995737E-017,0.E+000,1.));
#6009 = CYLINDRICAL_SURFACE('',#6010,5.E-002);
#6010 = AXIS2_PLACEMENT_3D('',#6011,#6012,#6013);
#6011 = CARTESIAN_POINT('',(0.E+000,0.45,0.45));
#6012 = DIRECTION('',(1.,0.E+000,-0.E+000));
#6013 = DIRECTION('',(0.E+000,1.,0.E+000));
#6014 = ADVANCED_FACE('',(#6015),#6026,.T.);
#6015 = FACE_BOUND('',#6016,.T.);
#6016 = EDGE_LOOP('',(#6017,#6018,#6019,#6020));
#6017 = ORIENTED_EDGE('',*,*,#5968,.F.);
#6018 = ORIENTED_EDGE('',*,*,#5823,.T.);
#6019 = ORIENTED_EDGE('',*,*,#5993,.T.);
#6020 = ORIENTED_EDGE('',*,*,#6021,.F.);
#6021 = EDGE_CURVE('',#5969,#5994,#6022,.T.);
#6022 = LINE('',#6023,#6024);
#6023 = CARTESIAN_POINT('',(0.95,0.5,0.E+000));
#6024 = VECTOR('',#6025,1.);
#6025 = DIRECTION('',(0.E+000,0.E+000,1.));
#6026 = PLANE('',#6027);
#6027 = AXIS2_PLACEMENT_3D('',#6028,#6029,#6030);
#6028 = CARTESIAN_POINT('',(0.E+000,0.5,0.E+000));
#6029 = DIRECTION('',(-0.E+000,1.,0.E+000));
#6030 = DIRECTION('',(0.E+000,0.E+000,1.));
#6031 = ADVANCED_FACE('',(#6032),#6044,.T.);
#6032 = FACE_BOUND('',#6033,.T.);
#6033 = EDGE_LOOP('',(#6034,#6035,#6036,#6043));
#6034 = ORIENTED_EDGE('',*,*,#5857,.F.);
#6035 = ORIENTED_EDGE('',*,*,#5874,.T.);
#6036 = ORIENTED_EDGE('',*,*,#6037,.T.);
#6037 = EDGE_CURVE('',#5875,#5898,#6038,.T.);
#6038 = CIRCLE('',#6039,5.E-002);
#6039 = AXIS2_PLACEMENT_3D('',#6040,#6041,#6042);
#6040 = CARTESIAN_POINT('',(0.95,0.45,5.E-002));
#6041 = DIRECTION('',(0.E+000,-1.,0.E+000));
#6042 = DIRECTION('',(1.,0.E+000,0.E+000));
#6043 = ORIENTED_EDGE('',*,*,#5897,.F.);
#6044 = CYLINDRICAL_SURFACE('',#6045,5.E-002);
#6045 = AXIS2_PLACEMENT_3D('',#6046,#6047,#6048);
#6046 = CARTESIAN_POINT('',(0.95,0.E+000,5.E-002));
#6047 = DIRECTION('',(-0.E+000,1.,0.E+000));
#6048 = DIRECTION('',(1.,0.E+000,-0.E+000));
#6049 = ADVANCED_FACE('',(#6050),#6062,.T.);
#6050 = FACE_BOUND('',#6051,.T.);
#6051 = EDGE_LOOP('',(#6052,#6053,#6060,#6061));
#6052 = ORIENTED_EDGE('',*,*,#5913,.T.);
#6053 = ORIENTED_EDGE('',*,*,#6054,.T.);
#6054 = EDGE_CURVE('',#5906,#5947,#6055,.T.);
#6055 = CIRCLE('',#6056,5.E-002);
#6056 = AXIS2_PLACEMENT_3D('',#6057,#6058,#6059);
#6057 = CARTESIAN_POINT('',(0.95,0.45,0.45));
#6058 = DIRECTION('',(0.E+000,-1.,-0.E+000));
#6059 = DIRECTION('',(1.,0.E+000,0.E+000));
#6060 = ORIENTED_EDGE('',*,*,#5946,.F.);
#6061 = ORIENTED_EDGE('',*,*,#5927,.T.);
#6062 = CYLINDRICAL_SURFACE('',#6063,5.E-002);
#6063 = AXIS2_PLACEMENT_3D('',#6064,#6065,#6066);
#6064 = CARTESIAN_POINT('',(0.95,0.E+000,0.45));
#6065 = DIRECTION('',(0.E+000,1.,0.E+000));
#6066 = DIRECTION('',(1.,0.E+000,-0.E+000));
#6067 = ADVANCED_FACE('',(#6068),#6086,.T.);
#6068 = FACE_BOUND('',#6069,.T.);
#6069 = EDGE_LOOP('',(#6070,#6071,#6078,#6079));
#6070 = ORIENTED_EDGE('',*,*,#5905,.F.);
#6071 = ORIENTED_EDGE('',*,*,#6072,.T.);
#6072 = EDGE_CURVE('',#5898,#5969,#6073,.T.);
#6073 = CIRCLE('',#6074,5.E-002);
#6074 = AXIS2_PLACEMENT_3D('',#6075,#6076,#6077);
#6075 = CARTESIAN_POINT('',(0.95,0.45,5.E-002));
#6076 = DIRECTION('',(0.E+000,0.E+000,1.));
#6077 = DIRECTION('',(1.,0.E+000,-0.E+000));
#6078 = ORIENTED_EDGE('',*,*,#6021,.T.);
#6079 = ORIENTED_EDGE('',*,*,#6080,.T.);
#6080 = EDGE_CURVE('',#5994,#5906,#6081,.T.);
#6081 = CIRCLE('',#6082,5.E-002);
#6082 = AXIS2_PLACEMENT_3D('',#6083,#6084,#6085);
#6083 = CARTESIAN_POINT('',(0.95,0.45,0.45));
#6084 = DIRECTION('',(0.E+000,0.E+000,-1.));
#6085 = DIRECTION('',(1.,0.E+000,0.E+000));
#6086 = CYLINDRICAL_SURFACE('',#6087,5.E-002);
#6087 = AXIS2_PLACEMENT_3D('',#6088,#6089,#6090);
#6088 = CARTESIAN_POINT('',(0.95,0.45,0.E+000));
#6089 = DIRECTION('',(0.E+000,0.E+000,1.));
#6090 = DIRECTION('',(1.,0.E+000,-0.E+000));
#6091 = ADVANCED_FACE('',(#6092),#6097,.T.);
#6092 = FACE_BOUND('',#6093,.T.);
#6093 = EDGE_LOOP('',(#6094,#6095,#6096));
#6094 = ORIENTED_EDGE('',*,*,#6037,.F.);
#6095 = ORIENTED_EDGE('',*,*,#5976,.T.);
#6096 = ORIENTED_EDGE('',*,*,#6072,.F.);
#6097 = SPHERICAL_SURFACE('',#6098,5.E-002);
#6098 = AXIS2_PLACEMENT_3D('',#6099,#6100,#6101);
#6099 = CARTESIAN_POINT('',(0.95,0.45,5.E-002));
#6100 = DIRECTION('',(0.E+000,0.E+000,1.));
#6101 = DIRECTION('',(1.,0.E+000,-0.E+000));
#6102 = ADVANCED_FACE('',(#6103),#6108,.T.);
#6103 = FACE_BOUND('',#6104,.T.);
#6104 = EDGE_LOOP('',(#6105,#6106,#6107));
#6105 = ORIENTED_EDGE('',*,*,#6080,.F.);
#6106 = ORIENTED_EDGE('',*,*,#6003,.T.);
#6107 = ORIENTED_EDGE('',*,*,#6054,.F.);
#6108 = SPHERICAL_SURFACE('',#6109,5.E-002);
#6109 = AXIS2_PLACEMENT_3D('',#6110,#6111,#6112);
#6110 = CARTESIAN_POINT('',(0.95,0.45,0.45));
#6111 = DIRECTION('',(0.E+000,-1.,-0.E+000));
#6112 = DIRECTION('',(1.,0.E+000,0.E+000));
#6113 = ( GEOMETRIC_REPRESENTATION_CONTEXT(3) 
GLOBAL_UNCERTAINTY_ASSIGNED_CONTEXT((#6117)) 
GLOBAL_UNIT_ASSIGNED_CONTEXT((#6114,#6115,#6116)) REPRESENTATION_CONTEXT
('Context #1','3D Context with UNIT and UNCERTAINTY') );
#6114 = ( LENGTH_UNIT() NAMED_UNIT(*) SI_UNIT(.MILLI.,.METRE.) );
#6115 = ( NAMED_UNIT(*) PLANE_ANGLE_UNIT() SI_UNIT($,.RADIAN.) );
#6116 = ( NAMED_UNIT(*) SI_UNIT($,.STERADIAN.) SOLID_ANGLE_UNIT() );
#6117 = UNCERTAINTY_MEASURE_WITH_UNIT(LENGTH_MEASURE(1.E-007),#6114,
  'distance_accuracy_value','confusion accuracy');
#6118 = SHAPE_DEFINITION_REPRESENTATION(#6119,#5658);
#6119 = PRODUCT_DEFINITION_SHAPE('','',#6120);
#6120 = PRODUCT_DEFINITION('design','',#6121,#6124);
#6121 = PRODUCT_DEFINITION_FORMATION('','',#6122);
#6122 = PRODUCT('Open_CASCADE_STEP_translator_6.8_54.1.2',
  'Open_CASCADE_STEP_translator_6.8_54.1.2','',(#6123));
#6123 = PRODUCT_CONTEXT('',#2,'mechanical');
#6124 = PRODUCT_DEFINITION_CONTEXT('part definition',#2,'design');
#6125 = CONTEXT_DEPENDENT_SHAPE_REPRESENTATION(#6126,#6128);
#6126 = ( REPRESENTATION_RELATIONSHIP('','',#5658,#5171) 
REPRESENTATION_RELATIONSHIP_WITH_TRANSFORMATION(#6127) 
SHAPE_REPRESENTATION_RELATIONSHIP() );
#6127 = ITEM_DEFINED_TRANSFORMATION('','',#11,#5176);
#6128 = PRODUCT_DEFINITION_SHAPE('Placement','Placement of an item',
  #6129);
#6129 = NEXT_ASSEMBLY_USAGE_OCCURRENCE('11','267','',#5166,#6120,$);
#6130 = PRODUCT_RELATED_PRODUCT_CATEGORY('part',$,(#6122));
#6131 = CONTEXT_DEPENDENT_SHAPE_REPRESENTATION(#6132,#6134);
#6132 = ( REPRESENTATION_RELATIONSHIP('','',#5171,#5150) 
REPRESENTATION_RELATIONSHIP_WITH_TRANSFORMATION(#6133) 
SHAPE_REPRESENTATION_RELATIONSHIP() );
#6133 = ITEM_DEFINED_TRANSFORMATION('','',#11,#5151);
#6134 = PRODUCT_DEFINITION_SHAPE('Placement','Placement of an item',
  #6135);
#6135 = NEXT_ASSEMBLY_USAGE_OCCURRENCE('12','268','',#5145,#5166,$);
#6136 = PRODUCT_RELATED_PRODUCT_CATEGORY('part',$,(#5168));
#6137 = SHAPE_DEFINITION_REPRESENTATION(#6138,#6144);
#6138 = PRODUCT_DEFINITION_SHAPE('','',#6139);
#6139 = PRODUCT_DEFINITION('design','',#6140,#6143);
#6140 = PRODUCT_DEFINITION_FORMATION('','',#6141);
#6141 = PRODUCT('Mid_Body','Mid_Body','',(#6142));
#6142 = PRODUCT_CONTEXT('',#2,'mechanical');
#6143 = PRODUCT_DEFINITION_CONTEXT('part definition',#2,'design');
#6144 = SHAPE_REPRESENTATION('',(#11,#6145),#6149);
#6145 = AXIS2_PLACEMENT_3D('',#6146,#6147,#6148);
#6146 = CARTESIAN_POINT('',(0.E+000,0.E+000,0.E+000));
#6147 = DIRECTION('',(0.E+000,0.E+000,1.));
#6148 = DIRECTION('',(1.,0.E+000,0.E+000));
#6149 = ( GEOMETRIC_REPRESENTATION_CONTEXT(3) 
GLOBAL_UNCERTAINTY_ASSIGNED_CONTEXT((#6153)) 
GLOBAL_UNIT_ASSIGNED_CONTEXT((#6150,#6151,#6152)) REPRESENTATION_CONTEXT
('Context #1','3D Context with UNIT and UNCERTAINTY') );
#6150 = ( LENGTH_UNIT() NAMED_UNIT(*) SI_UNIT(.MILLI.,.METRE.) );
#6151 = ( NAMED_UNIT(*) PLANE_ANGLE_UNIT() SI_UNIT($,.RADIAN.) );
#6152 = ( NAMED_UNIT(*) SI_UNIT($,.STERADIAN.) SOLID_ANGLE_UNIT() );
#6153 = UNCERTAINTY_MEASURE_WITH_UNIT(LENGTH_MEASURE(1.E-007),#6150,
  'distance_accuracy_value','confusion accuracy');
#6154 = ADVANCED_BREP_SHAPE_REPRESENTATION('',(#11,#6155),#6445);
#6155 = MANIFOLD_SOLID_BREP('',#6156);
#6156 = CLOSED_SHELL('',(#6157,#6197,#6230,#6289,#6314,#6365,#6382,#6399
    ,#6416,#6433));
#6157 = ADVANCED_FACE('',(#6158),#6192,.F.);
#6158 = FACE_BOUND('',#6159,.F.);
#6159 = EDGE_LOOP('',(#6160,#6170,#6178,#6186));
#6160 = ORIENTED_EDGE('',*,*,#6161,.F.);
#6161 = EDGE_CURVE('',#6162,#6164,#6166,.T.);
#6162 = VERTEX_POINT('',#6163);
#6163 = CARTESIAN_POINT('',(0.25,-3.469446951954E-018,5.E-002));
#6164 = VERTEX_POINT('',#6165);
#6165 = CARTESIAN_POINT('',(0.75,-3.469446951954E-018,5.E-002));
#6166 = LINE('',#6167,#6168);
#6167 = CARTESIAN_POINT('',(0.E+000,-6.938893903907E-018,5.E-002));
#6168 = VECTOR('',#6169,1.);
#6169 = DIRECTION('',(1.,0.E+000,-0.E+000));
#6170 = ORIENTED_EDGE('',*,*,#6171,.T.);
#6171 = EDGE_CURVE('',#6162,#6172,#6174,.T.);
#6172 = VERTEX_POINT('',#6173);
#6173 = CARTESIAN_POINT('',(0.25,-3.469446951954E-018,0.45));
#6174 = LINE('',#6175,#6176);
#6175 = CARTESIAN_POINT('',(0.25,0.E+000,0.E+000));
#6176 = VECTOR('',#6177,1.);
#6177 = DIRECTION('',(0.E+000,0.E+000,1.));
#6178 = ORIENTED_EDGE('',*,*,#6179,.T.);
#6179 = EDGE_CURVE('',#6172,#6180,#6182,.T.);
#6180 = VERTEX_POINT('',#6181);
#6181 = CARTESIAN_POINT('',(0.75,-3.469446951954E-018,0.45));
#6182 = LINE('',#6183,#6184);
#6183 = CARTESIAN_POINT('',(0.E+000,-6.938893903907E-018,0.45));
#6184 = VECTOR('',#6185,1.);
#6185 = DIRECTION('',(1.,0.E+000,-0.E+000));
#6186 = ORIENTED_EDGE('',*,*,#6187,.F.);
#6187 = EDGE_CURVE('',#6164,#6180,#6188,.T.);
#6188 = LINE('',#6189,#6190);
#6189 = CARTESIAN_POINT('',(0.75,0.E+000,0.E+000));
#6190 = VECTOR('',#6191,1.);
#6191 = DIRECTION('',(0.E+000,0.E+000,1.));
#6192 = PLANE('',#6193);
#6193 = AXIS2_PLACEMENT_3D('',#6194,#6195,#6196);
#6194 = CARTESIAN_POINT('',(0.E+000,0.E+000,0.E+000));
#6195 = DIRECTION('',(-0.E+000,1.,0.E+000));
#6196 = DIRECTION('',(0.E+000,0.E+000,1.));
#6197 = ADVANCED_FACE('',(#6198),#6225,.T.);
#6198 = FACE_BOUND('',#6199,.T.);
#6199 = EDGE_LOOP('',(#6200,#6201,#6210,#6218));
#6200 = ORIENTED_EDGE('',*,*,#6161,.F.);
#6201 = ORIENTED_EDGE('',*,*,#6202,.T.);
#6202 = EDGE_CURVE('',#6162,#6203,#6205,.T.);
#6203 = VERTEX_POINT('',#6204);
#6204 = CARTESIAN_POINT('',(0.25,5.E-002,-3.469446951954E-018));
#6205 = CIRCLE('',#6206,5.E-002);
#6206 = AXIS2_PLACEMENT_3D('',#6207,#6208,#6209);
#6207 = CARTESIAN_POINT('',(0.25,5.E-002,5.E-002));
#6208 = DIRECTION('',(1.,0.E+000,0.E+000));
#6209 = DIRECTION('',(0.E+000,-1.,0.E+000));
#6210 = ORIENTED_EDGE('',*,*,#6211,.T.);
#6211 = EDGE_CURVE('',#6203,#6212,#6214,.T.);
#6212 = VERTEX_POINT('',#6213);
#6213 = CARTESIAN_POINT('',(0.75,5.E-002,-3.469446951954E-018));
#6214 = LINE('',#6215,#6216);
#6215 = CARTESIAN_POINT('',(0.E+000,5.E-002,-6.938893903907E-018));
#6216 = VECTOR('',#6217,1.);
#6217 = DIRECTION('',(1.,0.E+000,-0.E+000));
#6218 = ORIENTED_EDGE('',*,*,#6219,.F.);
#6219 = EDGE_CURVE('',#6164,#6212,#6220,.T.);
#6220 = CIRCLE('',#6221,5.E-002);
#6221 = AXIS2_PLACEMENT_3D('',#6222,#6223,#6224);
#6222 = CARTESIAN_POINT('',(0.75,5.E-002,5.E-002));
#6223 = DIRECTION('',(1.,0.E+000,0.E+000));
#6224 = DIRECTION('',(0.E+000,-1.,0.E+000));
#6225 = CYLINDRICAL_SURFACE('',#6226,5.E-002);
#6226 = AXIS2_PLACEMENT_3D('',#6227,#6228,#6229);
#6227 = CARTESIAN_POINT('',(0.E+000,5.E-002,5.E-002));
#6228 = DIRECTION('',(1.,0.E+000,-0.E+000));
#6229 = DIRECTION('',(0.E+000,-1.,0.E+000));
#6230 = ADVANCED_FACE('',(#6231),#6284,.T.);
#6231 = FACE_BOUND('',#6232,.T.);
#6232 = EDGE_LOOP('',(#6233,#6234,#6235,#6243,#6252,#6260,#6269,#6277));
#6233 = ORIENTED_EDGE('',*,*,#6187,.F.);
#6234 = ORIENTED_EDGE('',*,*,#6219,.T.);
#6235 = ORIENTED_EDGE('',*,*,#6236,.T.);
#6236 = EDGE_CURVE('',#6212,#6237,#6239,.T.);
#6237 = VERTEX_POINT('',#6238);
#6238 = CARTESIAN_POINT('',(0.75,0.45,-3.469446951954E-018));
#6239 = LINE('',#6240,#6241);
#6240 = CARTESIAN_POINT('',(0.75,0.E+000,0.E+000));
#6241 = VECTOR('',#6242,1.);
#6242 = DIRECTION('',(-0.E+000,1.,0.E+000));
#6243 = ORIENTED_EDGE('',*,*,#6244,.T.);
#6244 = EDGE_CURVE('',#6237,#6245,#6247,.T.);
#6245 = VERTEX_POINT('',#6246);
#6246 = CARTESIAN_POINT('',(0.75,0.5,5.E-002));
#6247 = CIRCLE('',#6248,5.E-002);
#6248 = AXIS2_PLACEMENT_3D('',#6249,#6250,#6251);
#6249 = CARTESIAN_POINT('',(0.75,0.45,5.E-002));
#6250 = DIRECTION('',(1.,0.E+000,-0.E+000));
#6251 = DIRECTION('',(0.E+000,1.,0.E+000));
#6252 = ORIENTED_EDGE('',*,*,#6253,.T.);
#6253 = EDGE_CURVE('',#6245,#6254,#6256,.T.);
#6254 = VERTEX_POINT('',#6255);
#6255 = CARTESIAN_POINT('',(0.75,0.5,0.45));
#6256 = LINE('',#6257,#6258);
#6257 = CARTESIAN_POINT('',(0.75,0.5,0.E+000));
#6258 = VECTOR('',#6259,1.);
#6259 = DIRECTION('',(0.E+000,0.E+000,1.));
#6260 = ORIENTED_EDGE('',*,*,#6261,.T.);
#6261 = EDGE_CURVE('',#6254,#6262,#6264,.T.);
#6262 = VERTEX_POINT('',#6263);
#6263 = CARTESIAN_POINT('',(0.75,0.45,0.5));
#6264 = CIRCLE('',#6265,5.E-002);
#6265 = AXIS2_PLACEMENT_3D('',#6266,#6267,#6268);
#6266 = CARTESIAN_POINT('',(0.75,0.45,0.45));
#6267 = DIRECTION('',(1.,0.E+000,-0.E+000));
#6268 = DIRECTION('',(0.E+000,1.,0.E+000));
#6269 = ORIENTED_EDGE('',*,*,#6270,.F.);
#6270 = EDGE_CURVE('',#6271,#6262,#6273,.T.);
#6271 = VERTEX_POINT('',#6272);
#6272 = CARTESIAN_POINT('',(0.75,5.E-002,0.5));
#6273 = LINE('',#6274,#6275);
#6274 = CARTESIAN_POINT('',(0.75,0.E+000,0.5));
#6275 = VECTOR('',#6276,1.);
#6276 = DIRECTION('',(-0.E+000,1.,0.E+000));
#6277 = ORIENTED_EDGE('',*,*,#6278,.T.);
#6278 = EDGE_CURVE('',#6271,#6180,#6279,.T.);
#6279 = CIRCLE('',#6280,5.E-002);
#6280 = AXIS2_PLACEMENT_3D('',#6281,#6282,#6283);
#6281 = CARTESIAN_POINT('',(0.75,5.E-002,0.45));
#6282 = DIRECTION('',(1.,0.E+000,0.E+000));
#6283 = DIRECTION('',(0.E+000,-1.,0.E+000));
#6284 = PLANE('',#6285);
#6285 = AXIS2_PLACEMENT_3D('',#6286,#6287,#6288);
#6286 = CARTESIAN_POINT('',(0.75,0.E+000,0.E+000));
#6287 = DIRECTION('',(1.,0.E+000,-0.E+000));
#6288 = DIRECTION('',(0.E+000,0.E+000,1.));
#6289 = ADVANCED_FACE('',(#6290),#6309,.T.);
#6290 = FACE_BOUND('',#6291,.T.);
#6291 = EDGE_LOOP('',(#6292,#6293,#6294,#6302));
#6292 = ORIENTED_EDGE('',*,*,#6179,.T.);
#6293 = ORIENTED_EDGE('',*,*,#6278,.F.);
#6294 = ORIENTED_EDGE('',*,*,#6295,.F.);
#6295 = EDGE_CURVE('',#6296,#6271,#6298,.T.);
#6296 = VERTEX_POINT('',#6297);
#6297 = CARTESIAN_POINT('',(0.25,5.E-002,0.5));
#6298 = LINE('',#6299,#6300);
#6299 = CARTESIAN_POINT('',(0.E+000,5.E-002,0.5));
#6300 = VECTOR('',#6301,1.);
#6301 = DIRECTION('',(1.,0.E+000,-0.E+000));
#6302 = ORIENTED_EDGE('',*,*,#6303,.T.);
#6303 = EDGE_CURVE('',#6296,#6172,#6304,.T.);
#6304 = CIRCLE('',#6305,5.E-002);
#6305 = AXIS2_PLACEMENT_3D('',#6306,#6307,#6308);
#6306 = CARTESIAN_POINT('',(0.25,5.E-002,0.45));
#6307 = DIRECTION('',(1.,0.E+000,0.E+000));
#6308 = DIRECTION('',(0.E+000,-1.,0.E+000));
#6309 = CYLINDRICAL_SURFACE('',#6310,5.E-002);
#6310 = AXIS2_PLACEMENT_3D('',#6311,#6312,#6313);
#6311 = CARTESIAN_POINT('',(0.E+000,5.E-002,0.45));
#6312 = DIRECTION('',(1.,0.E+000,-0.E+000));
#6313 = DIRECTION('',(0.E+000,-1.,0.E+000));
#6314 = ADVANCED_FACE('',(#6315),#6360,.F.);
#6315 = FACE_BOUND('',#6316,.F.);
#6316 = EDGE_LOOP('',(#6317,#6318,#6319,#6327,#6336,#6344,#6353,#6359));
#6317 = ORIENTED_EDGE('',*,*,#6171,.F.);
#6318 = ORIENTED_EDGE('',*,*,#6202,.T.);
#6319 = ORIENTED_EDGE('',*,*,#6320,.T.);
#6320 = EDGE_CURVE('',#6203,#6321,#6323,.T.);
#6321 = VERTEX_POINT('',#6322);
#6322 = CARTESIAN_POINT('',(0.25,0.45,-3.469446951954E-018));
#6323 = LINE('',#6324,#6325);
#6324 = CARTESIAN_POINT('',(0.25,0.E+000,0.E+000));
#6325 = VECTOR('',#6326,1.);
#6326 = DIRECTION('',(-0.E+000,1.,0.E+000));
#6327 = ORIENTED_EDGE('',*,*,#6328,.T.);
#6328 = EDGE_CURVE('',#6321,#6329,#6331,.T.);
#6329 = VERTEX_POINT('',#6330);
#6330 = CARTESIAN_POINT('',(0.25,0.5,5.E-002));
#6331 = CIRCLE('',#6332,5.E-002);
#6332 = AXIS2_PLACEMENT_3D('',#6333,#6334,#6335);
#6333 = CARTESIAN_POINT('',(0.25,0.45,5.E-002));
#6334 = DIRECTION('',(1.,0.E+000,-0.E+000));
#6335 = DIRECTION('',(0.E+000,1.,0.E+000));
#6336 = ORIENTED_EDGE('',*,*,#6337,.T.);
#6337 = EDGE_CURVE('',#6329,#6338,#6340,.T.);
#6338 = VERTEX_POINT('',#6339);
#6339 = CARTESIAN_POINT('',(0.25,0.5,0.45));
#6340 = LINE('',#6341,#6342);
#6341 = CARTESIAN_POINT('',(0.25,0.5,0.E+000));
#6342 = VECTOR('',#6343,1.);
#6343 = DIRECTION('',(0.E+000,0.E+000,1.));
#6344 = ORIENTED_EDGE('',*,*,#6345,.T.);
#6345 = EDGE_CURVE('',#6338,#6346,#6348,.T.);
#6346 = VERTEX_POINT('',#6347);
#6347 = CARTESIAN_POINT('',(0.25,0.45,0.5));
#6348 = CIRCLE('',#6349,5.E-002);
#6349 = AXIS2_PLACEMENT_3D('',#6350,#6351,#6352);
#6350 = CARTESIAN_POINT('',(0.25,0.45,0.45));
#6351 = DIRECTION('',(1.,0.E+000,-0.E+000));
#6352 = DIRECTION('',(0.E+000,1.,0.E+000));
#6353 = ORIENTED_EDGE('',*,*,#6354,.F.);
#6354 = EDGE_CURVE('',#6296,#6346,#6355,.T.);
#6355 = LINE('',#6356,#6357);
#6356 = CARTESIAN_POINT('',(0.25,0.E+000,0.5));
#6357 = VECTOR('',#6358,1.);
#6358 = DIRECTION('',(0.E+000,1.,0.E+000));
#6359 = ORIENTED_EDGE('',*,*,#6303,.T.);
#6360 = PLANE('',#6361);
#6361 = AXIS2_PLACEMENT_3D('',#6362,#6363,#6364);
#6362 = CARTESIAN_POINT('',(0.25,0.E+000,0.E+000));
#6363 = DIRECTION('',(1.,0.E+000,-0.E+000));
#6364 = DIRECTION('',(0.E+000,0.E+000,1.));
#6365 = ADVANCED_FACE('',(#6366),#6377,.F.);
#6366 = FACE_BOUND('',#6367,.F.);
#6367 = EDGE_LOOP('',(#6368,#6369,#6370,#6371));
#6368 = ORIENTED_EDGE('',*,*,#6320,.F.);
#6369 = ORIENTED_EDGE('',*,*,#6211,.T.);
#6370 = ORIENTED_EDGE('',*,*,#6236,.T.);
#6371 = ORIENTED_EDGE('',*,*,#6372,.F.);
#6372 = EDGE_CURVE('',#6321,#6237,#6373,.T.);
#6373 = LINE('',#6374,#6375);
#6374 = CARTESIAN_POINT('',(0.E+000,0.45,-6.938893903907E-018));
#6375 = VECTOR('',#6376,1.);
#6376 = DIRECTION('',(1.,0.E+000,-0.E+000));
#6377 = PLANE('',#6378);
#6378 = AXIS2_PLACEMENT_3D('',#6379,#6380,#6381);
#6379 = CARTESIAN_POINT('',(0.E+000,0.E+000,0.E+000));
#6380 = DIRECTION('',(0.E+000,0.E+000,1.));
#6381 = DIRECTION('',(1.,0.E+000,-0.E+000));
#6382 = ADVANCED_FACE('',(#6383),#6394,.T.);
#6383 = FACE_BOUND('',#6384,.T.);
#6384 = EDGE_LOOP('',(#6385,#6386,#6387,#6388));
#6385 = ORIENTED_EDGE('',*,*,#6354,.F.);
#6386 = ORIENTED_EDGE('',*,*,#6295,.T.);
#6387 = ORIENTED_EDGE('',*,*,#6270,.T.);
#6388 = ORIENTED_EDGE('',*,*,#6389,.F.);
#6389 = EDGE_CURVE('',#6346,#6262,#6390,.T.);
#6390 = LINE('',#6391,#6392);
#6391 = CARTESIAN_POINT('',(0.E+000,0.45,0.5));
#6392 = VECTOR('',#6393,1.);
#6393 = DIRECTION('',(1.,0.E+000,-0.E+000));
#6394 = PLANE('',#6395);
#6395 = AXIS2_PLACEMENT_3D('',#6396,#6397,#6398);
#6396 = CARTESIAN_POINT('',(0.E+000,0.E+000,0.5));
#6397 = DIRECTION('',(0.E+000,0.E+000,1.));
#6398 = DIRECTION('',(1.,0.E+000,-0.E+000));
#6399 = ADVANCED_FACE('',(#6400),#6411,.T.);
#6400 = FACE_BOUND('',#6401,.T.);
#6401 = EDGE_LOOP('',(#6402,#6408,#6409,#6410));
#6402 = ORIENTED_EDGE('',*,*,#6403,.F.);
#6403 = EDGE_CURVE('',#6338,#6254,#6404,.T.);
#6404 = LINE('',#6405,#6406);
#6405 = CARTESIAN_POINT('',(0.E+000,0.5,0.45));
#6406 = VECTOR('',#6407,1.);
#6407 = DIRECTION('',(1.,0.E+000,-0.E+000));
#6408 = ORIENTED_EDGE('',*,*,#6345,.T.);
#6409 = ORIENTED_EDGE('',*,*,#6389,.T.);
#6410 = ORIENTED_EDGE('',*,*,#6261,.F.);
#6411 = CYLINDRICAL_SURFACE('',#6412,5.E-002);
#6412 = AXIS2_PLACEMENT_3D('',#6413,#6414,#6415);
#6413 = CARTESIAN_POINT('',(0.E+000,0.45,0.45));
#6414 = DIRECTION('',(1.,0.E+000,-0.E+000));
#6415 = DIRECTION('',(0.E+000,1.,0.E+000));
#6416 = ADVANCED_FACE('',(#6417),#6428,.T.);
#6417 = FACE_BOUND('',#6418,.T.);
#6418 = EDGE_LOOP('',(#6419,#6425,#6426,#6427));
#6419 = ORIENTED_EDGE('',*,*,#6420,.F.);
#6420 = EDGE_CURVE('',#6329,#6245,#6421,.T.);
#6421 = LINE('',#6422,#6423);
#6422 = CARTESIAN_POINT('',(0.E+000,0.5,5.E-002));
#6423 = VECTOR('',#6424,1.);
#6424 = DIRECTION('',(1.,0.E+000,-0.E+000));
#6425 = ORIENTED_EDGE('',*,*,#6337,.T.);
#6426 = ORIENTED_EDGE('',*,*,#6403,.T.);
#6427 = ORIENTED_EDGE('',*,*,#6253,.F.);
#6428 = PLANE('',#6429);
#6429 = AXIS2_PLACEMENT_3D('',#6430,#6431,#6432);
#6430 = CARTESIAN_POINT('',(0.E+000,0.5,0.E+000));
#6431 = DIRECTION('',(-0.E+000,1.,0.E+000));
#6432 = DIRECTION('',(0.E+000,0.E+000,1.));
#6433 = ADVANCED_FACE('',(#6434),#6440,.T.);
#6434 = FACE_BOUND('',#6435,.T.);
#6435 = EDGE_LOOP('',(#6436,#6437,#6438,#6439));
#6436 = ORIENTED_EDGE('',*,*,#6420,.T.);
#6437 = ORIENTED_EDGE('',*,*,#6244,.F.);
#6438 = ORIENTED_EDGE('',*,*,#6372,.F.);
#6439 = ORIENTED_EDGE('',*,*,#6328,.T.);
#6440 = CYLINDRICAL_SURFACE('',#6441,5.E-002);
#6441 = AXIS2_PLACEMENT_3D('',#6442,#6443,#6444);
#6442 = CARTESIAN_POINT('',(0.E+000,0.45,5.E-002));
#6443 = DIRECTION('',(1.,0.E+000,-0.E+000));
#6444 = DIRECTION('',(0.E+000,1.,0.E+000));
#6445 = ( GEOMETRIC_REPRESENTATION_CONTEXT(3) 
GLOBAL_UNCERTAINTY_ASSIGNED_CONTEXT((#6449)) 
GLOBAL_UNIT_ASSIGNED_CONTEXT((#6446,#6447,#6448)) REPRESENTATION_CONTEXT
('Context #1','3D Context with UNIT and UNCERTAINTY') );
#6446 = ( LENGTH_UNIT() NAMED_UNIT(*) SI_UNIT(.MILLI.,.METRE.) );
#6447 = ( NAMED_UNIT(*) PLANE_ANGLE_UNIT() SI_UNIT($,.RADIAN.) );
#6448 = ( NAMED_UNIT(*) SI_UNIT($,.STERADIAN.) SOLID_ANGLE_UNIT() );
#6449 = UNCERTAINTY_MEASURE_WITH_UNIT(LENGTH_MEASURE(1.E-007),#6446,
  'distance_accuracy_value','confusion accuracy');
#6450 = SHAPE_DEFINITION_REPRESENTATION(#6451,#6154);
#6451 = PRODUCT_DEFINITION_SHAPE('','',#6452);
#6452 = PRODUCT_DEFINITION('design','',#6453,#6456);
#6453 = PRODUCT_DEFINITION_FORMATION('','',#6454);
#6454 = PRODUCT('Open_CASCADE_STEP_translator_6.8_54.2.1',
  'Open_CASCADE_STEP_translator_6.8_54.2.1','',(#6455));
#6455 = PRODUCT_CONTEXT('',#2,'mechanical');
#6456 = PRODUCT_DEFINITION_CONTEXT('part definition',#2,'design');
#6457 = CONTEXT_DEPENDENT_SHAPE_REPRESENTATION(#6458,#6460);
#6458 = ( REPRESENTATION_RELATIONSHIP('','',#6154,#6144) 
REPRESENTATION_RELATIONSHIP_WITH_TRANSFORMATION(#6459) 
SHAPE_REPRESENTATION_RELATIONSHIP() );
#6459 = ITEM_DEFINED_TRANSFORMATION('','',#11,#6145);
#6460 = PRODUCT_DEFINITION_SHAPE('Placement','Placement of an item',
  #6461);
#6461 = NEXT_ASSEMBLY_USAGE_OCCURRENCE('13','269','',#6139,#6452,$);
#6462 = PRODUCT_RELATED_PRODUCT_CATEGORY('part',$,(#6454));
#6463 = CONTEXT_DEPENDENT_SHAPE_REPRESENTATION(#6464,#6466);
#6464 = ( REPRESENTATION_RELATIONSHIP('','',#6144,#5150) 
REPRESENTATION_RELATIONSHIP_WITH_TRANSFORMATION(#6465) 
SHAPE_REPRESENTATION_RELATIONSHIP() );
#6465 = ITEM_DEFINED_TRANSFORMATION('','',#11,#5155);
#6466 = PRODUCT_DEFINITION_SHAPE('Placement','Placement of an item',
  #6467);
#6467 = NEXT_ASSEMBLY_USAGE_OCCURRENCE('14','270','',#5145,#6139,$);
#6468 = PRODUCT_RELATED_PRODUCT_CATEGORY('part',$,(#6141));
#6469 = CONTEXT_DEPENDENT_SHAPE_REPRESENTATION(#6470,#6472);
#6470 = ( REPRESENTATION_RELATIONSHIP('','',#5150,#5133) 
REPRESENTATION_RELATIONSHIP_WITH_TRANSFORMATION(#6471) 
SHAPE_REPRESENTATION_RELATIONSHIP() );
#6471 = ITEM_DEFINED_TRANSFORMATION('','',#11,#5134);
#6472 = PRODUCT_DEFINITION_SHAPE('Placement','Placement of an item',
  #6473);
#6473 = NEXT_ASSEMBLY_USAGE_OCCURRENCE('15','','',#5128,#5145,$);
#6474 = PRODUCT_RELATED_PRODUCT_CATEGORY('part',$,(#5147));
#6475 = CONTEXT_DEPENDENT_SHAPE_REPRESENTATION(#6476,#6478);
#6476 = ( REPRESENTATION_RELATIONSHIP('','',#5133,#10) 
REPRESENTATION_RELATIONSHIP_WITH_TRANSFORMATION(#6477) 
SHAPE_REPRESENTATION_RELATIONSHIP() );
#6477 = ITEM_DEFINED_TRANSFORMATION('','',#11,#23);
#6478 = PRODUCT_DEFINITION_SHAPE('Placement','Placement of an item',
  #6479);
#6479 = NEXT_ASSEMBLY_USAGE_OCCURRENCE('16','','',#5,#5128,$);
#6480 = PRODUCT_RELATED_PRODUCT_CATEGORY('part',$,(#5130));
#6481 = SHAPE_DEFINITION_REPRESENTATION(#6482,#6488);
#6482 = PRODUCT_DEFINITION_SHAPE('','',#6483);
#6483 = PRODUCT_DEFINITION('design','',#6484,#6487);
#6484 = PRODUCT_DEFINITION_FORMATION('','',#6485);
#6485 = PRODUCT('S1','S1','',(#6486));
#6486 = PRODUCT_CONTEXT('',#2,'mechanical');
#6487 = PRODUCT_DEFINITION_CONTEXT('part definition',#2,'design');
#6488 = SHAPE_REPRESENTATION('',(#11,#6489),#6493);
#6489 = AXIS2_PLACEMENT_3D('',#6490,#6491,#6492);
#6490 = CARTESIAN_POINT('',(-2.30914934082,38.315554138184,
    1.000000596046));
#6491 = DIRECTION('',(-8.742277657348E-008,-3.821370931908E-015,-1.));
#6492 = DIRECTION('',(-4.371138828674E-008,1.,9.992064034249E-031));
#6493 = ( GEOMETRIC_REPRESENTATION_CONTEXT(3) 
GLOBAL_UNCERTAINTY_ASSIGNED_CONTEXT((#6497)) 
GLOBAL_UNIT_ASSIGNED_CONTEXT((#6494,#6495,#6496)) REPRESENTATION_CONTEXT
('Context #1','3D Context with UNIT and UNCERTAINTY') );
#6494 = ( LENGTH_UNIT() NAMED_UNIT(*) SI_UNIT(.MILLI.,.METRE.) );
#6495 = ( NAMED_UNIT(*) PLANE_ANGLE_UNIT() SI_UNIT($,.RADIAN.) );
#6496 = ( NAMED_UNIT(*) SI_UNIT($,.STERADIAN.) SOLID_ANGLE_UNIT() );
#6497 = UNCERTAINTY_MEASURE_WITH_UNIT(LENGTH_MEASURE(1.E-007),#6494,
  'distance_accuracy_value','confusion accuracy');
#6498 = ADVANCED_BREP_SHAPE_REPRESENTATION('',(#11,#6499),#10376);
#6499 = MANIFOLD_SOLID_BREP('',#6500);
#6500 = CLOSED_SHELL('',(#6501,#6557,#6613,#6651,#6689,#6909,#6921,#6933
    ,#6964,#6997,#7028,#7059,#7083,#7107,#7131,#7196,#7220,#7253,#7422,
    #7455,#7486,#7517,#7541,#7565,#7589,#7620,#7653,#7684,#7815,#7845,
    #7875,#7892,#7917,#7942,#7959,#7980,#7998,#8030,#8070,#8088,#8113,
    #8144,#8168,#8192,#8209,#8240,#8265,#8289,#8314,#8338,#8363,#8387,
    #8405,#8436,#8460,#8484,#8501,#8526,#8559,#8584,#8609,#8642,#8670,
    #8687,#8712,#8737,#8754,#8785,#8818,#8849,#8873,#8897,#8930,#8955,
    #8988,#9020,#9037,#9047,#9057,#9069,#9098,#9122,#9153,#9176,#9188,
    #9221,#9250,#9275,#9304,#9329,#9358,#9381,#9404,#9416,#9442,#9471,
    #9502,#9531,#9564,#9593,#9624,#9636,#9669,#9694,#9719,#9752,#9777,
    #9802,#9827,#9856,#9889,#9906,#9931,#9943,#9961,#9979,#10010,#10028,
    #10051,#10080,#10097,#10126,#10143,#10172,#10189,#10212,#10235,
    #10281,#10298,#10328,#10345,#10359));
#6501 = ADVANCED_FACE('',(#6502),#6540,.T.);
#6502 = FACE_BOUND('',#6503,.T.);
#6503 = EDGE_LOOP('',(#6504,#6515,#6524,#6533));
#6504 = ORIENTED_EDGE('',*,*,#6505,.T.);
#6505 = EDGE_CURVE('',#6506,#6508,#6510,.T.);
#6506 = VERTEX_POINT('',#6507);
#6507 = CARTESIAN_POINT('',(-0.7,1.4,1.3));
#6508 = VERTEX_POINT('',#6509);
#6509 = CARTESIAN_POINT('',(-1.,1.4,1.3));
#6510 = ( BOUNDED_CURVE() B_SPLINE_CURVE(3,(#6511,#6512,#6513,#6514),
.UNSPECIFIED.,.F.,.F.) B_SPLINE_CURVE_WITH_KNOTS((4,4),(0.E+000,1.),
.PIECEWISE_BEZIER_KNOTS.) CURVE() GEOMETRIC_REPRESENTATION_ITEM() 
RATIONAL_B_SPLINE_CURVE((1.,0.333333333333,0.333333333333,1.)) 
REPRESENTATION_ITEM('') );
#6511 = CARTESIAN_POINT('',(-0.7,1.4,1.3));
#6512 = CARTESIAN_POINT('',(-0.7,1.1,1.3));
#6513 = CARTESIAN_POINT('',(-1.,1.1,1.3));
#6514 = CARTESIAN_POINT('',(-1.,1.4,1.3));
#6515 = ORIENTED_EDGE('',*,*,#6516,.T.);
#6516 = EDGE_CURVE('',#6508,#6517,#6519,.T.);
#6517 = VERTEX_POINT('',#6518);
#6518 = CARTESIAN_POINT('',(-1.1,1.4,1.2));
#6519 = CIRCLE('',#6520,0.1);
#6520 = AXIS2_PLACEMENT_3D('',#6521,#6522,#6523);
#6521 = CARTESIAN_POINT('',(-1.,1.4,1.2));
#6522 = DIRECTION('',(-1.224646799147E-016,-1.,0.E+000));
#6523 = DIRECTION('',(-1.,1.224646799147E-016,0.E+000));
#6524 = ORIENTED_EDGE('',*,*,#6525,.F.);
#6525 = EDGE_CURVE('',#6526,#6517,#6528,.T.);
#6526 = VERTEX_POINT('',#6527);
#6527 = CARTESIAN_POINT('',(-0.6,1.4,1.2));
#6528 = CIRCLE('',#6529,0.25);
#6529 = AXIS2_PLACEMENT_3D('',#6530,#6531,#6532);
#6530 = CARTESIAN_POINT('',(-0.85,1.4,1.2));
#6531 = DIRECTION('',(-0.E+000,0.E+000,-1.));
#6532 = DIRECTION('',(-1.,0.E+000,0.E+000));
#6533 = ORIENTED_EDGE('',*,*,#6534,.F.);
#6534 = EDGE_CURVE('',#6506,#6526,#6535,.T.);
#6535 = CIRCLE('',#6536,0.1);
#6536 = AXIS2_PLACEMENT_3D('',#6537,#6538,#6539);
#6537 = CARTESIAN_POINT('',(-0.7,1.4,1.2));
#6538 = DIRECTION('',(-0.E+000,1.,0.E+000));
#6539 = DIRECTION('',(1.,0.E+000,0.E+000));
#6540 = ( BOUNDED_SURFACE() B_SPLINE_SURFACE(3,3,(
    (#6541,#6542,#6543,#6544)
    ,(#6545,#6546,#6547,#6548)
    ,(#6549,#6550,#6551,#6552)
    ,(#6553,#6554,#6555,#6556
)),.UNSPECIFIED.,.F.,.F.,.F.) B_SPLINE_SURFACE_WITH_KNOTS((4,4),(4,4),(
    0.E+000,1.),(0.E+000,1.),.PIECEWISE_BEZIER_KNOTS.) 
GEOMETRIC_REPRESENTATION_ITEM() RATIONAL_B_SPLINE_SURFACE((
    (1.,0.333333333333,0.333333333333,1.)
    ,(0.804737854124,0.268245951375,0.268245951375,0.804737854124)
    ,(0.804737854124,0.268245951375,0.268245951375,0.804737854124)
,(1.,0.333333333333,0.333333333333,1.
))) REPRESENTATION_ITEM('') SURFACE() );
#6541 = CARTESIAN_POINT('',(-1.,1.4,1.3));
#6542 = CARTESIAN_POINT('',(-1.,1.1,1.3));
#6543 = CARTESIAN_POINT('',(-0.7,1.1,1.3));
#6544 = CARTESIAN_POINT('',(-0.7,1.4,1.3));
#6545 = CARTESIAN_POINT('',(-1.058578643763,1.4,1.3));
#6546 = CARTESIAN_POINT('',(-1.058578643763,0.982842712475,1.3));
#6547 = CARTESIAN_POINT('',(-0.641421356237,0.982842712475,1.3));
#6548 = CARTESIAN_POINT('',(-0.641421356237,1.4,1.3));
#6549 = CARTESIAN_POINT('',(-1.1,1.4,1.258578643763));
#6550 = CARTESIAN_POINT('',(-1.1,0.9,1.258578643763));
#6551 = CARTESIAN_POINT('',(-0.6,0.9,1.258578643763));
#6552 = CARTESIAN_POINT('',(-0.6,1.4,1.258578643763));
#6553 = CARTESIAN_POINT('',(-1.1,1.4,1.2));
#6554 = CARTESIAN_POINT('',(-1.1,0.9,1.2));
#6555 = CARTESIAN_POINT('',(-0.6,0.9,1.2));
#6556 = CARTESIAN_POINT('',(-0.6,1.4,1.2));
#6557 = ADVANCED_FACE('',(#6558),#6596,.T.);
#6558 = FACE_BOUND('',#6559,.T.);
#6559 = EDGE_LOOP('',(#6560,#6571,#6580,#6589));
#6560 = ORIENTED_EDGE('',*,*,#6561,.F.);
#6561 = EDGE_CURVE('',#6562,#6564,#6566,.T.);
#6562 = VERTEX_POINT('',#6563);
#6563 = CARTESIAN_POINT('',(1.1,1.4,1.2));
#6564 = VERTEX_POINT('',#6565);
#6565 = CARTESIAN_POINT('',(0.6,1.4,1.2));
#6566 = CIRCLE('',#6567,0.25);
#6567 = AXIS2_PLACEMENT_3D('',#6568,#6569,#6570);
#6568 = CARTESIAN_POINT('',(0.85,1.4,1.2));
#6569 = DIRECTION('',(-0.E+000,0.E+000,-1.));
#6570 = DIRECTION('',(-1.,0.E+000,0.E+000));
#6571 = ORIENTED_EDGE('',*,*,#6572,.T.);
#6572 = EDGE_CURVE('',#6562,#6573,#6575,.T.);
#6573 = VERTEX_POINT('',#6574);
#6574 = CARTESIAN_POINT('',(1.,1.4,1.3));
#6575 = CIRCLE('',#6576,0.1);
#6576 = AXIS2_PLACEMENT_3D('',#6577,#6578,#6579);
#6577 = CARTESIAN_POINT('',(1.,1.4,1.2));
#6578 = DIRECTION('',(1.224646799147E-016,-1.,0.E+000));
#6579 = DIRECTION('',(1.,1.224646799147E-016,0.E+000));
#6580 = ORIENTED_EDGE('',*,*,#6581,.T.);
#6581 = EDGE_CURVE('',#6573,#6582,#6584,.T.);
#6582 = VERTEX_POINT('',#6583);
#6583 = CARTESIAN_POINT('',(0.7,1.4,1.3));
#6584 = ( BOUNDED_CURVE() B_SPLINE_CURVE(3,(#6585,#6586,#6587,#6588),
.UNSPECIFIED.,.F.,.F.) B_SPLINE_CURVE_WITH_KNOTS((4,4),(0.E+000,1.),
.PIECEWISE_BEZIER_KNOTS.) CURVE() GEOMETRIC_REPRESENTATION_ITEM() 
RATIONAL_B_SPLINE_CURVE((1.,0.333333333333,0.333333333333,1.)) 
REPRESENTATION_ITEM('') );
#6585 = CARTESIAN_POINT('',(1.,1.4,1.3));
#6586 = CARTESIAN_POINT('',(1.,1.1,1.3));
#6587 = CARTESIAN_POINT('',(0.7,1.1,1.3));
#6588 = CARTESIAN_POINT('',(0.7,1.4,1.3));
#6589 = ORIENTED_EDGE('',*,*,#6590,.F.);
#6590 = EDGE_CURVE('',#6564,#6582,#6591,.T.);
#6591 = CIRCLE('',#6592,0.1);
#6592 = AXIS2_PLACEMENT_3D('',#6593,#6594,#6595);
#6593 = CARTESIAN_POINT('',(0.7,1.4,1.2));
#6594 = DIRECTION('',(0.E+000,1.,0.E+000));
#6595 = DIRECTION('',(-1.,0.E+000,0.E+000));
#6596 = ( BOUNDED_SURFACE() B_SPLINE_SURFACE(3,3,(
    (#6597,#6598,#6599,#6600)
    ,(#6601,#6602,#6603,#6604)
    ,(#6605,#6606,#6607,#6608)
    ,(#6609,#6610,#6611,#6612
)),.UNSPECIFIED.,.F.,.F.,.F.) B_SPLINE_SURFACE_WITH_KNOTS((4,4),(4,4),(
    0.E+000,1.),(0.E+000,1.),.PIECEWISE_BEZIER_KNOTS.) 
GEOMETRIC_REPRESENTATION_ITEM() RATIONAL_B_SPLINE_SURFACE((
    (1.,0.333333333333,0.333333333333,1.)
    ,(0.804737854124,0.268245951375,0.268245951375,0.804737854124)
    ,(0.804737854124,0.268245951375,0.268245951375,0.804737854124)
,(1.,0.333333333333,0.333333333333,1.
))) REPRESENTATION_ITEM('') SURFACE() );
#6597 = CARTESIAN_POINT('',(1.1,1.4,1.2));
#6598 = CARTESIAN_POINT('',(1.1,0.9,1.2));
#6599 = CARTESIAN_POINT('',(0.6,0.9,1.2));
#6600 = CARTESIAN_POINT('',(0.6,1.4,1.2));
#6601 = CARTESIAN_POINT('',(1.1,1.4,1.258578643763));
#6602 = CARTESIAN_POINT('',(1.1,0.9,1.258578643763));
#6603 = CARTESIAN_POINT('',(0.6,0.9,1.258578643763));
#6604 = CARTESIAN_POINT('',(0.6,1.4,1.258578643763));
#6605 = CARTESIAN_POINT('',(1.058578643763,1.4,1.3));
#6606 = CARTESIAN_POINT('',(1.058578643763,0.982842712475,1.3));
#6607 = CARTESIAN_POINT('',(0.641421356237,0.982842712475,1.3));
#6608 = CARTESIAN_POINT('',(0.641421356237,1.4,1.3));
#6609 = CARTESIAN_POINT('',(1.,1.4,1.3));
#6610 = CARTESIAN_POINT('',(1.,1.1,1.3));
#6611 = CARTESIAN_POINT('',(0.7,1.1,1.3));
#6612 = CARTESIAN_POINT('',(0.7,1.4,1.3));
#6613 = ADVANCED_FACE('',(#6614),#6646,.T.);
#6614 = FACE_BOUND('',#6615,.T.);
#6615 = EDGE_LOOP('',(#6616,#6623,#6631,#6640));
#6616 = ORIENTED_EDGE('',*,*,#6617,.T.);
#6617 = EDGE_CURVE('',#6517,#6526,#6618,.T.);
#6618 = CIRCLE('',#6619,0.25);
#6619 = AXIS2_PLACEMENT_3D('',#6620,#6621,#6622);
#6620 = CARTESIAN_POINT('',(-0.85,1.4,1.2));
#6621 = DIRECTION('',(-0.E+000,0.E+000,-1.));
#6622 = DIRECTION('',(-1.,0.E+000,0.E+000));
#6623 = ORIENTED_EDGE('',*,*,#6624,.T.);
#6624 = EDGE_CURVE('',#6526,#6625,#6627,.T.);
#6625 = VERTEX_POINT('',#6626);
#6626 = CARTESIAN_POINT('',(-0.6,1.4,0.9));
#6627 = LINE('',#6628,#6629);
#6628 = CARTESIAN_POINT('',(-0.6,1.4,1.3));
#6629 = VECTOR('',#6630,1.);
#6630 = DIRECTION('',(-0.E+000,-0.E+000,-1.));
#6631 = ORIENTED_EDGE('',*,*,#6632,.T.);
#6632 = EDGE_CURVE('',#6625,#6633,#6635,.T.);
#6633 = VERTEX_POINT('',#6634);
#6634 = CARTESIAN_POINT('',(-1.1,1.4,0.9));
#6635 = CIRCLE('',#6636,0.25);
#6636 = AXIS2_PLACEMENT_3D('',#6637,#6638,#6639);
#6637 = CARTESIAN_POINT('',(-0.85,1.4,0.9));
#6638 = DIRECTION('',(0.E+000,0.E+000,1.));
#6639 = DIRECTION('',(-1.,0.E+000,0.E+000));
#6640 = ORIENTED_EDGE('',*,*,#6641,.F.);
#6641 = EDGE_CURVE('',#6517,#6633,#6642,.T.);
#6642 = LINE('',#6643,#6644);
#6643 = CARTESIAN_POINT('',(-1.1,1.4,1.3));
#6644 = VECTOR('',#6645,1.);
#6645 = DIRECTION('',(-0.E+000,-0.E+000,-1.));
#6646 = CYLINDRICAL_SURFACE('',#6647,0.25);
#6647 = AXIS2_PLACEMENT_3D('',#6648,#6649,#6650);
#6648 = CARTESIAN_POINT('',(-0.85,1.4,1.3));
#6649 = DIRECTION('',(-0.E+000,-0.E+000,-1.));
#6650 = DIRECTION('',(-1.,0.E+000,0.E+000));
#6651 = ADVANCED_FACE('',(#6652),#6684,.T.);
#6652 = FACE_BOUND('',#6653,.T.);
#6653 = EDGE_LOOP('',(#6654,#6661,#6669,#6678));
#6654 = ORIENTED_EDGE('',*,*,#6655,.T.);
#6655 = EDGE_CURVE('',#6564,#6562,#6656,.T.);
#6656 = CIRCLE('',#6657,0.25);
#6657 = AXIS2_PLACEMENT_3D('',#6658,#6659,#6660);
#6658 = CARTESIAN_POINT('',(0.85,1.4,1.2));
#6659 = DIRECTION('',(-0.E+000,0.E+000,-1.));
#6660 = DIRECTION('',(-1.,0.E+000,0.E+000));
#6661 = ORIENTED_EDGE('',*,*,#6662,.T.);
#6662 = EDGE_CURVE('',#6562,#6663,#6665,.T.);
#6663 = VERTEX_POINT('',#6664);
#6664 = CARTESIAN_POINT('',(1.1,1.4,0.9));
#6665 = LINE('',#6666,#6667);
#6666 = CARTESIAN_POINT('',(1.1,1.4,1.3));
#6667 = VECTOR('',#6668,1.);
#6668 = DIRECTION('',(-0.E+000,-0.E+000,-1.));
#6669 = ORIENTED_EDGE('',*,*,#6670,.T.);
#6670 = EDGE_CURVE('',#6663,#6671,#6673,.T.);
#6671 = VERTEX_POINT('',#6672);
#6672 = CARTESIAN_POINT('',(0.6,1.4,0.9));
#6673 = CIRCLE('',#6674,0.25);
#6674 = AXIS2_PLACEMENT_3D('',#6675,#6676,#6677);
#6675 = CARTESIAN_POINT('',(0.85,1.4,0.9));
#6676 = DIRECTION('',(0.E+000,0.E+000,1.));
#6677 = DIRECTION('',(-1.,0.E+000,0.E+000));
#6678 = ORIENTED_EDGE('',*,*,#6679,.F.);
#6679 = EDGE_CURVE('',#6564,#6671,#6680,.T.);
#6680 = LINE('',#6681,#6682);
#6681 = CARTESIAN_POINT('',(0.6,1.4,1.3));
#6682 = VECTOR('',#6683,1.);
#6683 = DIRECTION('',(-0.E+000,-0.E+000,-1.));
#6684 = CYLINDRICAL_SURFACE('',#6685,0.25);
#6685 = AXIS2_PLACEMENT_3D('',#6686,#6687,#6688);
#6686 = CARTESIAN_POINT('',(0.85,1.4,1.3));
#6687 = DIRECTION('',(-0.E+000,-0.E+000,-1.));
#6688 = DIRECTION('',(-1.,0.E+000,0.E+000));
#6689 = ADVANCED_FACE('',(#6690,#6700,#6710),#6904,.F.);
#6690 = FACE_BOUND('',#6691,.T.);
#6691 = EDGE_LOOP('',(#6692,#6699));
#6692 = ORIENTED_EDGE('',*,*,#6693,.F.);
#6693 = EDGE_CURVE('',#6633,#6625,#6694,.T.);
#6694 = CIRCLE('',#6695,0.25);
#6695 = AXIS2_PLACEMENT_3D('',#6696,#6697,#6698);
#6696 = CARTESIAN_POINT('',(-0.85,1.4,0.9));
#6697 = DIRECTION('',(0.E+000,0.E+000,1.));
#6698 = DIRECTION('',(-1.,0.E+000,0.E+000));
#6699 = ORIENTED_EDGE('',*,*,#6632,.F.);
#6700 = FACE_BOUND('',#6701,.T.);
#6701 = EDGE_LOOP('',(#6702,#6709));
#6702 = ORIENTED_EDGE('',*,*,#6703,.F.);
#6703 = EDGE_CURVE('',#6671,#6663,#6704,.T.);
#6704 = CIRCLE('',#6705,0.25);
#6705 = AXIS2_PLACEMENT_3D('',#6706,#6707,#6708);
#6706 = CARTESIAN_POINT('',(0.85,1.4,0.9));
#6707 = DIRECTION('',(0.E+000,0.E+000,1.));
#6708 = DIRECTION('',(-1.,0.E+000,0.E+000));
#6709 = ORIENTED_EDGE('',*,*,#6670,.F.);
#6710 = FACE_BOUND('',#6711,.T.);
#6711 = EDGE_LOOP('',(#6712,#6722,#6730,#6738,#6746,#6754,#6762,#6770,
    #6778,#6786,#6794,#6802,#6810,#6818,#6826,#6834,#6842,#6850,#6858,
    #6866,#6874,#6882,#6890,#6898));
#6712 = ORIENTED_EDGE('',*,*,#6713,.F.);
#6713 = EDGE_CURVE('',#6714,#6716,#6718,.T.);
#6714 = VERTEX_POINT('',#6715);
#6715 = CARTESIAN_POINT('',(1.2272645986,5.E-002,0.9));
#6716 = VERTEX_POINT('',#6717);
#6717 = CARTESIAN_POINT('',(0.4272645986,5.E-002,0.9));
#6718 = LINE('',#6719,#6720);
#6719 = CARTESIAN_POINT('',(-1.925,5.E-002,0.9));
#6720 = VECTOR('',#6721,1.);
#6721 = DIRECTION('',(-1.,0.E+000,-0.E+000));
#6722 = ORIENTED_EDGE('',*,*,#6723,.F.);
#6723 = EDGE_CURVE('',#6724,#6714,#6726,.T.);
#6724 = VERTEX_POINT('',#6725);
#6725 = CARTESIAN_POINT('',(1.2272645986,0.2,0.9));
#6726 = LINE('',#6727,#6728);
#6727 = CARTESIAN_POINT('',(1.2272645986,2.4,0.9));
#6728 = VECTOR('',#6729,1.);
#6729 = DIRECTION('',(-0.E+000,-1.,-0.E+000));
#6730 = ORIENTED_EDGE('',*,*,#6731,.T.);
#6731 = EDGE_CURVE('',#6724,#6732,#6734,.T.);
#6732 = VERTEX_POINT('',#6733);
#6733 = CARTESIAN_POINT('',(1.475,0.2,0.9));
#6734 = LINE('',#6735,#6736);
#6735 = CARTESIAN_POINT('',(0.E+000,0.2,0.9));
#6736 = VECTOR('',#6737,1.);
#6737 = DIRECTION('',(1.,0.E+000,-0.E+000));
#6738 = ORIENTED_EDGE('',*,*,#6739,.F.);
#6739 = EDGE_CURVE('',#6740,#6732,#6742,.T.);
#6740 = VERTEX_POINT('',#6741);
#6741 = CARTESIAN_POINT('',(1.475,-0.8,0.9));
#6742 = LINE('',#6743,#6744);
#6743 = CARTESIAN_POINT('',(1.475,2.4,0.9));
#6744 = VECTOR('',#6745,1.);
#6745 = DIRECTION('',(0.E+000,1.,0.E+000));
#6746 = ORIENTED_EDGE('',*,*,#6747,.F.);
#6747 = EDGE_CURVE('',#6748,#6740,#6750,.T.);
#6748 = VERTEX_POINT('',#6749);
#6749 = CARTESIAN_POINT('',(1.975,-0.8,0.9));
#6750 = LINE('',#6751,#6752);
#6751 = CARTESIAN_POINT('',(-1.925,-0.8,0.9));
#6752 = VECTOR('',#6753,1.);
#6753 = DIRECTION('',(-1.,0.E+000,-0.E+000));
#6754 = ORIENTED_EDGE('',*,*,#6755,.F.);
#6755 = EDGE_CURVE('',#6756,#6748,#6758,.T.);
#6756 = VERTEX_POINT('',#6757);
#6757 = CARTESIAN_POINT('',(1.975,0.2,0.9));
#6758 = LINE('',#6759,#6760);
#6759 = CARTESIAN_POINT('',(1.975,2.4,0.9));
#6760 = VECTOR('',#6761,1.);
#6761 = DIRECTION('',(-0.E+000,-1.,-0.E+000));
#6762 = ORIENTED_EDGE('',*,*,#6763,.F.);
#6763 = EDGE_CURVE('',#6764,#6756,#6766,.T.);
#6764 = VERTEX_POINT('',#6765);
#6765 = CARTESIAN_POINT('',(1.925,0.2,0.9));
#6766 = LINE('',#6767,#6768);
#6767 = CARTESIAN_POINT('',(-1.925,0.2,0.9));
#6768 = VECTOR('',#6769,1.);
#6769 = DIRECTION('',(1.,-0.E+000,0.E+000));
#6770 = ORIENTED_EDGE('',*,*,#6771,.F.);
#6771 = EDGE_CURVE('',#6772,#6764,#6774,.T.);
#6772 = VERTEX_POINT('',#6773);
#6773 = CARTESIAN_POINT('',(1.925,1.7,0.9));
#6774 = LINE('',#6775,#6776);
#6775 = CARTESIAN_POINT('',(1.925,2.4,0.9));
#6776 = VECTOR('',#6777,1.);
#6777 = DIRECTION('',(-0.E+000,-1.,-0.E+000));
#6778 = ORIENTED_EDGE('',*,*,#6779,.F.);
#6779 = EDGE_CURVE('',#6780,#6772,#6782,.T.);
#6780 = VERTEX_POINT('',#6781);
#6781 = CARTESIAN_POINT('',(2.275,1.7,0.9));
#6782 = LINE('',#6783,#6784);
#6783 = CARTESIAN_POINT('',(-1.925,1.7,0.9));
#6784 = VECTOR('',#6785,1.);
#6785 = DIRECTION('',(-1.,0.E+000,-0.E+000));
#6786 = ORIENTED_EDGE('',*,*,#6787,.F.);
#6787 = EDGE_CURVE('',#6788,#6780,#6790,.T.);
#6788 = VERTEX_POINT('',#6789);
#6789 = CARTESIAN_POINT('',(2.275,2.4,0.9));
#6790 = LINE('',#6791,#6792);
#6791 = CARTESIAN_POINT('',(2.275,2.4,0.9));
#6792 = VECTOR('',#6793,1.);
#6793 = DIRECTION('',(-0.E+000,-1.,-0.E+000));
#6794 = ORIENTED_EDGE('',*,*,#6795,.F.);
#6795 = EDGE_CURVE('',#6796,#6788,#6798,.T.);
#6796 = VERTEX_POINT('',#6797);
#6797 = CARTESIAN_POINT('',(-2.275,2.4,0.9));
#6798 = LINE('',#6799,#6800);
#6799 = CARTESIAN_POINT('',(-1.925,2.4,0.9));
#6800 = VECTOR('',#6801,1.);
#6801 = DIRECTION('',(1.,-0.E+000,0.E+000));
#6802 = ORIENTED_EDGE('',*,*,#6803,.F.);
#6803 = EDGE_CURVE('',#6804,#6796,#6806,.T.);
#6804 = VERTEX_POINT('',#6805);
#6805 = CARTESIAN_POINT('',(-2.275,1.7,0.9));
#6806 = LINE('',#6807,#6808);
#6807 = CARTESIAN_POINT('',(-2.275,2.4,0.9));
#6808 = VECTOR('',#6809,1.);
#6809 = DIRECTION('',(0.E+000,1.,0.E+000));
#6810 = ORIENTED_EDGE('',*,*,#6811,.F.);
#6811 = EDGE_CURVE('',#6812,#6804,#6814,.T.);
#6812 = VERTEX_POINT('',#6813);
#6813 = CARTESIAN_POINT('',(-1.925,1.7,0.9));
#6814 = LINE('',#6815,#6816);
#6815 = CARTESIAN_POINT('',(-1.925,1.7,0.9));
#6816 = VECTOR('',#6817,1.);
#6817 = DIRECTION('',(-1.,0.E+000,-0.E+000));
#6818 = ORIENTED_EDGE('',*,*,#6819,.T.);
#6819 = EDGE_CURVE('',#6812,#6820,#6822,.T.);
#6820 = VERTEX_POINT('',#6821);
#6821 = CARTESIAN_POINT('',(-1.925,0.2,0.9));
#6822 = LINE('',#6823,#6824);
#6823 = CARTESIAN_POINT('',(-1.925,2.4,0.9));
#6824 = VECTOR('',#6825,1.);
#6825 = DIRECTION('',(-0.E+000,-1.,-0.E+000));
#6826 = ORIENTED_EDGE('',*,*,#6827,.F.);
#6827 = EDGE_CURVE('',#6828,#6820,#6830,.T.);
#6828 = VERTEX_POINT('',#6829);
#6829 = CARTESIAN_POINT('',(-1.975,0.2,0.9));
#6830 = LINE('',#6831,#6832);
#6831 = CARTESIAN_POINT('',(-1.925,0.2,0.9));
#6832 = VECTOR('',#6833,1.);
#6833 = DIRECTION('',(1.,-0.E+000,0.E+000));
#6834 = ORIENTED_EDGE('',*,*,#6835,.F.);
#6835 = EDGE_CURVE('',#6836,#6828,#6838,.T.);
#6836 = VERTEX_POINT('',#6837);
#6837 = CARTESIAN_POINT('',(-1.975,-0.8,0.9));
#6838 = LINE('',#6839,#6840);
#6839 = CARTESIAN_POINT('',(-1.975,2.4,0.9));
#6840 = VECTOR('',#6841,1.);
#6841 = DIRECTION('',(0.E+000,1.,0.E+000));
#6842 = ORIENTED_EDGE('',*,*,#6843,.F.);
#6843 = EDGE_CURVE('',#6844,#6836,#6846,.T.);
#6844 = VERTEX_POINT('',#6845);
#6845 = CARTESIAN_POINT('',(-1.475,-0.8,0.9));
#6846 = LINE('',#6847,#6848);
#6847 = CARTESIAN_POINT('',(-1.925,-0.8,0.9));
#6848 = VECTOR('',#6849,1.);
#6849 = DIRECTION('',(-1.,0.E+000,-0.E+000));
#6850 = ORIENTED_EDGE('',*,*,#6851,.F.);
#6851 = EDGE_CURVE('',#6852,#6844,#6854,.T.);
#6852 = VERTEX_POINT('',#6853);
#6853 = CARTESIAN_POINT('',(-1.475,0.2,0.9));
#6854 = LINE('',#6855,#6856);
#6855 = CARTESIAN_POINT('',(-1.475,2.4,0.9));
#6856 = VECTOR('',#6857,1.);
#6857 = DIRECTION('',(-0.E+000,-1.,-0.E+000));
#6858 = ORIENTED_EDGE('',*,*,#6859,.T.);
#6859 = EDGE_CURVE('',#6852,#6860,#6862,.T.);
#6860 = VERTEX_POINT('',#6861);
#6861 = CARTESIAN_POINT('',(-1.2272645986,0.2,0.9));
#6862 = LINE('',#6863,#6864);
#6863 = CARTESIAN_POINT('',(0.E+000,0.2,0.9));
#6864 = VECTOR('',#6865,1.);
#6865 = DIRECTION('',(1.,0.E+000,-0.E+000));
#6866 = ORIENTED_EDGE('',*,*,#6867,.F.);
#6867 = EDGE_CURVE('',#6868,#6860,#6870,.T.);
#6868 = VERTEX_POINT('',#6869);
#6869 = CARTESIAN_POINT('',(-1.2272645986,5.E-002,0.9));
#6870 = LINE('',#6871,#6872);
#6871 = CARTESIAN_POINT('',(-1.2272645986,2.4,0.9));
#6872 = VECTOR('',#6873,1.);
#6873 = DIRECTION('',(0.E+000,1.,0.E+000));
#6874 = ORIENTED_EDGE('',*,*,#6875,.F.);
#6875 = EDGE_CURVE('',#6876,#6868,#6878,.T.);
#6876 = VERTEX_POINT('',#6877);
#6877 = CARTESIAN_POINT('',(-0.4272645986,5.E-002,0.9));
#6878 = LINE('',#6879,#6880);
#6879 = CARTESIAN_POINT('',(-1.925,5.E-002,0.9));
#6880 = VECTOR('',#6881,1.);
#6881 = DIRECTION('',(-1.,0.E+000,-0.E+000));
#6882 = ORIENTED_EDGE('',*,*,#6883,.F.);
#6883 = EDGE_CURVE('',#6884,#6876,#6886,.T.);
#6884 = VERTEX_POINT('',#6885);
#6885 = CARTESIAN_POINT('',(-0.4272645986,0.2,0.9));
#6886 = LINE('',#6887,#6888);
#6887 = CARTESIAN_POINT('',(-0.4272645986,2.4,0.9));
#6888 = VECTOR('',#6889,1.);
#6889 = DIRECTION('',(-0.E+000,-1.,-0.E+000));
#6890 = ORIENTED_EDGE('',*,*,#6891,.F.);
#6891 = EDGE_CURVE('',#6892,#6884,#6894,.T.);
#6892 = VERTEX_POINT('',#6893);
#6893 = CARTESIAN_POINT('',(0.4272645986,0.2,0.9));
#6894 = LINE('',#6895,#6896);
#6895 = CARTESIAN_POINT('',(-1.925,0.2,0.9));
#6896 = VECTOR('',#6897,1.);
#6897 = DIRECTION('',(-1.,0.E+000,-0.E+000));
#6898 = ORIENTED_EDGE('',*,*,#6899,.F.);
#6899 = EDGE_CURVE('',#6716,#6892,#6900,.T.);
#6900 = LINE('',#6901,#6902);
#6901 = CARTESIAN_POINT('',(0.4272645986,2.4,0.9));
#6902 = VECTOR('',#6903,1.);
#6903 = DIRECTION('',(0.E+000,1.,0.E+000));
#6904 = PLANE('',#6905);
#6905 = AXIS2_PLACEMENT_3D('',#6906,#6907,#6908);
#6906 = CARTESIAN_POINT('',(-1.925,2.4,0.9));
#6907 = DIRECTION('',(0.E+000,0.E+000,-1.));
#6908 = DIRECTION('',(-1.,0.E+000,-0.E+000));
#6909 = ADVANCED_FACE('',(#6910),#6916,.T.);
#6910 = FACE_BOUND('',#6911,.T.);
#6911 = EDGE_LOOP('',(#6912,#6913,#6914,#6915));
#6912 = ORIENTED_EDGE('',*,*,#6624,.F.);
#6913 = ORIENTED_EDGE('',*,*,#6525,.T.);
#6914 = ORIENTED_EDGE('',*,*,#6641,.T.);
#6915 = ORIENTED_EDGE('',*,*,#6693,.T.);
#6916 = CYLINDRICAL_SURFACE('',#6917,0.25);
#6917 = AXIS2_PLACEMENT_3D('',#6918,#6919,#6920);
#6918 = CARTESIAN_POINT('',(-0.85,1.4,1.3));
#6919 = DIRECTION('',(-0.E+000,-0.E+000,-1.));
#6920 = DIRECTION('',(-1.,0.E+000,0.E+000));
#6921 = ADVANCED_FACE('',(#6922),#6928,.T.);
#6922 = FACE_BOUND('',#6923,.T.);
#6923 = EDGE_LOOP('',(#6924,#6925,#6926,#6927));
#6924 = ORIENTED_EDGE('',*,*,#6662,.F.);
#6925 = ORIENTED_EDGE('',*,*,#6561,.T.);
#6926 = ORIENTED_EDGE('',*,*,#6679,.T.);
#6927 = ORIENTED_EDGE('',*,*,#6703,.T.);
#6928 = CYLINDRICAL_SURFACE('',#6929,0.25);
#6929 = AXIS2_PLACEMENT_3D('',#6930,#6931,#6932);
#6930 = CARTESIAN_POINT('',(0.85,1.4,1.3));
#6931 = DIRECTION('',(-0.E+000,-0.E+000,-1.));
#6932 = DIRECTION('',(-1.,0.E+000,0.E+000));
#6933 = ADVANCED_FACE('',(#6934),#6959,.F.);
#6934 = FACE_BOUND('',#6935,.T.);
#6935 = EDGE_LOOP('',(#6936,#6944,#6945,#6953));
#6936 = ORIENTED_EDGE('',*,*,#6937,.F.);
#6937 = EDGE_CURVE('',#6716,#6938,#6940,.T.);
#6938 = VERTEX_POINT('',#6939);
#6939 = CARTESIAN_POINT('',(0.4272645986,5.E-002,0.4));
#6940 = LINE('',#6941,#6942);
#6941 = CARTESIAN_POINT('',(0.4272645986,5.E-002,0.4));
#6942 = VECTOR('',#6943,1.);
#6943 = DIRECTION('',(2.168404344971E-016,0.E+000,-1.));
#6944 = ORIENTED_EDGE('',*,*,#6899,.T.);
#6945 = ORIENTED_EDGE('',*,*,#6946,.F.);
#6946 = EDGE_CURVE('',#6947,#6892,#6949,.T.);
#6947 = VERTEX_POINT('',#6948);
#6948 = CARTESIAN_POINT('',(0.4272645986,0.2,0.4));
#6949 = LINE('',#6950,#6951);
#6950 = CARTESIAN_POINT('',(0.4272645986,0.2,0.4));
#6951 = VECTOR('',#6952,1.);
#6952 = DIRECTION('',(-2.168404344971E-016,-0.E+000,1.));
#6953 = ORIENTED_EDGE('',*,*,#6954,.F.);
#6954 = EDGE_CURVE('',#6938,#6947,#6955,.T.);
#6955 = LINE('',#6956,#6957);
#6956 = CARTESIAN_POINT('',(0.4272645986,0.2,0.4));
#6957 = VECTOR('',#6958,1.);
#6958 = DIRECTION('',(0.E+000,1.,0.E+000));
#6959 = PLANE('',#6960);
#6960 = AXIS2_PLACEMENT_3D('',#6961,#6962,#6963);
#6961 = CARTESIAN_POINT('',(0.4272645986,0.2,0.4));
#6962 = DIRECTION('',(1.,-0.E+000,2.168404344971E-016));
#6963 = DIRECTION('',(2.168404344971E-016,0.E+000,-1.));
#6964 = ADVANCED_FACE('',(#6965),#6992,.T.);
#6965 = FACE_BOUND('',#6966,.T.);
#6966 = EDGE_LOOP('',(#6967,#6976,#6977,#6986));
#6967 = ORIENTED_EDGE('',*,*,#6968,.T.);
#6968 = EDGE_CURVE('',#6969,#6714,#6971,.T.);
#6969 = VERTEX_POINT('',#6970);
#6970 = CARTESIAN_POINT('',(1.1772645986,9.486769009248E-017,0.85));
#6971 = ( BOUNDED_CURVE() B_SPLINE_CURVE(3,(#6972,#6973,#6974,#6975),
.UNSPECIFIED.,.F.,.F.) B_SPLINE_CURVE_WITH_KNOTS((4,4),(1.570796326795,
3.14159265359),.PIECEWISE_BEZIER_KNOTS.) CURVE() 
GEOMETRIC_REPRESENTATION_ITEM() RATIONAL_B_SPLINE_CURVE((1.,
0.804737854124,0.804737854124,1.)) REPRESENTATION_ITEM('') );
#6972 = CARTESIAN_POINT('',(1.1772645986,9.486769009248E-017,0.85));
#6973 = CARTESIAN_POINT('',(1.206553920481,1.391444430623E-016,
    0.879289321881));
#6974 = CARTESIAN_POINT('',(1.2272645986,2.071067811865E-002,0.9));
#6975 = CARTESIAN_POINT('',(1.2272645986,5.E-002,0.9));
#6976 = ORIENTED_EDGE('',*,*,#6713,.T.);
#6977 = ORIENTED_EDGE('',*,*,#6978,.T.);
#6978 = EDGE_CURVE('',#6716,#6979,#6981,.T.);
#6979 = VERTEX_POINT('',#6980);
#6980 = CARTESIAN_POINT('',(0.4772645986,4.065758146821E-017,0.85));
#6981 = ( BOUNDED_CURVE() B_SPLINE_CURVE(3,(#6982,#6983,#6984,#6985),
.UNSPECIFIED.,.F.,.F.) B_SPLINE_CURVE_WITH_KNOTS((4,4),(0.E+000,
1.570796326795),.PIECEWISE_BEZIER_KNOTS.) CURVE() 
GEOMETRIC_REPRESENTATION_ITEM() RATIONAL_B_SPLINE_CURVE((1.,
0.804737854124,0.804737854124,1.)) REPRESENTATION_ITEM('') );
#6982 = CARTESIAN_POINT('',(0.4272645986,5.E-002,0.9));
#6983 = CARTESIAN_POINT('',(0.4272645986,2.071067811865E-002,0.9));
#6984 = CARTESIAN_POINT('',(0.447975276719,-2.258432387389E-017,
    0.879289321881));
#6985 = CARTESIAN_POINT('',(0.4772645986,4.065758146821E-017,0.85));
#6986 = ORIENTED_EDGE('',*,*,#6987,.T.);
#6987 = EDGE_CURVE('',#6979,#6969,#6988,.T.);
#6988 = LINE('',#6989,#6990);
#6989 = CARTESIAN_POINT('',(-1.925,1.084202172486E-016,0.85));
#6990 = VECTOR('',#6991,1.);
#6991 = DIRECTION('',(1.,-0.E+000,-0.E+000));
#6992 = CYLINDRICAL_SURFACE('',#6993,5.E-002);
#6993 = AXIS2_PLACEMENT_3D('',#6994,#6995,#6996);
#6994 = CARTESIAN_POINT('',(-1.925,5.E-002,0.85));
#6995 = DIRECTION('',(-1.,0.E+000,0.E+000));
#6996 = DIRECTION('',(0.E+000,0.E+000,1.));
#6997 = ADVANCED_FACE('',(#6998),#7023,.F.);
#6998 = FACE_BOUND('',#6999,.T.);
#6999 = EDGE_LOOP('',(#7000,#7008,#7016,#7022));
#7000 = ORIENTED_EDGE('',*,*,#7001,.F.);
#7001 = EDGE_CURVE('',#7002,#6714,#7004,.T.);
#7002 = VERTEX_POINT('',#7003);
#7003 = CARTESIAN_POINT('',(1.2272645986,5.E-002,0.4));
#7004 = LINE('',#7005,#7006);
#7005 = CARTESIAN_POINT('',(1.2272645986,5.E-002,0.9));
#7006 = VECTOR('',#7007,1.);
#7007 = DIRECTION('',(0.E+000,0.E+000,1.));
#7008 = ORIENTED_EDGE('',*,*,#7009,.F.);
#7009 = EDGE_CURVE('',#7010,#7002,#7012,.T.);
#7010 = VERTEX_POINT('',#7011);
#7011 = CARTESIAN_POINT('',(1.2272645986,0.2,0.4));
#7012 = LINE('',#7013,#7014);
#7013 = CARTESIAN_POINT('',(1.2272645986,0.2,0.4));
#7014 = VECTOR('',#7015,1.);
#7015 = DIRECTION('',(-0.E+000,-1.,0.E+000));
#7016 = ORIENTED_EDGE('',*,*,#7017,.F.);
#7017 = EDGE_CURVE('',#6724,#7010,#7018,.T.);
#7018 = LINE('',#7019,#7020);
#7019 = CARTESIAN_POINT('',(1.2272645986,0.2,0.9));
#7020 = VECTOR('',#7021,1.);
#7021 = DIRECTION('',(-0.E+000,-0.E+000,-1.));
#7022 = ORIENTED_EDGE('',*,*,#6723,.T.);
#7023 = PLANE('',#7024);
#7024 = AXIS2_PLACEMENT_3D('',#7025,#7026,#7027);
#7025 = CARTESIAN_POINT('',(1.2272645986,0.2,0.9));
#7026 = DIRECTION('',(-1.,0.E+000,0.E+000));
#7027 = DIRECTION('',(0.E+000,0.E+000,1.));
#7028 = ADVANCED_FACE('',(#7029),#7054,.T.);
#7029 = FACE_BOUND('',#7030,.T.);
#7030 = EDGE_LOOP('',(#7031,#7041,#7047,#7048));
#7031 = ORIENTED_EDGE('',*,*,#7032,.T.);
#7032 = EDGE_CURVE('',#7033,#7035,#7037,.T.);
#7033 = VERTEX_POINT('',#7034);
#7034 = CARTESIAN_POINT('',(1.475,0.2,0.8));
#7035 = VERTEX_POINT('',#7036);
#7036 = CARTESIAN_POINT('',(1.475,-0.8,0.8));
#7037 = LINE('',#7038,#7039);
#7038 = CARTESIAN_POINT('',(1.475,-0.8,0.8));
#7039 = VECTOR('',#7040,1.);
#7040 = DIRECTION('',(-0.E+000,-1.,0.E+000));
#7041 = ORIENTED_EDGE('',*,*,#7042,.T.);
#7042 = EDGE_CURVE('',#7035,#6740,#7043,.T.);
#7043 = LINE('',#7044,#7045);
#7044 = CARTESIAN_POINT('',(1.475,-0.8,0.8));
#7045 = VECTOR('',#7046,1.);
#7046 = DIRECTION('',(0.E+000,0.E+000,1.));
#7047 = ORIENTED_EDGE('',*,*,#6739,.T.);
#7048 = ORIENTED_EDGE('',*,*,#7049,.T.);
#7049 = EDGE_CURVE('',#6732,#7033,#7050,.T.);
#7050 = LINE('',#7051,#7052);
#7051 = CARTESIAN_POINT('',(1.475,0.2,0.8));
#7052 = VECTOR('',#7053,1.);
#7053 = DIRECTION('',(-0.E+000,-0.E+000,-1.));
#7054 = PLANE('',#7055);
#7055 = AXIS2_PLACEMENT_3D('',#7056,#7057,#7058);
#7056 = CARTESIAN_POINT('',(1.475,-0.8,0.8));
#7057 = DIRECTION('',(-1.,0.E+000,0.E+000));
#7058 = DIRECTION('',(0.E+000,0.E+000,1.));
#7059 = ADVANCED_FACE('',(#7060),#7078,.T.);
#7060 = FACE_BOUND('',#7061,.T.);
#7061 = EDGE_LOOP('',(#7062,#7070,#7076,#7077));
#7062 = ORIENTED_EDGE('',*,*,#7063,.T.);
#7063 = EDGE_CURVE('',#7035,#7064,#7066,.T.);
#7064 = VERTEX_POINT('',#7065);
#7065 = CARTESIAN_POINT('',(1.975,-0.8,0.8));
#7066 = LINE('',#7067,#7068);
#7067 = CARTESIAN_POINT('',(1.975,-0.8,0.8));
#7068 = VECTOR('',#7069,1.);
#7069 = DIRECTION('',(1.,0.E+000,0.E+000));
#7070 = ORIENTED_EDGE('',*,*,#7071,.T.);
#7071 = EDGE_CURVE('',#7064,#6748,#7072,.T.);
#7072 = LINE('',#7073,#7074);
#7073 = CARTESIAN_POINT('',(1.975,-0.8,0.8));
#7074 = VECTOR('',#7075,1.);
#7075 = DIRECTION('',(-0.E+000,0.E+000,1.));
#7076 = ORIENTED_EDGE('',*,*,#6747,.T.);
#7077 = ORIENTED_EDGE('',*,*,#7042,.F.);
#7078 = PLANE('',#7079);
#7079 = AXIS2_PLACEMENT_3D('',#7080,#7081,#7082);
#7080 = CARTESIAN_POINT('',(1.975,-0.8,0.8));
#7081 = DIRECTION('',(0.E+000,-1.,0.E+000));
#7082 = DIRECTION('',(0.E+000,-0.E+000,-1.));
#7083 = ADVANCED_FACE('',(#7084),#7102,.T.);
#7084 = FACE_BOUND('',#7085,.T.);
#7085 = EDGE_LOOP('',(#7086,#7094,#7100,#7101));
#7086 = ORIENTED_EDGE('',*,*,#7087,.T.);
#7087 = EDGE_CURVE('',#7064,#7088,#7090,.T.);
#7088 = VERTEX_POINT('',#7089);
#7089 = CARTESIAN_POINT('',(1.975,0.2,0.8));
#7090 = LINE('',#7091,#7092);
#7091 = CARTESIAN_POINT('',(1.975,-0.8,0.8));
#7092 = VECTOR('',#7093,1.);
#7093 = DIRECTION('',(0.E+000,1.,0.E+000));
#7094 = ORIENTED_EDGE('',*,*,#7095,.T.);
#7095 = EDGE_CURVE('',#7088,#6756,#7096,.T.);
#7096 = LINE('',#7097,#7098);
#7097 = CARTESIAN_POINT('',(1.975,0.2,0.8));
#7098 = VECTOR('',#7099,1.);
#7099 = DIRECTION('',(-0.E+000,-0.E+000,1.));
#7100 = ORIENTED_EDGE('',*,*,#6755,.T.);
#7101 = ORIENTED_EDGE('',*,*,#7071,.F.);
#7102 = PLANE('',#7103);
#7103 = AXIS2_PLACEMENT_3D('',#7104,#7105,#7106);
#7104 = CARTESIAN_POINT('',(1.975,-0.8,0.8));
#7105 = DIRECTION('',(1.,-0.E+000,0.E+000));
#7106 = DIRECTION('',(0.E+000,0.E+000,-1.));
#7107 = ADVANCED_FACE('',(#7108),#7126,.T.);
#7108 = FACE_BOUND('',#7109,.T.);
#7109 = EDGE_LOOP('',(#7110,#7111,#7119,#7125));
#7110 = ORIENTED_EDGE('',*,*,#7095,.F.);
#7111 = ORIENTED_EDGE('',*,*,#7112,.T.);
#7112 = EDGE_CURVE('',#7088,#7113,#7115,.T.);
#7113 = VERTEX_POINT('',#7114);
#7114 = CARTESIAN_POINT('',(1.925,0.2,0.8));
#7115 = LINE('',#7116,#7117);
#7116 = CARTESIAN_POINT('',(1.975,0.2,0.8));
#7117 = VECTOR('',#7118,1.);
#7118 = DIRECTION('',(-1.,-5.421010862428E-017,0.E+000));
#7119 = ORIENTED_EDGE('',*,*,#7120,.T.);
#7120 = EDGE_CURVE('',#7113,#6764,#7121,.T.);
#7121 = LINE('',#7122,#7123);
#7122 = CARTESIAN_POINT('',(1.925,0.2,0.8));
#7123 = VECTOR('',#7124,1.);
#7124 = DIRECTION('',(0.E+000,0.E+000,1.));
#7125 = ORIENTED_EDGE('',*,*,#6763,.T.);
#7126 = PLANE('',#7127);
#7127 = AXIS2_PLACEMENT_3D('',#7128,#7129,#7130);
#7128 = CARTESIAN_POINT('',(1.975,0.2,0.8));
#7129 = DIRECTION('',(-5.421010862428E-017,1.,0.E+000));
#7130 = DIRECTION('',(-1.,-5.421010862428E-017,0.E+000));
#7131 = ADVANCED_FACE('',(#7132),#7191,.F.);
#7132 = FACE_BOUND('',#7133,.T.);
#7133 = EDGE_LOOP('',(#7134,#7142,#7150,#7158,#7166,#7174,#7183,#7189,
    #7190));
#7134 = ORIENTED_EDGE('',*,*,#7135,.F.);
#7135 = EDGE_CURVE('',#7136,#7113,#7138,.T.);
#7136 = VERTEX_POINT('',#7137);
#7137 = CARTESIAN_POINT('',(1.925,0.25,0.8));
#7138 = LINE('',#7139,#7140);
#7139 = CARTESIAN_POINT('',(1.925,2.4,0.8));
#7140 = VECTOR('',#7141,1.);
#7141 = DIRECTION('',(-0.E+000,-1.,0.E+000));
#7142 = ORIENTED_EDGE('',*,*,#7143,.F.);
#7143 = EDGE_CURVE('',#7144,#7136,#7146,.T.);
#7144 = VERTEX_POINT('',#7145);
#7145 = CARTESIAN_POINT('',(1.925,0.25,-0.85));
#7146 = LINE('',#7147,#7148);
#7147 = CARTESIAN_POINT('',(1.925,0.25,0.9));
#7148 = VECTOR('',#7149,1.);
#7149 = DIRECTION('',(0.E+000,0.E+000,1.));
#7150 = ORIENTED_EDGE('',*,*,#7151,.F.);
#7151 = EDGE_CURVE('',#7152,#7144,#7154,.T.);
#7152 = VERTEX_POINT('',#7153);
#7153 = CARTESIAN_POINT('',(1.925,1.7,-0.85));
#7154 = LINE('',#7155,#7156);
#7155 = CARTESIAN_POINT('',(1.925,2.4,-0.85));
#7156 = VECTOR('',#7157,1.);
#7157 = DIRECTION('',(0.E+000,-1.,0.E+000));
#7158 = ORIENTED_EDGE('',*,*,#7159,.F.);
#7159 = EDGE_CURVE('',#7160,#7152,#7162,.T.);
#7160 = VERTEX_POINT('',#7161);
#7161 = CARTESIAN_POINT('',(1.925,1.7,0.1));
#7162 = LINE('',#7163,#7164);
#7163 = CARTESIAN_POINT('',(1.925,1.7,0.9));
#7164 = VECTOR('',#7165,1.);
#7165 = DIRECTION('',(-0.E+000,-0.E+000,-1.));
#7166 = ORIENTED_EDGE('',*,*,#7167,.F.);
#7167 = EDGE_CURVE('',#7168,#7160,#7170,.T.);
#7168 = VERTEX_POINT('',#7169);
#7169 = CARTESIAN_POINT('',(1.925,1.75,0.1));
#7170 = LINE('',#7171,#7172);
#7171 = CARTESIAN_POINT('',(1.925,2.4,0.1));
#7172 = VECTOR('',#7173,1.);
#7173 = DIRECTION('',(-0.E+000,-1.,0.E+000));
#7174 = ORIENTED_EDGE('',*,*,#7175,.F.);
#7175 = EDGE_CURVE('',#7176,#7168,#7178,.T.);
#7176 = VERTEX_POINT('',#7177);
#7177 = CARTESIAN_POINT('',(1.925,1.7,0.15));
#7178 = CIRCLE('',#7179,5.E-002);
#7179 = AXIS2_PLACEMENT_3D('',#7180,#7181,#7182);
#7180 = CARTESIAN_POINT('',(1.925,1.75,0.15));
#7181 = DIRECTION('',(1.,0.E+000,0.E+000));
#7182 = DIRECTION('',(0.E+000,0.E+000,-1.));
#7183 = ORIENTED_EDGE('',*,*,#7184,.F.);
#7184 = EDGE_CURVE('',#6772,#7176,#7185,.T.);
#7185 = LINE('',#7186,#7187);
#7186 = CARTESIAN_POINT('',(1.925,1.7,0.9));
#7187 = VECTOR('',#7188,1.);
#7188 = DIRECTION('',(-0.E+000,-0.E+000,-1.));
#7189 = ORIENTED_EDGE('',*,*,#6771,.T.);
#7190 = ORIENTED_EDGE('',*,*,#7120,.F.);
#7191 = PLANE('',#7192);
#7192 = AXIS2_PLACEMENT_3D('',#7193,#7194,#7195);
#7193 = CARTESIAN_POINT('',(1.925,2.4,0.9));
#7194 = DIRECTION('',(-1.,0.E+000,0.E+000));
#7195 = DIRECTION('',(0.E+000,0.E+000,1.));
#7196 = ADVANCED_FACE('',(#7197),#7215,.T.);
#7197 = FACE_BOUND('',#7198,.T.);
#7198 = EDGE_LOOP('',(#7199,#7200,#7201,#7209));
#7199 = ORIENTED_EDGE('',*,*,#6779,.T.);
#7200 = ORIENTED_EDGE('',*,*,#7184,.T.);
#7201 = ORIENTED_EDGE('',*,*,#7202,.T.);
#7202 = EDGE_CURVE('',#7176,#7203,#7205,.T.);
#7203 = VERTEX_POINT('',#7204);
#7204 = CARTESIAN_POINT('',(2.275,1.7,0.15));
#7205 = LINE('',#7206,#7207);
#7206 = CARTESIAN_POINT('',(0.E+000,1.7,0.15));
#7207 = VECTOR('',#7208,1.);
#7208 = DIRECTION('',(1.,0.E+000,0.E+000));
#7209 = ORIENTED_EDGE('',*,*,#7210,.T.);
#7210 = EDGE_CURVE('',#7203,#6780,#7211,.T.);
#7211 = LINE('',#7212,#7213);
#7212 = CARTESIAN_POINT('',(2.275,1.7,0.E+000));
#7213 = VECTOR('',#7214,1.);
#7214 = DIRECTION('',(-0.E+000,0.E+000,1.));
#7215 = PLANE('',#7216);
#7216 = AXIS2_PLACEMENT_3D('',#7217,#7218,#7219);
#7217 = CARTESIAN_POINT('',(0.E+000,1.7,0.E+000));
#7218 = DIRECTION('',(0.E+000,-1.,0.E+000));
#7219 = DIRECTION('',(0.E+000,-0.E+000,-1.));
#7220 = ADVANCED_FACE('',(#7221),#7248,.T.);
#7221 = FACE_BOUND('',#7222,.T.);
#7222 = EDGE_LOOP('',(#7223,#7232,#7240,#7247));
#7223 = ORIENTED_EDGE('',*,*,#7224,.T.);
#7224 = EDGE_CURVE('',#6780,#7225,#7227,.T.);
#7225 = VERTEX_POINT('',#7226);
#7226 = CARTESIAN_POINT('',(2.325,1.75,0.85));
#7227 = ( BOUNDED_CURVE() B_SPLINE_CURVE(3,(#7228,#7229,#7230,#7231),
.UNSPECIFIED.,.F.,.F.) B_SPLINE_CURVE_WITH_KNOTS((4,4),(0.E+000,
1.570796326795),.PIECEWISE_BEZIER_KNOTS.) CURVE() 
GEOMETRIC_REPRESENTATION_ITEM() RATIONAL_B_SPLINE_CURVE((1.,
0.804737854124,0.804737854124,1.)) REPRESENTATION_ITEM('') );
#7228 = CARTESIAN_POINT('',(2.275,1.7,0.9));
#7229 = CARTESIAN_POINT('',(2.304289321881,1.7,0.9));
#7230 = CARTESIAN_POINT('',(2.325,1.720710678119,0.879289321881));
#7231 = CARTESIAN_POINT('',(2.325,1.75,0.85));
#7232 = ORIENTED_EDGE('',*,*,#7233,.F.);
#7233 = EDGE_CURVE('',#7234,#7225,#7236,.T.);
#7234 = VERTEX_POINT('',#7235);
#7235 = CARTESIAN_POINT('',(2.325,2.35,0.85));
#7236 = LINE('',#7237,#7238);
#7237 = CARTESIAN_POINT('',(2.325,2.2,0.85));
#7238 = VECTOR('',#7239,1.);
#7239 = DIRECTION('',(-0.E+000,-1.,-0.E+000));
#7240 = ORIENTED_EDGE('',*,*,#7241,.F.);
#7241 = EDGE_CURVE('',#6788,#7234,#7242,.T.);
#7242 = ( BOUNDED_CURVE() B_SPLINE_CURVE(3,(#7243,#7244,#7245,#7246),
.UNSPECIFIED.,.F.,.F.) B_SPLINE_CURVE_WITH_KNOTS((4,4),(0.E+000,
1.570796326795),.PIECEWISE_BEZIER_KNOTS.) CURVE() 
GEOMETRIC_REPRESENTATION_ITEM() RATIONAL_B_SPLINE_CURVE((1.,
0.804737854124,0.804737854124,1.)) REPRESENTATION_ITEM('') );
#7243 = CARTESIAN_POINT('',(2.275,2.4,0.9));
#7244 = CARTESIAN_POINT('',(2.304289321881,2.4,0.9));
#7245 = CARTESIAN_POINT('',(2.325,2.379289321881,0.879289321881));
#7246 = CARTESIAN_POINT('',(2.325,2.35,0.85));
#7247 = ORIENTED_EDGE('',*,*,#6787,.T.);
#7248 = CYLINDRICAL_SURFACE('',#7249,5.E-002);
#7249 = AXIS2_PLACEMENT_3D('',#7250,#7251,#7252);
#7250 = CARTESIAN_POINT('',(2.275,2.4,0.85));
#7251 = DIRECTION('',(0.E+000,-1.,0.E+000));
#7252 = DIRECTION('',(0.E+000,0.E+000,-1.));
#7253 = ADVANCED_FACE('',(#7254,#7288,#7358,#7392),#7417,.F.);
#7254 = FACE_BOUND('',#7255,.T.);
#7255 = EDGE_LOOP('',(#7256,#7266,#7274,#7282));
#7256 = ORIENTED_EDGE('',*,*,#7257,.F.);
#7257 = EDGE_CURVE('',#7258,#7260,#7262,.T.);
#7258 = VERTEX_POINT('',#7259);
#7259 = CARTESIAN_POINT('',(1.453108704077,2.4,0.266237802473));
#7260 = VERTEX_POINT('',#7261);
#7261 = CARTESIAN_POINT('',(1.640237755554,2.4,0.266237802473));
#7262 = LINE('',#7263,#7264);
#7263 = CARTESIAN_POINT('',(0.E+000,2.4,0.266237802473));
#7264 = VECTOR('',#7265,1.);
#7265 = DIRECTION('',(1.,0.E+000,0.E+000));
#7266 = ORIENTED_EDGE('',*,*,#7267,.F.);
#7267 = EDGE_CURVE('',#7268,#7258,#7270,.T.);
#7268 = VERTEX_POINT('',#7269);
#7269 = CARTESIAN_POINT('',(1.453108704077,2.4,-0.28005829942));
#7270 = LINE('',#7271,#7272);
#7271 = CARTESIAN_POINT('',(1.453108704077,2.4,0.E+000));
#7272 = VECTOR('',#7273,1.);
#7273 = DIRECTION('',(-0.E+000,0.E+000,1.));
#7274 = ORIENTED_EDGE('',*,*,#7275,.F.);
#7275 = EDGE_CURVE('',#7276,#7268,#7278,.T.);
#7276 = VERTEX_POINT('',#7277);
#7277 = CARTESIAN_POINT('',(1.640237755554,2.4,-0.28005829942));
#7278 = LINE('',#7279,#7280);
#7279 = CARTESIAN_POINT('',(0.E+000,2.4,-0.28005829942));
#7280 = VECTOR('',#7281,1.);
#7281 = DIRECTION('',(-1.,-0.E+000,-0.E+000));
#7282 = ORIENTED_EDGE('',*,*,#7283,.F.);
#7283 = EDGE_CURVE('',#7260,#7276,#7284,.T.);
#7284 = LINE('',#7285,#7286);
#7285 = CARTESIAN_POINT('',(1.640237755554,2.4,0.E+000));
#7286 = VECTOR('',#7287,1.);
#7287 = DIRECTION('',(0.E+000,-0.E+000,-1.));
#7288 = FACE_BOUND('',#7289,.T.);
#7289 = EDGE_LOOP('',(#7290,#7301,#7309,#7318,#7326,#7335,#7343,#7352));
#7290 = ORIENTED_EDGE('',*,*,#7291,.F.);
#7291 = EDGE_CURVE('',#7292,#7294,#7296,.T.);
#7292 = VERTEX_POINT('',#7293);
#7293 = CARTESIAN_POINT('',(1.,2.4,-0.4));
#7294 = VERTEX_POINT('',#7295);
#7295 = CARTESIAN_POINT('',(0.9,2.4,-0.5));
#7296 = CIRCLE('',#7297,1.E-001);
#7297 = AXIS2_PLACEMENT_3D('',#7298,#7299,#7300);
#7298 = CARTESIAN_POINT('',(0.9,2.4,-0.4));
#7299 = DIRECTION('',(-0.E+000,1.,0.E+000));
#7300 = DIRECTION('',(0.E+000,0.E+000,-1.));
#7301 = ORIENTED_EDGE('',*,*,#7302,.F.);
#7302 = EDGE_CURVE('',#7303,#7292,#7305,.T.);
#7303 = VERTEX_POINT('',#7304);
#7304 = CARTESIAN_POINT('',(1.,2.4,0.4));
#7305 = LINE('',#7306,#7307);
#7306 = CARTESIAN_POINT('',(1.,2.4,0.E+000));
#7307 = VECTOR('',#7308,1.);
#7308 = DIRECTION('',(0.E+000,-0.E+000,-1.));
#7309 = ORIENTED_EDGE('',*,*,#7310,.F.);
#7310 = EDGE_CURVE('',#7311,#7303,#7313,.T.);
#7311 = VERTEX_POINT('',#7312);
#7312 = CARTESIAN_POINT('',(0.9,2.4,0.5));
#7313 = CIRCLE('',#7314,1.E-001);
#7314 = AXIS2_PLACEMENT_3D('',#7315,#7316,#7317);
#7315 = CARTESIAN_POINT('',(0.9,2.4,0.4));
#7316 = DIRECTION('',(-0.E+000,1.,0.E+000));
#7317 = DIRECTION('',(0.E+000,0.E+000,-1.));
#7318 = ORIENTED_EDGE('',*,*,#7319,.F.);
#7319 = EDGE_CURVE('',#7320,#7311,#7322,.T.);
#7320 = VERTEX_POINT('',#7321);
#7321 = CARTESIAN_POINT('',(-0.9,2.4,0.5));
#7322 = LINE('',#7323,#7324);
#7323 = CARTESIAN_POINT('',(0.E+000,2.4,0.5));
#7324 = VECTOR('',#7325,1.);
#7325 = DIRECTION('',(1.,0.E+000,0.E+000));
#7326 = ORIENTED_EDGE('',*,*,#7327,.F.);
#7327 = EDGE_CURVE('',#7328,#7320,#7330,.T.);
#7328 = VERTEX_POINT('',#7329);
#7329 = CARTESIAN_POINT('',(-1.,2.4,0.4));
#7330 = CIRCLE('',#7331,1.E-001);
#7331 = AXIS2_PLACEMENT_3D('',#7332,#7333,#7334);
#7332 = CARTESIAN_POINT('',(-0.9,2.4,0.4));
#7333 = DIRECTION('',(-0.E+000,1.,0.E+000));
#7334 = DIRECTION('',(0.E+000,0.E+000,-1.));
#7335 = ORIENTED_EDGE('',*,*,#7336,.F.);
#7336 = EDGE_CURVE('',#7337,#7328,#7339,.T.);
#7337 = VERTEX_POINT('',#7338);
#7338 = CARTESIAN_POINT('',(-1.,2.4,-0.4));
#7339 = LINE('',#7340,#7341);
#7340 = CARTESIAN_POINT('',(-1.,2.4,0.E+000));
#7341 = VECTOR('',#7342,1.);
#7342 = DIRECTION('',(-0.E+000,0.E+000,1.));
#7343 = ORIENTED_EDGE('',*,*,#7344,.F.);
#7344 = EDGE_CURVE('',#7345,#7337,#7347,.T.);
#7345 = VERTEX_POINT('',#7346);
#7346 = CARTESIAN_POINT('',(-0.9,2.4,-0.5));
#7347 = CIRCLE('',#7348,1.E-001);
#7348 = AXIS2_PLACEMENT_3D('',#7349,#7350,#7351);
#7349 = CARTESIAN_POINT('',(-0.9,2.4,-0.4));
#7350 = DIRECTION('',(0.E+000,1.,-0.E+000));
#7351 = DIRECTION('',(-1.084202172486E-015,-0.E+000,-1.));
#7352 = ORIENTED_EDGE('',*,*,#7353,.F.);
#7353 = EDGE_CURVE('',#7294,#7345,#7354,.T.);
#7354 = LINE('',#7355,#7356);
#7355 = CARTESIAN_POINT('',(0.E+000,2.4,-0.5));
#7356 = VECTOR('',#7357,1.);
#7357 = DIRECTION('',(-1.,-0.E+000,-0.E+000));
#7358 = FACE_BOUND('',#7359,.T.);
#7359 = EDGE_LOOP('',(#7360,#7370,#7378,#7386));
#7360 = ORIENTED_EDGE('',*,*,#7361,.F.);
#7361 = EDGE_CURVE('',#7362,#7364,#7366,.T.);
#7362 = VERTEX_POINT('',#7363);
#7363 = CARTESIAN_POINT('',(-1.453108704077,2.4,-0.28005829942));
#7364 = VERTEX_POINT('',#7365);
#7365 = CARTESIAN_POINT('',(-1.640237755554,2.4,-0.28005829942));
#7366 = LINE('',#7367,#7368);
#7367 = CARTESIAN_POINT('',(0.E+000,2.4,-0.28005829942));
#7368 = VECTOR('',#7369,1.);
#7369 = DIRECTION('',(-1.,-0.E+000,-0.E+000));
#7370 = ORIENTED_EDGE('',*,*,#7371,.F.);
#7371 = EDGE_CURVE('',#7372,#7362,#7374,.T.);
#7372 = VERTEX_POINT('',#7373);
#7373 = CARTESIAN_POINT('',(-1.453108704077,2.4,0.266237802473));
#7374 = LINE('',#7375,#7376);
#7375 = CARTESIAN_POINT('',(-1.453108704077,2.4,0.E+000));
#7376 = VECTOR('',#7377,1.);
#7377 = DIRECTION('',(0.E+000,-0.E+000,-1.));
#7378 = ORIENTED_EDGE('',*,*,#7379,.F.);
#7379 = EDGE_CURVE('',#7380,#7372,#7382,.T.);
#7380 = VERTEX_POINT('',#7381);
#7381 = CARTESIAN_POINT('',(-1.640237755554,2.4,0.266237802473));
#7382 = LINE('',#7383,#7384);
#7383 = CARTESIAN_POINT('',(0.E+000,2.4,0.266237802473));
#7384 = VECTOR('',#7385,1.);
#7385 = DIRECTION('',(1.,0.E+000,0.E+000));
#7386 = ORIENTED_EDGE('',*,*,#7387,.F.);
#7387 = EDGE_CURVE('',#7364,#7380,#7388,.T.);
#7388 = LINE('',#7389,#7390);
#7389 = CARTESIAN_POINT('',(-1.640237755554,2.4,0.E+000));
#7390 = VECTOR('',#7391,1.);
#7391 = DIRECTION('',(-0.E+000,0.E+000,1.));
#7392 = FACE_BOUND('',#7393,.T.);
#7393 = EDGE_LOOP('',(#7394,#7402,#7410,#7416));
#7394 = ORIENTED_EDGE('',*,*,#7395,.F.);
#7395 = EDGE_CURVE('',#7396,#6788,#7398,.T.);
#7396 = VERTEX_POINT('',#7397);
#7397 = CARTESIAN_POINT('',(2.275,2.4,-0.95));
#7398 = LINE('',#7399,#7400);
#7399 = CARTESIAN_POINT('',(2.275,2.4,0.E+000));
#7400 = VECTOR('',#7401,1.);
#7401 = DIRECTION('',(-0.E+000,0.E+000,1.));
#7402 = ORIENTED_EDGE('',*,*,#7403,.F.);
#7403 = EDGE_CURVE('',#7404,#7396,#7406,.T.);
#7404 = VERTEX_POINT('',#7405);
#7405 = CARTESIAN_POINT('',(-2.275,2.4,-0.95));
#7406 = LINE('',#7407,#7408);
#7407 = CARTESIAN_POINT('',(0.E+000,2.4,-0.95));
#7408 = VECTOR('',#7409,1.);
#7409 = DIRECTION('',(1.,0.E+000,0.E+000));
#7410 = ORIENTED_EDGE('',*,*,#7411,.F.);
#7411 = EDGE_CURVE('',#6796,#7404,#7412,.T.);
#7412 = LINE('',#7413,#7414);
#7413 = CARTESIAN_POINT('',(-2.275,2.4,0.E+000));
#7414 = VECTOR('',#7415,1.);
#7415 = DIRECTION('',(0.E+000,-0.E+000,-1.));
#7416 = ORIENTED_EDGE('',*,*,#6795,.T.);
#7417 = PLANE('',#7418);
#7418 = AXIS2_PLACEMENT_3D('',#7419,#7420,#7421);
#7419 = CARTESIAN_POINT('',(0.E+000,2.4,0.E+000));
#7420 = DIRECTION('',(0.E+000,-1.,0.E+000));
#7421 = DIRECTION('',(0.E+000,-0.E+000,-1.));
#7422 = ADVANCED_FACE('',(#7423),#7450,.T.);
#7423 = FACE_BOUND('',#7424,.T.);
#7424 = EDGE_LOOP('',(#7425,#7434,#7435,#7444));
#7425 = ORIENTED_EDGE('',*,*,#7426,.T.);
#7426 = EDGE_CURVE('',#7427,#6804,#7429,.T.);
#7427 = VERTEX_POINT('',#7428);
#7428 = CARTESIAN_POINT('',(-2.325,1.75,0.85));
#7429 = ( BOUNDED_CURVE() B_SPLINE_CURVE(3,(#7430,#7431,#7432,#7433),
.UNSPECIFIED.,.F.,.F.) B_SPLINE_CURVE_WITH_KNOTS((4,4),(4.712388980385,
6.28318530718),.PIECEWISE_BEZIER_KNOTS.) CURVE() 
GEOMETRIC_REPRESENTATION_ITEM() RATIONAL_B_SPLINE_CURVE((1.,
0.804737854124,0.804737854124,1.)) REPRESENTATION_ITEM('') );
#7430 = CARTESIAN_POINT('',(-2.325,1.75,0.85));
#7431 = CARTESIAN_POINT('',(-2.325,1.720710678119,0.879289321881));
#7432 = CARTESIAN_POINT('',(-2.304289321881,1.7,0.9));
#7433 = CARTESIAN_POINT('',(-2.275,1.7,0.9));
#7434 = ORIENTED_EDGE('',*,*,#6803,.T.);
#7435 = ORIENTED_EDGE('',*,*,#7436,.T.);
#7436 = EDGE_CURVE('',#6796,#7437,#7439,.T.);
#7437 = VERTEX_POINT('',#7438);
#7438 = CARTESIAN_POINT('',(-2.325,2.35,0.85));
#7439 = ( BOUNDED_CURVE() B_SPLINE_CURVE(3,(#7440,#7441,#7442,#7443),
.UNSPECIFIED.,.F.,.F.) B_SPLINE_CURVE_WITH_KNOTS((4,4),(3.14159265359,
4.712388980385),.PIECEWISE_BEZIER_KNOTS.) CURVE() 
GEOMETRIC_REPRESENTATION_ITEM() RATIONAL_B_SPLINE_CURVE((1.,
0.804737854124,0.804737854124,1.)) REPRESENTATION_ITEM('') );
#7440 = CARTESIAN_POINT('',(-2.275,2.4,0.9));
#7441 = CARTESIAN_POINT('',(-2.304289321881,2.4,0.9));
#7442 = CARTESIAN_POINT('',(-2.325,2.379289321881,0.879289321881));
#7443 = CARTESIAN_POINT('',(-2.325,2.35,0.85));
#7444 = ORIENTED_EDGE('',*,*,#7445,.F.);
#7445 = EDGE_CURVE('',#7427,#7437,#7446,.T.);
#7446 = LINE('',#7447,#7448);
#7447 = CARTESIAN_POINT('',(-2.325,2.2,0.85));
#7448 = VECTOR('',#7449,1.);
#7449 = DIRECTION('',(0.E+000,1.,-0.E+000));
#7450 = CYLINDRICAL_SURFACE('',#7451,5.E-002);
#7451 = AXIS2_PLACEMENT_3D('',#7452,#7453,#7454);
#7452 = CARTESIAN_POINT('',(-2.275,2.2,0.85));
#7453 = DIRECTION('',(0.E+000,-1.,0.E+000));
#7454 = DIRECTION('',(0.E+000,0.E+000,-1.));
#7455 = ADVANCED_FACE('',(#7456),#7481,.F.);
#7456 = FACE_BOUND('',#7457,.T.);
#7457 = EDGE_LOOP('',(#7458,#7466,#7474,#7480));
#7458 = ORIENTED_EDGE('',*,*,#7459,.F.);
#7459 = EDGE_CURVE('',#7460,#6804,#7462,.T.);
#7460 = VERTEX_POINT('',#7461);
#7461 = CARTESIAN_POINT('',(-2.275,1.7,0.15));
#7462 = LINE('',#7463,#7464);
#7463 = CARTESIAN_POINT('',(-2.275,1.7,0.E+000));
#7464 = VECTOR('',#7465,1.);
#7465 = DIRECTION('',(0.E+000,-0.E+000,1.));
#7466 = ORIENTED_EDGE('',*,*,#7467,.F.);
#7467 = EDGE_CURVE('',#7468,#7460,#7470,.T.);
#7468 = VERTEX_POINT('',#7469);
#7469 = CARTESIAN_POINT('',(-1.925,1.7,0.15));
#7470 = LINE('',#7471,#7472);
#7471 = CARTESIAN_POINT('',(0.E+000,1.7,0.15));
#7472 = VECTOR('',#7473,1.);
#7473 = DIRECTION('',(-1.,-0.E+000,0.E+000));
#7474 = ORIENTED_EDGE('',*,*,#7475,.T.);
#7475 = EDGE_CURVE('',#7468,#6812,#7476,.T.);
#7476 = LINE('',#7477,#7478);
#7477 = CARTESIAN_POINT('',(-1.925,1.7,0.9));
#7478 = VECTOR('',#7479,1.);
#7479 = DIRECTION('',(-0.E+000,-0.E+000,1.));
#7480 = ORIENTED_EDGE('',*,*,#6811,.T.);
#7481 = PLANE('',#7482);
#7482 = AXIS2_PLACEMENT_3D('',#7483,#7484,#7485);
#7483 = CARTESIAN_POINT('',(0.E+000,1.7,0.E+000));
#7484 = DIRECTION('',(0.E+000,1.,0.E+000));
#7485 = DIRECTION('',(0.E+000,-0.E+000,1.));
#7486 = ADVANCED_FACE('',(#7487),#7512,.T.);
#7487 = FACE_BOUND('',#7488,.T.);
#7488 = EDGE_LOOP('',(#7489,#7497,#7498,#7506));
#7489 = ORIENTED_EDGE('',*,*,#7490,.T.);
#7490 = EDGE_CURVE('',#7491,#6828,#7493,.T.);
#7491 = VERTEX_POINT('',#7492);
#7492 = CARTESIAN_POINT('',(-1.975,0.2,0.8));
#7493 = LINE('',#7494,#7495);
#7494 = CARTESIAN_POINT('',(-1.975,0.2,0.8));
#7495 = VECTOR('',#7496,1.);
#7496 = DIRECTION('',(0.E+000,0.E+000,1.));
#7497 = ORIENTED_EDGE('',*,*,#6827,.T.);
#7498 = ORIENTED_EDGE('',*,*,#7499,.T.);
#7499 = EDGE_CURVE('',#6820,#7500,#7502,.T.);
#7500 = VERTEX_POINT('',#7501);
#7501 = CARTESIAN_POINT('',(-1.925,0.2,0.8));
#7502 = LINE('',#7503,#7504);
#7503 = CARTESIAN_POINT('',(-1.925,0.2,0.9));
#7504 = VECTOR('',#7505,1.);
#7505 = DIRECTION('',(0.E+000,0.E+000,-1.));
#7506 = ORIENTED_EDGE('',*,*,#7507,.T.);
#7507 = EDGE_CURVE('',#7500,#7491,#7508,.T.);
#7508 = LINE('',#7509,#7510);
#7509 = CARTESIAN_POINT('',(-1.975,0.2,0.8));
#7510 = VECTOR('',#7511,1.);
#7511 = DIRECTION('',(-1.,5.421010862428E-017,0.E+000));
#7512 = PLANE('',#7513);
#7513 = AXIS2_PLACEMENT_3D('',#7514,#7515,#7516);
#7514 = CARTESIAN_POINT('',(-1.975,0.2,0.8));
#7515 = DIRECTION('',(5.421010862428E-017,1.,-0.E+000));
#7516 = DIRECTION('',(-1.,5.421010862428E-017,0.E+000));
#7517 = ADVANCED_FACE('',(#7518),#7536,.T.);
#7518 = FACE_BOUND('',#7519,.T.);
#7519 = EDGE_LOOP('',(#7520,#7528,#7534,#7535));
#7520 = ORIENTED_EDGE('',*,*,#7521,.T.);
#7521 = EDGE_CURVE('',#7491,#7522,#7524,.T.);
#7522 = VERTEX_POINT('',#7523);
#7523 = CARTESIAN_POINT('',(-1.975,-0.8,0.8));
#7524 = LINE('',#7525,#7526);
#7525 = CARTESIAN_POINT('',(-1.975,-0.8,0.8));
#7526 = VECTOR('',#7527,1.);
#7527 = DIRECTION('',(-0.E+000,-1.,0.E+000));
#7528 = ORIENTED_EDGE('',*,*,#7529,.T.);
#7529 = EDGE_CURVE('',#7522,#6836,#7530,.T.);
#7530 = LINE('',#7531,#7532);
#7531 = CARTESIAN_POINT('',(-1.975,-0.8,0.8));
#7532 = VECTOR('',#7533,1.);
#7533 = DIRECTION('',(0.E+000,0.E+000,1.));
#7534 = ORIENTED_EDGE('',*,*,#6835,.T.);
#7535 = ORIENTED_EDGE('',*,*,#7490,.F.);
#7536 = PLANE('',#7537);
#7537 = AXIS2_PLACEMENT_3D('',#7538,#7539,#7540);
#7538 = CARTESIAN_POINT('',(-1.975,-0.8,0.8));
#7539 = DIRECTION('',(-1.,0.E+000,0.E+000));
#7540 = DIRECTION('',(0.E+000,0.E+000,1.));
#7541 = ADVANCED_FACE('',(#7542),#7560,.T.);
#7542 = FACE_BOUND('',#7543,.T.);
#7543 = EDGE_LOOP('',(#7544,#7552,#7558,#7559));
#7544 = ORIENTED_EDGE('',*,*,#7545,.T.);
#7545 = EDGE_CURVE('',#7522,#7546,#7548,.T.);
#7546 = VERTEX_POINT('',#7547);
#7547 = CARTESIAN_POINT('',(-1.475,-0.8,0.8));
#7548 = LINE('',#7549,#7550);
#7549 = CARTESIAN_POINT('',(-1.975,-0.8,0.8));
#7550 = VECTOR('',#7551,1.);
#7551 = DIRECTION('',(1.,0.E+000,0.E+000));
#7552 = ORIENTED_EDGE('',*,*,#7553,.T.);
#7553 = EDGE_CURVE('',#7546,#6844,#7554,.T.);
#7554 = LINE('',#7555,#7556);
#7555 = CARTESIAN_POINT('',(-1.475,-0.8,0.8));
#7556 = VECTOR('',#7557,1.);
#7557 = DIRECTION('',(-0.E+000,0.E+000,1.));
#7558 = ORIENTED_EDGE('',*,*,#6843,.T.);
#7559 = ORIENTED_EDGE('',*,*,#7529,.F.);
#7560 = PLANE('',#7561);
#7561 = AXIS2_PLACEMENT_3D('',#7562,#7563,#7564);
#7562 = CARTESIAN_POINT('',(-1.975,-0.8,0.8));
#7563 = DIRECTION('',(0.E+000,-1.,0.E+000));
#7564 = DIRECTION('',(0.E+000,-0.E+000,-1.));
#7565 = ADVANCED_FACE('',(#7566),#7584,.T.);
#7566 = FACE_BOUND('',#7567,.T.);
#7567 = EDGE_LOOP('',(#7568,#7576,#7582,#7583));
#7568 = ORIENTED_EDGE('',*,*,#7569,.T.);
#7569 = EDGE_CURVE('',#7546,#7570,#7572,.T.);
#7570 = VERTEX_POINT('',#7571);
#7571 = CARTESIAN_POINT('',(-1.475,0.2,0.8));
#7572 = LINE('',#7573,#7574);
#7573 = CARTESIAN_POINT('',(-1.475,-0.8,0.8));
#7574 = VECTOR('',#7575,1.);
#7575 = DIRECTION('',(0.E+000,1.,0.E+000));
#7576 = ORIENTED_EDGE('',*,*,#7577,.T.);
#7577 = EDGE_CURVE('',#7570,#6852,#7578,.T.);
#7578 = LINE('',#7579,#7580);
#7579 = CARTESIAN_POINT('',(-1.475,0.2,0.8));
#7580 = VECTOR('',#7581,1.);
#7581 = DIRECTION('',(-0.E+000,-0.E+000,1.));
#7582 = ORIENTED_EDGE('',*,*,#6851,.T.);
#7583 = ORIENTED_EDGE('',*,*,#7553,.F.);
#7584 = PLANE('',#7585);
#7585 = AXIS2_PLACEMENT_3D('',#7586,#7587,#7588);
#7586 = CARTESIAN_POINT('',(-1.475,-0.8,0.8));
#7587 = DIRECTION('',(1.,-0.E+000,0.E+000));
#7588 = DIRECTION('',(0.E+000,0.E+000,-1.));
#7589 = ADVANCED_FACE('',(#7590),#7615,.F.);
#7590 = FACE_BOUND('',#7591,.T.);
#7591 = EDGE_LOOP('',(#7592,#7600,#7601,#7609));
#7592 = ORIENTED_EDGE('',*,*,#7593,.F.);
#7593 = EDGE_CURVE('',#6868,#7594,#7596,.T.);
#7594 = VERTEX_POINT('',#7595);
#7595 = CARTESIAN_POINT('',(-1.2272645986,5.E-002,0.4));
#7596 = LINE('',#7597,#7598);
#7597 = CARTESIAN_POINT('',(-1.2272645986,5.E-002,0.9));
#7598 = VECTOR('',#7599,1.);
#7599 = DIRECTION('',(0.E+000,0.E+000,-1.));
#7600 = ORIENTED_EDGE('',*,*,#6867,.T.);
#7601 = ORIENTED_EDGE('',*,*,#7602,.F.);
#7602 = EDGE_CURVE('',#7603,#6860,#7605,.T.);
#7603 = VERTEX_POINT('',#7604);
#7604 = CARTESIAN_POINT('',(-1.2272645986,0.2,0.4));
#7605 = LINE('',#7606,#7607);
#7606 = CARTESIAN_POINT('',(-1.2272645986,0.2,0.9));
#7607 = VECTOR('',#7608,1.);
#7608 = DIRECTION('',(-0.E+000,-0.E+000,1.));
#7609 = ORIENTED_EDGE('',*,*,#7610,.F.);
#7610 = EDGE_CURVE('',#7594,#7603,#7611,.T.);
#7611 = LINE('',#7612,#7613);
#7612 = CARTESIAN_POINT('',(-1.2272645986,0.2,0.4));
#7613 = VECTOR('',#7614,1.);
#7614 = DIRECTION('',(0.E+000,1.,0.E+000));
#7615 = PLANE('',#7616);
#7616 = AXIS2_PLACEMENT_3D('',#7617,#7618,#7619);
#7617 = CARTESIAN_POINT('',(-1.2272645986,0.2,0.9));
#7618 = DIRECTION('',(1.,-0.E+000,0.E+000));
#7619 = DIRECTION('',(0.E+000,0.E+000,-1.));
#7620 = ADVANCED_FACE('',(#7621),#7648,.T.);
#7621 = FACE_BOUND('',#7622,.T.);
#7622 = EDGE_LOOP('',(#7623,#7632,#7633,#7642));
#7623 = ORIENTED_EDGE('',*,*,#7624,.T.);
#7624 = EDGE_CURVE('',#7625,#6876,#7627,.T.);
#7625 = VERTEX_POINT('',#7626);
#7626 = CARTESIAN_POINT('',(-0.4772645986,4.065758146821E-017,0.85));
#7627 = ( BOUNDED_CURVE() B_SPLINE_CURVE(3,(#7628,#7629,#7630,#7631),
.UNSPECIFIED.,.F.,.F.) B_SPLINE_CURVE_WITH_KNOTS((4,4),(1.570796326795,
3.14159265359),.PIECEWISE_BEZIER_KNOTS.) CURVE() 
GEOMETRIC_REPRESENTATION_ITEM() RATIONAL_B_SPLINE_CURVE((1.,
0.804737854124,0.804737854124,1.)) REPRESENTATION_ITEM('') );
#7628 = CARTESIAN_POINT('',(-0.4772645986,4.065758146821E-017,0.85));
#7629 = CARTESIAN_POINT('',(-0.447975276719,2.585705594232E-017,
    0.879289321881));
#7630 = CARTESIAN_POINT('',(-0.4272645986,2.071067811865E-002,0.9));
#7631 = CARTESIAN_POINT('',(-0.4272645986,5.E-002,0.9));
#7632 = ORIENTED_EDGE('',*,*,#6875,.T.);
#7633 = ORIENTED_EDGE('',*,*,#7634,.T.);
#7634 = EDGE_CURVE('',#6868,#7635,#7637,.T.);
#7635 = VERTEX_POINT('',#7636);
#7636 = CARTESIAN_POINT('',(-1.1772645986,9.486769009248E-017,0.85));
#7637 = ( BOUNDED_CURVE() B_SPLINE_CURVE(3,(#7638,#7639,#7640,#7641),
.UNSPECIFIED.,.F.,.F.) B_SPLINE_CURVE_WITH_KNOTS((4,4),(0.E+000,
1.570796326795),.PIECEWISE_BEZIER_KNOTS.) CURVE() 
GEOMETRIC_REPRESENTATION_ITEM() RATIONAL_B_SPLINE_CURVE((1.,
0.804737854124,0.804737854124,1.)) REPRESENTATION_ITEM('') );
#7638 = CARTESIAN_POINT('',(-1.2272645986,5.E-002,0.9));
#7639 = CARTESIAN_POINT('',(-1.2272645986,2.071067811865E-002,0.9));
#7640 = CARTESIAN_POINT('',(-1.206553920481,1.102136709631E-016,
    0.879289321881));
#7641 = CARTESIAN_POINT('',(-1.1772645986,9.486769009248E-017,0.85));
#7642 = ORIENTED_EDGE('',*,*,#7643,.T.);
#7643 = EDGE_CURVE('',#7635,#7625,#7644,.T.);
#7644 = LINE('',#7645,#7646);
#7645 = CARTESIAN_POINT('',(-1.925,1.084202172486E-016,0.85));
#7646 = VECTOR('',#7647,1.);
#7647 = DIRECTION('',(1.,-0.E+000,-0.E+000));
#7648 = CYLINDRICAL_SURFACE('',#7649,5.E-002);
#7649 = AXIS2_PLACEMENT_3D('',#7650,#7651,#7652);
#7650 = CARTESIAN_POINT('',(-1.925,5.E-002,0.85));
#7651 = DIRECTION('',(-1.,0.E+000,0.E+000));
#7652 = DIRECTION('',(0.E+000,0.E+000,1.));
#7653 = ADVANCED_FACE('',(#7654),#7679,.F.);
#7654 = FACE_BOUND('',#7655,.T.);
#7655 = EDGE_LOOP('',(#7656,#7664,#7672,#7678));
#7656 = ORIENTED_EDGE('',*,*,#7657,.F.);
#7657 = EDGE_CURVE('',#7658,#6876,#7660,.T.);
#7658 = VERTEX_POINT('',#7659);
#7659 = CARTESIAN_POINT('',(-0.4272645986,5.E-002,0.4));
#7660 = LINE('',#7661,#7662);
#7661 = CARTESIAN_POINT('',(-0.4272645986,5.E-002,0.4));
#7662 = VECTOR('',#7663,1.);
#7663 = DIRECTION('',(2.168404344971E-016,0.E+000,1.));
#7664 = ORIENTED_EDGE('',*,*,#7665,.F.);
#7665 = EDGE_CURVE('',#7666,#7658,#7668,.T.);
#7666 = VERTEX_POINT('',#7667);
#7667 = CARTESIAN_POINT('',(-0.4272645986,0.2,0.4));
#7668 = LINE('',#7669,#7670);
#7669 = CARTESIAN_POINT('',(-0.4272645986,0.2,0.4));
#7670 = VECTOR('',#7671,1.);
#7671 = DIRECTION('',(-0.E+000,-1.,0.E+000));
#7672 = ORIENTED_EDGE('',*,*,#7673,.F.);
#7673 = EDGE_CURVE('',#6884,#7666,#7674,.T.);
#7674 = LINE('',#7675,#7676);
#7675 = CARTESIAN_POINT('',(-0.4272645986,0.2,0.4));
#7676 = VECTOR('',#7677,1.);
#7677 = DIRECTION('',(-2.168404344971E-016,-0.E+000,-1.));
#7678 = ORIENTED_EDGE('',*,*,#6883,.T.);
#7679 = PLANE('',#7680);
#7680 = AXIS2_PLACEMENT_3D('',#7681,#7682,#7683);
#7681 = CARTESIAN_POINT('',(-0.4272645986,0.2,0.4));
#7682 = DIRECTION('',(-1.,0.E+000,2.168404344971E-016));
#7683 = DIRECTION('',(2.168404344971E-016,0.E+000,1.));
#7684 = ADVANCED_FACE('',(#7685),#7810,.F.);
#7685 = FACE_BOUND('',#7686,.T.);
#7686 = EDGE_LOOP('',(#7687,#7697,#7705,#7713,#7721,#7729,#7737,#7743,
    #7744,#7745,#7746,#7752,#7753,#7754,#7755,#7761,#7762,#7763,#7764,
    #7772,#7780,#7788,#7796,#7804));
#7687 = ORIENTED_EDGE('',*,*,#7688,.F.);
#7688 = EDGE_CURVE('',#7689,#7691,#7693,.T.);
#7689 = VERTEX_POINT('',#7690);
#7690 = CARTESIAN_POINT('',(0.4272645986,0.2,-0.85));
#7691 = VERTEX_POINT('',#7692);
#7692 = CARTESIAN_POINT('',(-0.4272645986,0.2,-0.85));
#7693 = LINE('',#7694,#7695);
#7694 = CARTESIAN_POINT('',(0.E+000,0.2,-0.85));
#7695 = VECTOR('',#7696,1.);
#7696 = DIRECTION('',(-1.,-0.E+000,0.E+000));
#7697 = ORIENTED_EDGE('',*,*,#7698,.F.);
#7698 = EDGE_CURVE('',#7699,#7689,#7701,.T.);
#7699 = VERTEX_POINT('',#7700);
#7700 = CARTESIAN_POINT('',(0.4272645986,0.2,-0.4));
#7701 = LINE('',#7702,#7703);
#7702 = CARTESIAN_POINT('',(0.4272645986,0.2,0.E+000));
#7703 = VECTOR('',#7704,1.);
#7704 = DIRECTION('',(-0.E+000,0.E+000,-1.));
#7705 = ORIENTED_EDGE('',*,*,#7706,.F.);
#7706 = EDGE_CURVE('',#7707,#7699,#7709,.T.);
#7707 = VERTEX_POINT('',#7708);
#7708 = CARTESIAN_POINT('',(1.2272645986,0.2,-0.4));
#7709 = LINE('',#7710,#7711);
#7710 = CARTESIAN_POINT('',(0.E+000,0.2,-0.4));
#7711 = VECTOR('',#7712,1.);
#7712 = DIRECTION('',(-1.,-0.E+000,0.E+000));
#7713 = ORIENTED_EDGE('',*,*,#7714,.F.);
#7714 = EDGE_CURVE('',#7715,#7707,#7717,.T.);
#7715 = VERTEX_POINT('',#7716);
#7716 = CARTESIAN_POINT('',(1.2272645986,0.2,-0.85));
#7717 = LINE('',#7718,#7719);
#7718 = CARTESIAN_POINT('',(1.2272645986,0.2,0.E+000));
#7719 = VECTOR('',#7720,1.);
#7720 = DIRECTION('',(0.E+000,-0.E+000,1.));
#7721 = ORIENTED_EDGE('',*,*,#7722,.F.);
#7722 = EDGE_CURVE('',#7723,#7715,#7725,.T.);
#7723 = VERTEX_POINT('',#7724);
#7724 = CARTESIAN_POINT('',(1.875,0.2,-0.85));
#7725 = LINE('',#7726,#7727);
#7726 = CARTESIAN_POINT('',(0.E+000,0.2,-0.85));
#7727 = VECTOR('',#7728,1.);
#7728 = DIRECTION('',(-1.,-0.E+000,0.E+000));
#7729 = ORIENTED_EDGE('',*,*,#7730,.F.);
#7730 = EDGE_CURVE('',#7731,#7723,#7733,.T.);
#7731 = VERTEX_POINT('',#7732);
#7732 = CARTESIAN_POINT('',(1.875,0.2,0.8));
#7733 = LINE('',#7734,#7735);
#7734 = CARTESIAN_POINT('',(1.875,0.2,0.E+000));
#7735 = VECTOR('',#7736,1.);
#7736 = DIRECTION('',(-0.E+000,0.E+000,-1.));
#7737 = ORIENTED_EDGE('',*,*,#7738,.F.);
#7738 = EDGE_CURVE('',#7033,#7731,#7739,.T.);
#7739 = LINE('',#7740,#7741);
#7740 = CARTESIAN_POINT('',(0.E+000,0.2,0.8));
#7741 = VECTOR('',#7742,1.);
#7742 = DIRECTION('',(1.,0.E+000,-0.E+000));
#7743 = ORIENTED_EDGE('',*,*,#7049,.F.);
#7744 = ORIENTED_EDGE('',*,*,#6731,.F.);
#7745 = ORIENTED_EDGE('',*,*,#7017,.T.);
#7746 = ORIENTED_EDGE('',*,*,#7747,.F.);
#7747 = EDGE_CURVE('',#6947,#7010,#7748,.T.);
#7748 = LINE('',#7749,#7750);
#7749 = CARTESIAN_POINT('',(0.E+000,0.2,0.4));
#7750 = VECTOR('',#7751,1.);
#7751 = DIRECTION('',(1.,0.E+000,-0.E+000));
#7752 = ORIENTED_EDGE('',*,*,#6946,.T.);
#7753 = ORIENTED_EDGE('',*,*,#6891,.T.);
#7754 = ORIENTED_EDGE('',*,*,#7673,.T.);
#7755 = ORIENTED_EDGE('',*,*,#7756,.F.);
#7756 = EDGE_CURVE('',#7603,#7666,#7757,.T.);
#7757 = LINE('',#7758,#7759);
#7758 = CARTESIAN_POINT('',(0.E+000,0.2,0.4));
#7759 = VECTOR('',#7760,1.);
#7760 = DIRECTION('',(1.,0.E+000,-0.E+000));
#7761 = ORIENTED_EDGE('',*,*,#7602,.T.);
#7762 = ORIENTED_EDGE('',*,*,#6859,.F.);
#7763 = ORIENTED_EDGE('',*,*,#7577,.F.);
#7764 = ORIENTED_EDGE('',*,*,#7765,.F.);
#7765 = EDGE_CURVE('',#7766,#7570,#7768,.T.);
#7766 = VERTEX_POINT('',#7767);
#7767 = CARTESIAN_POINT('',(-1.875,0.2,0.8));
#7768 = LINE('',#7769,#7770);
#7769 = CARTESIAN_POINT('',(0.E+000,0.2,0.8));
#7770 = VECTOR('',#7771,1.);
#7771 = DIRECTION('',(1.,0.E+000,-0.E+000));
#7772 = ORIENTED_EDGE('',*,*,#7773,.F.);
#7773 = EDGE_CURVE('',#7774,#7766,#7776,.T.);
#7774 = VERTEX_POINT('',#7775);
#7775 = CARTESIAN_POINT('',(-1.875,0.2,-0.85));
#7776 = LINE('',#7777,#7778);
#7777 = CARTESIAN_POINT('',(-1.875,0.2,0.E+000));
#7778 = VECTOR('',#7779,1.);
#7779 = DIRECTION('',(0.E+000,-0.E+000,1.));
#7780 = ORIENTED_EDGE('',*,*,#7781,.F.);
#7781 = EDGE_CURVE('',#7782,#7774,#7784,.T.);
#7782 = VERTEX_POINT('',#7783);
#7783 = CARTESIAN_POINT('',(-1.2272645986,0.2,-0.85));
#7784 = LINE('',#7785,#7786);
#7785 = CARTESIAN_POINT('',(0.E+000,0.2,-0.85));
#7786 = VECTOR('',#7787,1.);
#7787 = DIRECTION('',(-1.,-0.E+000,0.E+000));
#7788 = ORIENTED_EDGE('',*,*,#7789,.F.);
#7789 = EDGE_CURVE('',#7790,#7782,#7792,.T.);
#7790 = VERTEX_POINT('',#7791);
#7791 = CARTESIAN_POINT('',(-1.2272645986,0.2,-0.4));
#7792 = LINE('',#7793,#7794);
#7793 = CARTESIAN_POINT('',(-1.2272645986,0.2,0.E+000));
#7794 = VECTOR('',#7795,1.);
#7795 = DIRECTION('',(-0.E+000,0.E+000,-1.));
#7796 = ORIENTED_EDGE('',*,*,#7797,.F.);
#7797 = EDGE_CURVE('',#7798,#7790,#7800,.T.);
#7798 = VERTEX_POINT('',#7799);
#7799 = CARTESIAN_POINT('',(-0.4272645986,0.2,-0.4));
#7800 = LINE('',#7801,#7802);
#7801 = CARTESIAN_POINT('',(0.E+000,0.2,-0.4));
#7802 = VECTOR('',#7803,1.);
#7803 = DIRECTION('',(-1.,-0.E+000,0.E+000));
#7804 = ORIENTED_EDGE('',*,*,#7805,.F.);
#7805 = EDGE_CURVE('',#7691,#7798,#7806,.T.);
#7806 = LINE('',#7807,#7808);
#7807 = CARTESIAN_POINT('',(-0.4272645986,0.2,0.E+000));
#7808 = VECTOR('',#7809,1.);
#7809 = DIRECTION('',(0.E+000,-0.E+000,1.));
#7810 = PLANE('',#7811);
#7811 = AXIS2_PLACEMENT_3D('',#7812,#7813,#7814);
#7812 = CARTESIAN_POINT('',(0.E+000,0.2,0.E+000));
#7813 = DIRECTION('',(0.E+000,1.,0.E+000));
#7814 = DIRECTION('',(0.E+000,-0.E+000,1.));
#7815 = ADVANCED_FACE('',(#7816),#7828,.T.);
#7816 = FACE_BOUND('',#7817,.T.);
#7817 = EDGE_LOOP('',(#7818,#7819,#7826,#7827));
#7818 = ORIENTED_EDGE('',*,*,#6516,.F.);
#7819 = ORIENTED_EDGE('',*,*,#7820,.T.);
#7820 = EDGE_CURVE('',#6508,#6506,#7821,.T.);
#7821 = ( BOUNDED_CURVE() B_SPLINE_CURVE(3,(#7822,#7823,#7824,#7825),
.UNSPECIFIED.,.F.,.F.) B_SPLINE_CURVE_WITH_KNOTS((4,4),(0.E+000,1.),
.PIECEWISE_BEZIER_KNOTS.) CURVE() GEOMETRIC_REPRESENTATION_ITEM() 
RATIONAL_B_SPLINE_CURVE((1.,0.333333333333,0.333333333333,1.)) 
REPRESENTATION_ITEM('') );
#7822 = CARTESIAN_POINT('',(-1.,1.4,1.3));
#7823 = CARTESIAN_POINT('',(-1.,1.7,1.3));
#7824 = CARTESIAN_POINT('',(-0.7,1.7,1.3));
#7825 = CARTESIAN_POINT('',(-0.7,1.4,1.3));
#7826 = ORIENTED_EDGE('',*,*,#6534,.T.);
#7827 = ORIENTED_EDGE('',*,*,#6617,.F.);
#7828 = ( BOUNDED_SURFACE() B_SPLINE_SURFACE(3,3,(
    (#7829,#7830,#7831,#7832)
    ,(#7833,#7834,#7835,#7836)
    ,(#7837,#7838,#7839,#7840)
    ,(#7841,#7842,#7843,#7844
)),.UNSPECIFIED.,.F.,.F.,.F.) B_SPLINE_SURFACE_WITH_KNOTS((4,4),(4,4),(
    0.E+000,1.),(0.E+000,1.),.PIECEWISE_BEZIER_KNOTS.) 
GEOMETRIC_REPRESENTATION_ITEM() RATIONAL_B_SPLINE_SURFACE((
    (1.,0.333333333333,0.333333333333,1.)
    ,(0.804737854124,0.268245951375,0.268245951375,0.804737854124)
    ,(0.804737854124,0.268245951375,0.268245951375,0.804737854124)
,(1.,0.333333333333,0.333333333333,1.
))) REPRESENTATION_ITEM('') SURFACE() );
#7829 = CARTESIAN_POINT('',(-0.7,1.4,1.3));
#7830 = CARTESIAN_POINT('',(-0.7,1.7,1.3));
#7831 = CARTESIAN_POINT('',(-1.,1.7,1.3));
#7832 = CARTESIAN_POINT('',(-1.,1.4,1.3));
#7833 = CARTESIAN_POINT('',(-0.641421356237,1.4,1.3));
#7834 = CARTESIAN_POINT('',(-0.641421356237,1.817157287525,1.3));
#7835 = CARTESIAN_POINT('',(-1.058578643763,1.817157287525,1.3));
#7836 = CARTESIAN_POINT('',(-1.058578643763,1.4,1.3));
#7837 = CARTESIAN_POINT('',(-0.6,1.4,1.258578643763));
#7838 = CARTESIAN_POINT('',(-0.6,1.9,1.258578643763));
#7839 = CARTESIAN_POINT('',(-1.1,1.9,1.258578643763));
#7840 = CARTESIAN_POINT('',(-1.1,1.4,1.258578643763));
#7841 = CARTESIAN_POINT('',(-0.6,1.4,1.2));
#7842 = CARTESIAN_POINT('',(-0.6,1.9,1.2));
#7843 = CARTESIAN_POINT('',(-1.1,1.9,1.2));
#7844 = CARTESIAN_POINT('',(-1.1,1.4,1.2));
#7845 = ADVANCED_FACE('',(#7846),#7858,.T.);
#7846 = FACE_BOUND('',#7847,.T.);
#7847 = EDGE_LOOP('',(#7848,#7849,#7850,#7851));
#7848 = ORIENTED_EDGE('',*,*,#6572,.F.);
#7849 = ORIENTED_EDGE('',*,*,#6655,.F.);
#7850 = ORIENTED_EDGE('',*,*,#6590,.T.);
#7851 = ORIENTED_EDGE('',*,*,#7852,.T.);
#7852 = EDGE_CURVE('',#6582,#6573,#7853,.T.);
#7853 = ( BOUNDED_CURVE() B_SPLINE_CURVE(3,(#7854,#7855,#7856,#7857),
.UNSPECIFIED.,.F.,.F.) B_SPLINE_CURVE_WITH_KNOTS((4,4),(0.E+000,1.),
.PIECEWISE_BEZIER_KNOTS.) CURVE() GEOMETRIC_REPRESENTATION_ITEM() 
RATIONAL_B_SPLINE_CURVE((1.,0.333333333333,0.333333333333,1.)) 
REPRESENTATION_ITEM('') );
#7854 = CARTESIAN_POINT('',(0.7,1.4,1.3));
#7855 = CARTESIAN_POINT('',(0.7,1.7,1.3));
#7856 = CARTESIAN_POINT('',(1.,1.7,1.3));
#7857 = CARTESIAN_POINT('',(1.,1.4,1.3));
#7858 = ( BOUNDED_SURFACE() B_SPLINE_SURFACE(3,3,(
    (#7859,#7860,#7861,#7862)
    ,(#7863,#7864,#7865,#7866)
    ,(#7867,#7868,#7869,#7870)
    ,(#7871,#7872,#7873,#7874
)),.UNSPECIFIED.,.F.,.F.,.F.) B_SPLINE_SURFACE_WITH_KNOTS((4,4),(4,4),(
    0.E+000,1.),(0.E+000,1.),.PIECEWISE_BEZIER_KNOTS.) 
GEOMETRIC_REPRESENTATION_ITEM() RATIONAL_B_SPLINE_SURFACE((
    (1.,0.333333333333,0.333333333333,1.)
    ,(0.804737854124,0.268245951375,0.268245951375,0.804737854124)
    ,(0.804737854124,0.268245951375,0.268245951375,0.804737854124)
,(1.,0.333333333333,0.333333333333,1.
))) REPRESENTATION_ITEM('') SURFACE() );
#7859 = CARTESIAN_POINT('',(0.6,1.4,1.2));
#7860 = CARTESIAN_POINT('',(0.6,1.9,1.2));
#7861 = CARTESIAN_POINT('',(1.1,1.9,1.2));
#7862 = CARTESIAN_POINT('',(1.1,1.4,1.2));
#7863 = CARTESIAN_POINT('',(0.6,1.4,1.258578643763));
#7864 = CARTESIAN_POINT('',(0.6,1.9,1.258578643763));
#7865 = CARTESIAN_POINT('',(1.1,1.9,1.258578643763));
#7866 = CARTESIAN_POINT('',(1.1,1.4,1.258578643763));
#7867 = CARTESIAN_POINT('',(0.641421356237,1.4,1.3));
#7868 = CARTESIAN_POINT('',(0.641421356237,1.817157287525,1.3));
#7869 = CARTESIAN_POINT('',(1.058578643763,1.817157287525,1.3));
#7870 = CARTESIAN_POINT('',(1.058578643763,1.4,1.3));
#7871 = CARTESIAN_POINT('',(0.7,1.4,1.3));
#7872 = CARTESIAN_POINT('',(0.7,1.7,1.3));
#7873 = CARTESIAN_POINT('',(1.,1.7,1.3));
#7874 = CARTESIAN_POINT('',(1.,1.4,1.3));
#7875 = ADVANCED_FACE('',(#7876),#7887,.F.);
#7876 = FACE_BOUND('',#7877,.T.);
#7877 = EDGE_LOOP('',(#7878,#7884,#7885,#7886));
#7878 = ORIENTED_EDGE('',*,*,#7879,.F.);
#7879 = EDGE_CURVE('',#6938,#7002,#7880,.T.);
#7880 = LINE('',#7881,#7882);
#7881 = CARTESIAN_POINT('',(1.2272645986,5.E-002,0.4));
#7882 = VECTOR('',#7883,1.);
#7883 = DIRECTION('',(1.,0.E+000,-0.E+000));
#7884 = ORIENTED_EDGE('',*,*,#6954,.T.);
#7885 = ORIENTED_EDGE('',*,*,#7747,.T.);
#7886 = ORIENTED_EDGE('',*,*,#7009,.T.);
#7887 = PLANE('',#7888);
#7888 = AXIS2_PLACEMENT_3D('',#7889,#7890,#7891);
#7889 = CARTESIAN_POINT('',(1.2272645986,0.2,0.4));
#7890 = DIRECTION('',(0.E+000,0.E+000,1.));
#7891 = DIRECTION('',(1.,0.E+000,-0.E+000));
#7892 = ADVANCED_FACE('',(#7893),#7912,.T.);
#7893 = FACE_BOUND('',#7894,.T.);
#7894 = EDGE_LOOP('',(#7895,#7896,#7897,#7906));
#7895 = ORIENTED_EDGE('',*,*,#6978,.F.);
#7896 = ORIENTED_EDGE('',*,*,#6937,.T.);
#7897 = ORIENTED_EDGE('',*,*,#7898,.T.);
#7898 = EDGE_CURVE('',#6938,#7899,#7901,.T.);
#7899 = VERTEX_POINT('',#7900);
#7900 = CARTESIAN_POINT('',(0.4772645986,-1.355252715607E-017,0.45));
#7901 = ( BOUNDED_CURVE() B_SPLINE_CURVE(3,(#7902,#7903,#7904,#7905),
.UNSPECIFIED.,.F.,.F.) B_SPLINE_CURVE_WITH_KNOTS((4,4),(0.E+000,
1.570796326795),.PIECEWISE_BEZIER_KNOTS.) CURVE() 
GEOMETRIC_REPRESENTATION_ITEM() RATIONAL_B_SPLINE_CURVE((1.,
0.804737854124,0.804737854124,1.)) REPRESENTATION_ITEM('') );
#7902 = CARTESIAN_POINT('',(0.4272645986,5.E-002,0.4));
#7903 = CARTESIAN_POINT('',(0.4272645986,2.071067811865E-002,0.4));
#7904 = CARTESIAN_POINT('',(0.447975276719,-2.531160059758E-017,
    0.420710678119));
#7905 = CARTESIAN_POINT('',(0.4772645986,-1.355252715607E-017,0.45));
#7906 = ORIENTED_EDGE('',*,*,#7907,.T.);
#7907 = EDGE_CURVE('',#7899,#6979,#7908,.T.);
#7908 = LINE('',#7909,#7910);
#7909 = CARTESIAN_POINT('',(0.4772645986,-2.710505431214E-017,0.4));
#7910 = VECTOR('',#7911,1.);
#7911 = DIRECTION('',(-2.168404344971E-016,-0.E+000,1.));
#7912 = CYLINDRICAL_SURFACE('',#7913,5.E-002);
#7913 = AXIS2_PLACEMENT_3D('',#7914,#7915,#7916);
#7914 = CARTESIAN_POINT('',(0.4772645986,5.E-002,0.4));
#7915 = DIRECTION('',(2.168404344971E-016,0.E+000,-1.));
#7916 = DIRECTION('',(-1.,0.E+000,-2.168404344971E-016));
#7917 = ADVANCED_FACE('',(#7918),#7937,.T.);
#7918 = FACE_BOUND('',#7919,.T.);
#7919 = EDGE_LOOP('',(#7920,#7921,#7929,#7936));
#7920 = ORIENTED_EDGE('',*,*,#6968,.F.);
#7921 = ORIENTED_EDGE('',*,*,#7922,.T.);
#7922 = EDGE_CURVE('',#6969,#7923,#7925,.T.);
#7923 = VERTEX_POINT('',#7924);
#7924 = CARTESIAN_POINT('',(1.1772645986,4.065758146821E-017,0.45));
#7925 = LINE('',#7926,#7927);
#7926 = CARTESIAN_POINT('',(1.1772645986,8.131516293641E-017,0.9));
#7927 = VECTOR('',#7928,1.);
#7928 = DIRECTION('',(-0.E+000,-0.E+000,-1.));
#7929 = ORIENTED_EDGE('',*,*,#7930,.T.);
#7930 = EDGE_CURVE('',#7923,#7002,#7931,.T.);
#7931 = ( BOUNDED_CURVE() B_SPLINE_CURVE(3,(#7932,#7933,#7934,#7935),
.UNSPECIFIED.,.F.,.F.) B_SPLINE_CURVE_WITH_KNOTS((4,4),(1.570796326795,
3.14159265359),.PIECEWISE_BEZIER_KNOTS.) CURVE() 
GEOMETRIC_REPRESENTATION_ITEM() RATIONAL_B_SPLINE_CURVE((1.,
0.804737854124,0.804737854124,1.)) REPRESENTATION_ITEM('') );
#7932 = CARTESIAN_POINT('',(1.1772645986,4.065758146821E-017,0.45));
#7933 = CARTESIAN_POINT('',(1.206553920481,2.585705594232E-017,
    0.420710678119));
#7934 = CARTESIAN_POINT('',(1.2272645986,2.071067811865E-002,0.4));
#7935 = CARTESIAN_POINT('',(1.2272645986,5.E-002,0.4));
#7936 = ORIENTED_EDGE('',*,*,#7001,.T.);
#7937 = CYLINDRICAL_SURFACE('',#7938,5.E-002);
#7938 = AXIS2_PLACEMENT_3D('',#7939,#7940,#7941);
#7939 = CARTESIAN_POINT('',(1.1772645986,5.E-002,0.9));
#7940 = DIRECTION('',(0.E+000,0.E+000,1.));
#7941 = DIRECTION('',(1.,0.E+000,-0.E+000));
#7942 = ADVANCED_FACE('',(#7943),#7954,.T.);
#7943 = FACE_BOUND('',#7944,.T.);
#7944 = EDGE_LOOP('',(#7945,#7946,#7952,#7953));
#7945 = ORIENTED_EDGE('',*,*,#7907,.F.);
#7946 = ORIENTED_EDGE('',*,*,#7947,.T.);
#7947 = EDGE_CURVE('',#7899,#7923,#7948,.T.);
#7948 = LINE('',#7949,#7950);
#7949 = CARTESIAN_POINT('',(0.E+000,0.E+000,0.45));
#7950 = VECTOR('',#7951,1.);
#7951 = DIRECTION('',(1.,0.E+000,0.E+000));
#7952 = ORIENTED_EDGE('',*,*,#7922,.F.);
#7953 = ORIENTED_EDGE('',*,*,#6987,.F.);
#7954 = PLANE('',#7955);
#7955 = AXIS2_PLACEMENT_3D('',#7956,#7957,#7958);
#7956 = CARTESIAN_POINT('',(0.E+000,0.E+000,0.E+000));
#7957 = DIRECTION('',(0.E+000,-1.,0.E+000));
#7958 = DIRECTION('',(0.E+000,-0.E+000,-1.));
#7959 = ADVANCED_FACE('',(#7960),#7975,.F.);
#7960 = FACE_BOUND('',#7961,.T.);
#7961 = EDGE_LOOP('',(#7962,#7963,#7964,#7965,#7972,#7973,#7974));
#7962 = ORIENTED_EDGE('',*,*,#7063,.F.);
#7963 = ORIENTED_EDGE('',*,*,#7032,.F.);
#7964 = ORIENTED_EDGE('',*,*,#7738,.T.);
#7965 = ORIENTED_EDGE('',*,*,#7966,.F.);
#7966 = EDGE_CURVE('',#7136,#7731,#7967,.T.);
#7967 = CIRCLE('',#7968,5.E-002);
#7968 = AXIS2_PLACEMENT_3D('',#7969,#7970,#7971);
#7969 = CARTESIAN_POINT('',(1.875,0.25,0.8));
#7970 = DIRECTION('',(0.E+000,-0.E+000,-1.));
#7971 = DIRECTION('',(1.,-2.168404344971E-015,0.E+000));
#7972 = ORIENTED_EDGE('',*,*,#7135,.T.);
#7973 = ORIENTED_EDGE('',*,*,#7112,.F.);
#7974 = ORIENTED_EDGE('',*,*,#7087,.F.);
#7975 = PLANE('',#7976);
#7976 = AXIS2_PLACEMENT_3D('',#7977,#7978,#7979);
#7977 = CARTESIAN_POINT('',(0.E+000,0.E+000,0.8));
#7978 = DIRECTION('',(0.E+000,0.E+000,1.));
#7979 = DIRECTION('',(1.,0.E+000,-0.E+000));
#7980 = ADVANCED_FACE('',(#7981),#7993,.T.);
#7981 = FACE_BOUND('',#7982,.T.);
#7982 = EDGE_LOOP('',(#7983,#7990,#7991,#7992));
#7983 = ORIENTED_EDGE('',*,*,#7984,.T.);
#7984 = EDGE_CURVE('',#7723,#7144,#7985,.T.);
#7985 = CIRCLE('',#7986,5.E-002);
#7986 = AXIS2_PLACEMENT_3D('',#7987,#7988,#7989);
#7987 = CARTESIAN_POINT('',(1.875,0.25,-0.85));
#7988 = DIRECTION('',(0.E+000,0.E+000,1.));
#7989 = DIRECTION('',(1.,0.E+000,-0.E+000));
#7990 = ORIENTED_EDGE('',*,*,#7143,.T.);
#7991 = ORIENTED_EDGE('',*,*,#7966,.T.);
#7992 = ORIENTED_EDGE('',*,*,#7730,.T.);
#7993 = CYLINDRICAL_SURFACE('',#7994,5.E-002);
#7994 = AXIS2_PLACEMENT_3D('',#7995,#7996,#7997);
#7995 = CARTESIAN_POINT('',(1.875,0.25,0.E+000));
#7996 = DIRECTION('',(0.E+000,0.E+000,1.));
#7997 = DIRECTION('',(1.,0.E+000,-0.E+000));
#7998 = ADVANCED_FACE('',(#7999),#8025,.F.);
#7999 = FACE_BOUND('',#8000,.T.);
#8000 = EDGE_LOOP('',(#8001,#8010,#8018,#8024));
#8001 = ORIENTED_EDGE('',*,*,#8002,.F.);
#8002 = EDGE_CURVE('',#8003,#7152,#8005,.T.);
#8003 = VERTEX_POINT('',#8004);
#8004 = CARTESIAN_POINT('',(1.921457630015,1.7,-0.868484821161));
#8005 = CIRCLE('',#8006,5.E-002);
#8006 = AXIS2_PLACEMENT_3D('',#8007,#8008,#8009);
#8007 = CARTESIAN_POINT('',(1.875,1.7,-0.85));
#8008 = DIRECTION('',(0.E+000,-1.,0.E+000));
#8009 = DIRECTION('',(0.E+000,0.E+000,-1.));
#8010 = ORIENTED_EDGE('',*,*,#8011,.F.);
#8011 = EDGE_CURVE('',#8012,#8003,#8014,.T.);
#8012 = VERTEX_POINT('',#8013);
#8013 = CARTESIAN_POINT('',(1.921457630015,1.7,0.1));
#8014 = LINE('',#8015,#8016);
#8015 = CARTESIAN_POINT('',(1.921457630015,1.7,0.1));
#8016 = VECTOR('',#8017,1.);
#8017 = DIRECTION('',(0.E+000,-0.E+000,-1.));
#8018 = ORIENTED_EDGE('',*,*,#8019,.F.);
#8019 = EDGE_CURVE('',#7160,#8012,#8020,.T.);
#8020 = LINE('',#8021,#8022);
#8021 = CARTESIAN_POINT('',(2.325,1.7,0.1));
#8022 = VECTOR('',#8023,1.);
#8023 = DIRECTION('',(-1.,-0.E+000,-0.E+000));
#8024 = ORIENTED_EDGE('',*,*,#7159,.T.);
#8025 = PLANE('',#8026);
#8026 = AXIS2_PLACEMENT_3D('',#8027,#8028,#8029);
#8027 = CARTESIAN_POINT('',(2.325,1.7,0.1));
#8028 = DIRECTION('',(0.E+000,-1.,0.E+000));
#8029 = DIRECTION('',(0.E+000,-0.E+000,-1.));
#8030 = ADVANCED_FACE('',(#8031),#8065,.F.);
#8031 = FACE_BOUND('',#8032,.T.);
#8032 = EDGE_LOOP('',(#8033,#8043,#8049,#8050,#8051,#8059));
#8033 = ORIENTED_EDGE('',*,*,#8034,.F.);
#8034 = EDGE_CURVE('',#8035,#8037,#8039,.T.);
#8035 = VERTEX_POINT('',#8036);
#8036 = CARTESIAN_POINT('',(2.275,1.75,0.1));
#8037 = VERTEX_POINT('',#8038);
#8038 = CARTESIAN_POINT('',(2.275,2.286578816939,1.E-001));
#8039 = LINE('',#8040,#8041);
#8040 = CARTESIAN_POINT('',(2.275,0.E+000,0.1));
#8041 = VECTOR('',#8042,1.);
#8042 = DIRECTION('',(-0.E+000,1.,0.E+000));
#8043 = ORIENTED_EDGE('',*,*,#8044,.F.);
#8044 = EDGE_CURVE('',#7168,#8035,#8045,.T.);
#8045 = LINE('',#8046,#8047);
#8046 = CARTESIAN_POINT('',(0.E+000,1.75,0.1));
#8047 = VECTOR('',#8048,1.);
#8048 = DIRECTION('',(1.,0.E+000,-0.E+000));
#8049 = ORIENTED_EDGE('',*,*,#7167,.T.);
#8050 = ORIENTED_EDGE('',*,*,#8019,.T.);
#8051 = ORIENTED_EDGE('',*,*,#8052,.F.);
#8052 = EDGE_CURVE('',#8053,#8012,#8055,.T.);
#8053 = VERTEX_POINT('',#8054);
#8054 = CARTESIAN_POINT('',(1.921457630015,2.286578816939,0.1));
#8055 = LINE('',#8056,#8057);
#8056 = CARTESIAN_POINT('',(1.921457630015,0.E+000,0.1));
#8057 = VECTOR('',#8058,1.);
#8058 = DIRECTION('',(0.E+000,-1.,-0.E+000));
#8059 = ORIENTED_EDGE('',*,*,#8060,.T.);
#8060 = EDGE_CURVE('',#8053,#8037,#8061,.T.);
#8061 = LINE('',#8062,#8063);
#8062 = CARTESIAN_POINT('',(2.325,2.286578816939,0.1));
#8063 = VECTOR('',#8064,1.);
#8064 = DIRECTION('',(1.,0.E+000,-0.E+000));
#8065 = PLANE('',#8066);
#8066 = AXIS2_PLACEMENT_3D('',#8067,#8068,#8069);
#8067 = CARTESIAN_POINT('',(0.E+000,0.E+000,0.1));
#8068 = DIRECTION('',(0.E+000,0.E+000,1.));
#8069 = DIRECTION('',(1.,0.E+000,-0.E+000));
#8070 = ADVANCED_FACE('',(#8071),#8083,.T.);
#8071 = FACE_BOUND('',#8072,.T.);
#8072 = EDGE_LOOP('',(#8073,#8080,#8081,#8082));
#8073 = ORIENTED_EDGE('',*,*,#8074,.T.);
#8074 = EDGE_CURVE('',#8035,#7203,#8075,.T.);
#8075 = CIRCLE('',#8076,5.E-002);
#8076 = AXIS2_PLACEMENT_3D('',#8077,#8078,#8079);
#8077 = CARTESIAN_POINT('',(2.275,1.75,0.15));
#8078 = DIRECTION('',(-1.,-0.E+000,-0.E+000));
#8079 = DIRECTION('',(0.E+000,0.E+000,-1.));
#8080 = ORIENTED_EDGE('',*,*,#7202,.F.);
#8081 = ORIENTED_EDGE('',*,*,#7175,.T.);
#8082 = ORIENTED_EDGE('',*,*,#8044,.T.);
#8083 = CYLINDRICAL_SURFACE('',#8084,5.E-002);
#8084 = AXIS2_PLACEMENT_3D('',#8085,#8086,#8087);
#8085 = CARTESIAN_POINT('',(0.E+000,1.75,0.15));
#8086 = DIRECTION('',(1.,0.E+000,0.E+000));
#8087 = DIRECTION('',(0.E+000,0.E+000,-1.));
#8088 = ADVANCED_FACE('',(#8089),#8108,.T.);
#8089 = FACE_BOUND('',#8090,.T.);
#8090 = EDGE_LOOP('',(#8091,#8100,#8106,#8107));
#8091 = ORIENTED_EDGE('',*,*,#8092,.T.);
#8092 = EDGE_CURVE('',#7203,#8093,#8095,.T.);
#8093 = VERTEX_POINT('',#8094);
#8094 = CARTESIAN_POINT('',(2.325,1.75,0.15));
#8095 = CIRCLE('',#8096,5.E-002);
#8096 = AXIS2_PLACEMENT_3D('',#8097,#8098,#8099);
#8097 = CARTESIAN_POINT('',(2.275,1.75,0.15));
#8098 = DIRECTION('',(2.409338161079E-016,0.E+000,1.));
#8099 = DIRECTION('',(1.,0.E+000,-2.409338161079E-016));
#8100 = ORIENTED_EDGE('',*,*,#8101,.F.);
#8101 = EDGE_CURVE('',#7225,#8093,#8102,.T.);
#8102 = LINE('',#8103,#8104);
#8103 = CARTESIAN_POINT('',(2.325,1.75,0.9));
#8104 = VECTOR('',#8105,1.);
#8105 = DIRECTION('',(-2.409338161079E-016,0.E+000,-1.));
#8106 = ORIENTED_EDGE('',*,*,#7224,.F.);
#8107 = ORIENTED_EDGE('',*,*,#7210,.F.);
#8108 = CYLINDRICAL_SURFACE('',#8109,5.E-002);
#8109 = AXIS2_PLACEMENT_3D('',#8110,#8111,#8112);
#8110 = CARTESIAN_POINT('',(2.275,1.75,-5.481244316454E-016));
#8111 = DIRECTION('',(2.409338161079E-016,0.E+000,1.));
#8112 = DIRECTION('',(1.,0.E+000,-2.409338161079E-016));
#8113 = ADVANCED_FACE('',(#8114),#8139,.F.);
#8114 = FACE_BOUND('',#8115,.T.);
#8115 = EDGE_LOOP('',(#8116,#8124,#8132,#8138));
#8116 = ORIENTED_EDGE('',*,*,#8117,.F.);
#8117 = EDGE_CURVE('',#8118,#7276,#8120,.T.);
#8118 = VERTEX_POINT('',#8119);
#8119 = CARTESIAN_POINT('',(1.640237755554,2.6,-0.28005829942));
#8120 = LINE('',#8121,#8122);
#8121 = CARTESIAN_POINT('',(1.640237755554,2.6,-0.28005829942));
#8122 = VECTOR('',#8123,1.);
#8123 = DIRECTION('',(-0.E+000,-1.,0.E+000));
#8124 = ORIENTED_EDGE('',*,*,#8125,.F.);
#8125 = EDGE_CURVE('',#8126,#8118,#8128,.T.);
#8126 = VERTEX_POINT('',#8127);
#8127 = CARTESIAN_POINT('',(1.640237755554,2.6,0.266237802473));
#8128 = LINE('',#8129,#8130);
#8129 = CARTESIAN_POINT('',(1.640237755554,2.6,0.266237802473));
#8130 = VECTOR('',#8131,1.);
#8131 = DIRECTION('',(-0.E+000,-0.E+000,-1.));
#8132 = ORIENTED_EDGE('',*,*,#8133,.F.);
#8133 = EDGE_CURVE('',#7260,#8126,#8134,.T.);
#8134 = LINE('',#8135,#8136);
#8135 = CARTESIAN_POINT('',(1.640237755554,2.6,0.266237802473));
#8136 = VECTOR('',#8137,1.);
#8137 = DIRECTION('',(0.E+000,1.,-0.E+000));
#8138 = ORIENTED_EDGE('',*,*,#7283,.T.);
#8139 = PLANE('',#8140);
#8140 = AXIS2_PLACEMENT_3D('',#8141,#8142,#8143);
#8141 = CARTESIAN_POINT('',(1.640237755554,2.6,0.266237802473));
#8142 = DIRECTION('',(-1.,0.E+000,0.E+000));
#8143 = DIRECTION('',(0.E+000,0.E+000,1.));
#8144 = ADVANCED_FACE('',(#8145),#8163,.F.);
#8145 = FACE_BOUND('',#8146,.T.);
#8146 = EDGE_LOOP('',(#8147,#8148,#8156,#8162));
#8147 = ORIENTED_EDGE('',*,*,#8133,.T.);
#8148 = ORIENTED_EDGE('',*,*,#8149,.F.);
#8149 = EDGE_CURVE('',#8150,#8126,#8152,.T.);
#8150 = VERTEX_POINT('',#8151);
#8151 = CARTESIAN_POINT('',(1.453108704077,2.6,0.266237802473));
#8152 = LINE('',#8153,#8154);
#8153 = CARTESIAN_POINT('',(1.640237755554,2.6,0.266237802473));
#8154 = VECTOR('',#8155,1.);
#8155 = DIRECTION('',(1.,-0.E+000,0.E+000));
#8156 = ORIENTED_EDGE('',*,*,#8157,.F.);
#8157 = EDGE_CURVE('',#7258,#8150,#8158,.T.);
#8158 = LINE('',#8159,#8160);
#8159 = CARTESIAN_POINT('',(1.453108704077,2.6,0.266237802473));
#8160 = VECTOR('',#8161,1.);
#8161 = DIRECTION('',(0.E+000,1.,0.E+000));
#8162 = ORIENTED_EDGE('',*,*,#7257,.T.);
#8163 = PLANE('',#8164);
#8164 = AXIS2_PLACEMENT_3D('',#8165,#8166,#8167);
#8165 = CARTESIAN_POINT('',(1.640237755554,2.6,0.266237802473));
#8166 = DIRECTION('',(0.E+000,0.E+000,-1.));
#8167 = DIRECTION('',(-1.,0.E+000,-0.E+000));
#8168 = ADVANCED_FACE('',(#8169),#8187,.F.);
#8169 = FACE_BOUND('',#8170,.T.);
#8170 = EDGE_LOOP('',(#8171,#8172,#8180,#8186));
#8171 = ORIENTED_EDGE('',*,*,#8157,.T.);
#8172 = ORIENTED_EDGE('',*,*,#8173,.F.);
#8173 = EDGE_CURVE('',#8174,#8150,#8176,.T.);
#8174 = VERTEX_POINT('',#8175);
#8175 = CARTESIAN_POINT('',(1.453108704077,2.6,-0.28005829942));
#8176 = LINE('',#8177,#8178);
#8177 = CARTESIAN_POINT('',(1.453108704077,2.6,0.266237802473));
#8178 = VECTOR('',#8179,1.);
#8179 = DIRECTION('',(-0.E+000,-0.E+000,1.));
#8180 = ORIENTED_EDGE('',*,*,#8181,.F.);
#8181 = EDGE_CURVE('',#7268,#8174,#8182,.T.);
#8182 = LINE('',#8183,#8184);
#8183 = CARTESIAN_POINT('',(1.453108704077,2.6,-0.28005829942));
#8184 = VECTOR('',#8185,1.);
#8185 = DIRECTION('',(0.E+000,1.,0.E+000));
#8186 = ORIENTED_EDGE('',*,*,#7267,.T.);
#8187 = PLANE('',#8188);
#8188 = AXIS2_PLACEMENT_3D('',#8189,#8190,#8191);
#8189 = CARTESIAN_POINT('',(1.453108704077,2.6,0.266237802473));
#8190 = DIRECTION('',(1.,-0.E+000,0.E+000));
#8191 = DIRECTION('',(0.E+000,0.E+000,-1.));
#8192 = ADVANCED_FACE('',(#8193),#8204,.F.);
#8193 = FACE_BOUND('',#8194,.T.);
#8194 = EDGE_LOOP('',(#8195,#8196,#8202,#8203));
#8195 = ORIENTED_EDGE('',*,*,#8181,.T.);
#8196 = ORIENTED_EDGE('',*,*,#8197,.F.);
#8197 = EDGE_CURVE('',#8118,#8174,#8198,.T.);
#8198 = LINE('',#8199,#8200);
#8199 = CARTESIAN_POINT('',(1.640237755554,2.6,-0.28005829942));
#8200 = VECTOR('',#8201,1.);
#8201 = DIRECTION('',(-1.,-0.E+000,0.E+000));
#8202 = ORIENTED_EDGE('',*,*,#8117,.T.);
#8203 = ORIENTED_EDGE('',*,*,#7275,.T.);
#8204 = PLANE('',#8205);
#8205 = AXIS2_PLACEMENT_3D('',#8206,#8207,#8208);
#8206 = CARTESIAN_POINT('',(1.640237755554,2.6,-0.28005829942));
#8207 = DIRECTION('',(0.E+000,0.E+000,1.));
#8208 = DIRECTION('',(1.,0.E+000,-0.E+000));
#8209 = ADVANCED_FACE('',(#8210),#8235,.F.);
#8210 = FACE_BOUND('',#8211,.T.);
#8211 = EDGE_LOOP('',(#8212,#8220,#8228,#8234));
#8212 = ORIENTED_EDGE('',*,*,#8213,.F.);
#8213 = EDGE_CURVE('',#8214,#7345,#8216,.T.);
#8214 = VERTEX_POINT('',#8215);
#8215 = CARTESIAN_POINT('',(-0.9,3.4,-0.5));
#8216 = LINE('',#8217,#8218);
#8217 = CARTESIAN_POINT('',(-0.9,3.5,-0.5));
#8218 = VECTOR('',#8219,1.);
#8219 = DIRECTION('',(-0.E+000,-1.,-0.E+000));
#8220 = ORIENTED_EDGE('',*,*,#8221,.F.);
#8221 = EDGE_CURVE('',#8222,#8214,#8224,.T.);
#8222 = VERTEX_POINT('',#8223);
#8223 = CARTESIAN_POINT('',(0.9,3.4,-0.5));
#8224 = LINE('',#8225,#8226);
#8225 = CARTESIAN_POINT('',(1.,3.4,-0.5));
#8226 = VECTOR('',#8227,1.);
#8227 = DIRECTION('',(-1.,-0.E+000,1.084202172486E-016));
#8228 = ORIENTED_EDGE('',*,*,#8229,.F.);
#8229 = EDGE_CURVE('',#7294,#8222,#8230,.T.);
#8230 = LINE('',#8231,#8232);
#8231 = CARTESIAN_POINT('',(0.9,3.5,-0.5));
#8232 = VECTOR('',#8233,1.);
#8233 = DIRECTION('',(0.E+000,1.,0.E+000));
#8234 = ORIENTED_EDGE('',*,*,#7353,.T.);
#8235 = PLANE('',#8236);
#8236 = AXIS2_PLACEMENT_3D('',#8237,#8238,#8239);
#8237 = CARTESIAN_POINT('',(1.,3.5,-0.5));
#8238 = DIRECTION('',(1.084202172486E-016,-0.E+000,1.));
#8239 = DIRECTION('',(1.,0.E+000,-1.084202172486E-016));
#8240 = ADVANCED_FACE('',(#8241),#8260,.T.);
#8241 = FACE_BOUND('',#8242,.T.);
#8242 = EDGE_LOOP('',(#8243,#8252,#8258,#8259));
#8243 = ORIENTED_EDGE('',*,*,#8244,.T.);
#8244 = EDGE_CURVE('',#8222,#8245,#8247,.T.);
#8245 = VERTEX_POINT('',#8246);
#8246 = CARTESIAN_POINT('',(1.,3.4,-0.4));
#8247 = CIRCLE('',#8248,1.E-001);
#8248 = AXIS2_PLACEMENT_3D('',#8249,#8250,#8251);
#8249 = CARTESIAN_POINT('',(0.9,3.4,-0.4));
#8250 = DIRECTION('',(0.E+000,-1.,0.E+000));
#8251 = DIRECTION('',(0.E+000,0.E+000,-1.));
#8252 = ORIENTED_EDGE('',*,*,#8253,.T.);
#8253 = EDGE_CURVE('',#8245,#7292,#8254,.T.);
#8254 = LINE('',#8255,#8256);
#8255 = CARTESIAN_POINT('',(1.,3.5,-0.4));
#8256 = VECTOR('',#8257,1.);
#8257 = DIRECTION('',(0.E+000,-1.,0.E+000));
#8258 = ORIENTED_EDGE('',*,*,#7291,.T.);
#8259 = ORIENTED_EDGE('',*,*,#8229,.T.);
#8260 = CYLINDRICAL_SURFACE('',#8261,1.E-001);
#8261 = AXIS2_PLACEMENT_3D('',#8262,#8263,#8264);
#8262 = CARTESIAN_POINT('',(0.9,3.5,-0.4));
#8263 = DIRECTION('',(0.E+000,-1.,0.E+000));
#8264 = DIRECTION('',(0.E+000,0.E+000,-1.));
#8265 = ADVANCED_FACE('',(#8266),#8284,.F.);
#8266 = FACE_BOUND('',#8267,.T.);
#8267 = EDGE_LOOP('',(#8268,#8276,#8277,#8278));
#8268 = ORIENTED_EDGE('',*,*,#8269,.F.);
#8269 = EDGE_CURVE('',#7303,#8270,#8272,.T.);
#8270 = VERTEX_POINT('',#8271);
#8271 = CARTESIAN_POINT('',(1.,3.4,0.4));
#8272 = LINE('',#8273,#8274);
#8273 = CARTESIAN_POINT('',(1.,3.5,0.4));
#8274 = VECTOR('',#8275,1.);
#8275 = DIRECTION('',(0.E+000,1.,-0.E+000));
#8276 = ORIENTED_EDGE('',*,*,#7302,.T.);
#8277 = ORIENTED_EDGE('',*,*,#8253,.F.);
#8278 = ORIENTED_EDGE('',*,*,#8279,.F.);
#8279 = EDGE_CURVE('',#8270,#8245,#8280,.T.);
#8280 = LINE('',#8281,#8282);
#8281 = CARTESIAN_POINT('',(1.,3.4,0.5));
#8282 = VECTOR('',#8283,1.);
#8283 = DIRECTION('',(-0.E+000,-0.E+000,-1.));
#8284 = PLANE('',#8285);
#8285 = AXIS2_PLACEMENT_3D('',#8286,#8287,#8288);
#8286 = CARTESIAN_POINT('',(1.,3.5,0.5));
#8287 = DIRECTION('',(-1.,0.E+000,0.E+000));
#8288 = DIRECTION('',(0.E+000,0.E+000,1.));
#8289 = ADVANCED_FACE('',(#8290),#8309,.T.);
#8290 = FACE_BOUND('',#8291,.T.);
#8291 = EDGE_LOOP('',(#8292,#8301,#8307,#8308));
#8292 = ORIENTED_EDGE('',*,*,#8293,.T.);
#8293 = EDGE_CURVE('',#8270,#8294,#8296,.T.);
#8294 = VERTEX_POINT('',#8295);
#8295 = CARTESIAN_POINT('',(0.9,3.4,0.5));
#8296 = CIRCLE('',#8297,1.E-001);
#8297 = AXIS2_PLACEMENT_3D('',#8298,#8299,#8300);
#8298 = CARTESIAN_POINT('',(0.9,3.4,0.4));
#8299 = DIRECTION('',(0.E+000,-1.,0.E+000));
#8300 = DIRECTION('',(0.E+000,0.E+000,-1.));
#8301 = ORIENTED_EDGE('',*,*,#8302,.T.);
#8302 = EDGE_CURVE('',#8294,#7311,#8303,.T.);
#8303 = LINE('',#8304,#8305);
#8304 = CARTESIAN_POINT('',(0.9,3.5,0.5));
#8305 = VECTOR('',#8306,1.);
#8306 = DIRECTION('',(0.E+000,-1.,0.E+000));
#8307 = ORIENTED_EDGE('',*,*,#7310,.T.);
#8308 = ORIENTED_EDGE('',*,*,#8269,.T.);
#8309 = CYLINDRICAL_SURFACE('',#8310,1.E-001);
#8310 = AXIS2_PLACEMENT_3D('',#8311,#8312,#8313);
#8311 = CARTESIAN_POINT('',(0.9,3.5,0.4));
#8312 = DIRECTION('',(0.E+000,-1.,0.E+000));
#8313 = DIRECTION('',(0.E+000,0.E+000,-1.));
#8314 = ADVANCED_FACE('',(#8315),#8333,.F.);
#8315 = FACE_BOUND('',#8316,.T.);
#8316 = EDGE_LOOP('',(#8317,#8325,#8326,#8327));
#8317 = ORIENTED_EDGE('',*,*,#8318,.F.);
#8318 = EDGE_CURVE('',#7320,#8319,#8321,.T.);
#8319 = VERTEX_POINT('',#8320);
#8320 = CARTESIAN_POINT('',(-0.9,3.4,0.5));
#8321 = LINE('',#8322,#8323);
#8322 = CARTESIAN_POINT('',(-0.9,3.5,0.5));
#8323 = VECTOR('',#8324,1.);
#8324 = DIRECTION('',(0.E+000,1.,0.E+000));
#8325 = ORIENTED_EDGE('',*,*,#7319,.T.);
#8326 = ORIENTED_EDGE('',*,*,#8302,.F.);
#8327 = ORIENTED_EDGE('',*,*,#8328,.F.);
#8328 = EDGE_CURVE('',#8319,#8294,#8329,.T.);
#8329 = LINE('',#8330,#8331);
#8330 = CARTESIAN_POINT('',(-1.,3.4,0.5));
#8331 = VECTOR('',#8332,1.);
#8332 = DIRECTION('',(1.,-0.E+000,0.E+000));
#8333 = PLANE('',#8334);
#8334 = AXIS2_PLACEMENT_3D('',#8335,#8336,#8337);
#8335 = CARTESIAN_POINT('',(-1.,3.5,0.5));
#8336 = DIRECTION('',(0.E+000,0.E+000,-1.));
#8337 = DIRECTION('',(-1.,0.E+000,-0.E+000));
#8338 = ADVANCED_FACE('',(#8339),#8358,.T.);
#8339 = FACE_BOUND('',#8340,.T.);
#8340 = EDGE_LOOP('',(#8341,#8350,#8356,#8357));
#8341 = ORIENTED_EDGE('',*,*,#8342,.T.);
#8342 = EDGE_CURVE('',#8319,#8343,#8345,.T.);
#8343 = VERTEX_POINT('',#8344);
#8344 = CARTESIAN_POINT('',(-1.,3.4,0.4));
#8345 = CIRCLE('',#8346,1.E-001);
#8346 = AXIS2_PLACEMENT_3D('',#8347,#8348,#8349);
#8347 = CARTESIAN_POINT('',(-0.9,3.4,0.4));
#8348 = DIRECTION('',(0.E+000,-1.,0.E+000));
#8349 = DIRECTION('',(0.E+000,0.E+000,-1.));
#8350 = ORIENTED_EDGE('',*,*,#8351,.T.);
#8351 = EDGE_CURVE('',#8343,#7328,#8352,.T.);
#8352 = LINE('',#8353,#8354);
#8353 = CARTESIAN_POINT('',(-1.,3.5,0.4));
#8354 = VECTOR('',#8355,1.);
#8355 = DIRECTION('',(0.E+000,-1.,0.E+000));
#8356 = ORIENTED_EDGE('',*,*,#7327,.T.);
#8357 = ORIENTED_EDGE('',*,*,#8318,.T.);
#8358 = CYLINDRICAL_SURFACE('',#8359,1.E-001);
#8359 = AXIS2_PLACEMENT_3D('',#8360,#8361,#8362);
#8360 = CARTESIAN_POINT('',(-0.9,3.5,0.4));
#8361 = DIRECTION('',(0.E+000,-1.,0.E+000));
#8362 = DIRECTION('',(0.E+000,0.E+000,-1.));
#8363 = ADVANCED_FACE('',(#8364),#8382,.F.);
#8364 = FACE_BOUND('',#8365,.T.);
#8365 = EDGE_LOOP('',(#8366,#8374,#8375,#8376));
#8366 = ORIENTED_EDGE('',*,*,#8367,.F.);
#8367 = EDGE_CURVE('',#7337,#8368,#8370,.T.);
#8368 = VERTEX_POINT('',#8369);
#8369 = CARTESIAN_POINT('',(-1.,3.4,-0.4));
#8370 = LINE('',#8371,#8372);
#8371 = CARTESIAN_POINT('',(-1.,3.5,-0.4));
#8372 = VECTOR('',#8373,1.);
#8373 = DIRECTION('',(0.E+000,1.,0.E+000));
#8374 = ORIENTED_EDGE('',*,*,#7336,.T.);
#8375 = ORIENTED_EDGE('',*,*,#8351,.F.);
#8376 = ORIENTED_EDGE('',*,*,#8377,.F.);
#8377 = EDGE_CURVE('',#8368,#8343,#8378,.T.);
#8378 = LINE('',#8379,#8380);
#8379 = CARTESIAN_POINT('',(-1.,3.4,-0.5));
#8380 = VECTOR('',#8381,1.);
#8381 = DIRECTION('',(2.168404344971E-016,-0.E+000,1.));
#8382 = PLANE('',#8383);
#8383 = AXIS2_PLACEMENT_3D('',#8384,#8385,#8386);
#8384 = CARTESIAN_POINT('',(-1.,3.5,-0.5));
#8385 = DIRECTION('',(1.,0.E+000,-2.168404344971E-016));
#8386 = DIRECTION('',(-2.168404344971E-016,0.E+000,-1.));
#8387 = ADVANCED_FACE('',(#8388),#8400,.T.);
#8388 = FACE_BOUND('',#8389,.T.);
#8389 = EDGE_LOOP('',(#8390,#8397,#8398,#8399));
#8390 = ORIENTED_EDGE('',*,*,#8391,.T.);
#8391 = EDGE_CURVE('',#8368,#8214,#8392,.T.);
#8392 = CIRCLE('',#8393,1.E-001);
#8393 = AXIS2_PLACEMENT_3D('',#8394,#8395,#8396);
#8394 = CARTESIAN_POINT('',(-0.9,3.4,-0.4));
#8395 = DIRECTION('',(0.E+000,-1.,0.E+000));
#8396 = DIRECTION('',(0.E+000,0.E+000,-1.));
#8397 = ORIENTED_EDGE('',*,*,#8213,.T.);
#8398 = ORIENTED_EDGE('',*,*,#7344,.T.);
#8399 = ORIENTED_EDGE('',*,*,#8367,.T.);
#8400 = CYLINDRICAL_SURFACE('',#8401,1.E-001);
#8401 = AXIS2_PLACEMENT_3D('',#8402,#8403,#8404);
#8402 = CARTESIAN_POINT('',(-0.9,3.5,-0.4));
#8403 = DIRECTION('',(0.E+000,-1.,0.E+000));
#8404 = DIRECTION('',(0.E+000,0.E+000,-1.));
#8405 = ADVANCED_FACE('',(#8406),#8431,.F.);
#8406 = FACE_BOUND('',#8407,.T.);
#8407 = EDGE_LOOP('',(#8408,#8416,#8424,#8430));
#8408 = ORIENTED_EDGE('',*,*,#8409,.F.);
#8409 = EDGE_CURVE('',#8410,#7380,#8412,.T.);
#8410 = VERTEX_POINT('',#8411);
#8411 = CARTESIAN_POINT('',(-1.640237755554,2.6,0.266237802473));
#8412 = LINE('',#8413,#8414);
#8413 = CARTESIAN_POINT('',(-1.640237755554,2.6,0.266237802473));
#8414 = VECTOR('',#8415,1.);
#8415 = DIRECTION('',(-0.E+000,-1.,-0.E+000));
#8416 = ORIENTED_EDGE('',*,*,#8417,.F.);
#8417 = EDGE_CURVE('',#8418,#8410,#8420,.T.);
#8418 = VERTEX_POINT('',#8419);
#8419 = CARTESIAN_POINT('',(-1.640237755554,2.6,-0.28005829942));
#8420 = LINE('',#8421,#8422);
#8421 = CARTESIAN_POINT('',(-1.640237755554,2.6,0.266237802473));
#8422 = VECTOR('',#8423,1.);
#8423 = DIRECTION('',(-0.E+000,-0.E+000,1.));
#8424 = ORIENTED_EDGE('',*,*,#8425,.F.);
#8425 = EDGE_CURVE('',#7364,#8418,#8426,.T.);
#8426 = LINE('',#8427,#8428);
#8427 = CARTESIAN_POINT('',(-1.640237755554,2.6,-0.28005829942));
#8428 = VECTOR('',#8429,1.);
#8429 = DIRECTION('',(0.E+000,1.,0.E+000));
#8430 = ORIENTED_EDGE('',*,*,#7387,.T.);
#8431 = PLANE('',#8432);
#8432 = AXIS2_PLACEMENT_3D('',#8433,#8434,#8435);
#8433 = CARTESIAN_POINT('',(-1.640237755554,2.6,0.266237802473));
#8434 = DIRECTION('',(1.,-0.E+000,0.E+000));
#8435 = DIRECTION('',(0.E+000,0.E+000,-1.));
#8436 = ADVANCED_FACE('',(#8437),#8455,.F.);
#8437 = FACE_BOUND('',#8438,.T.);
#8438 = EDGE_LOOP('',(#8439,#8440,#8448,#8454));
#8439 = ORIENTED_EDGE('',*,*,#8425,.T.);
#8440 = ORIENTED_EDGE('',*,*,#8441,.F.);
#8441 = EDGE_CURVE('',#8442,#8418,#8444,.T.);
#8442 = VERTEX_POINT('',#8443);
#8443 = CARTESIAN_POINT('',(-1.453108704077,2.6,-0.28005829942));
#8444 = LINE('',#8445,#8446);
#8445 = CARTESIAN_POINT('',(-1.640237755554,2.6,-0.28005829942));
#8446 = VECTOR('',#8447,1.);
#8447 = DIRECTION('',(-1.,-0.E+000,0.E+000));
#8448 = ORIENTED_EDGE('',*,*,#8449,.F.);
#8449 = EDGE_CURVE('',#7362,#8442,#8450,.T.);
#8450 = LINE('',#8451,#8452);
#8451 = CARTESIAN_POINT('',(-1.453108704077,2.6,-0.28005829942));
#8452 = VECTOR('',#8453,1.);
#8453 = DIRECTION('',(-0.E+000,1.,0.E+000));
#8454 = ORIENTED_EDGE('',*,*,#7361,.T.);
#8455 = PLANE('',#8456);
#8456 = AXIS2_PLACEMENT_3D('',#8457,#8458,#8459);
#8457 = CARTESIAN_POINT('',(-1.640237755554,2.6,-0.28005829942));
#8458 = DIRECTION('',(0.E+000,0.E+000,1.));
#8459 = DIRECTION('',(1.,0.E+000,-0.E+000));
#8460 = ADVANCED_FACE('',(#8461),#8479,.F.);
#8461 = FACE_BOUND('',#8462,.T.);
#8462 = EDGE_LOOP('',(#8463,#8464,#8472,#8478));
#8463 = ORIENTED_EDGE('',*,*,#8449,.T.);
#8464 = ORIENTED_EDGE('',*,*,#8465,.F.);
#8465 = EDGE_CURVE('',#8466,#8442,#8468,.T.);
#8466 = VERTEX_POINT('',#8467);
#8467 = CARTESIAN_POINT('',(-1.453108704077,2.6,0.266237802473));
#8468 = LINE('',#8469,#8470);
#8469 = CARTESIAN_POINT('',(-1.453108704077,2.6,0.266237802473));
#8470 = VECTOR('',#8471,1.);
#8471 = DIRECTION('',(-0.E+000,-0.E+000,-1.));
#8472 = ORIENTED_EDGE('',*,*,#8473,.F.);
#8473 = EDGE_CURVE('',#7372,#8466,#8474,.T.);
#8474 = LINE('',#8475,#8476);
#8475 = CARTESIAN_POINT('',(-1.453108704077,2.6,0.266237802473));
#8476 = VECTOR('',#8477,1.);
#8477 = DIRECTION('',(0.E+000,1.,-0.E+000));
#8478 = ORIENTED_EDGE('',*,*,#7371,.T.);
#8479 = PLANE('',#8480);
#8480 = AXIS2_PLACEMENT_3D('',#8481,#8482,#8483);
#8481 = CARTESIAN_POINT('',(-1.453108704077,2.6,0.266237802473));
#8482 = DIRECTION('',(-1.,0.E+000,0.E+000));
#8483 = DIRECTION('',(0.E+000,0.E+000,1.));
#8484 = ADVANCED_FACE('',(#8485),#8496,.F.);
#8485 = FACE_BOUND('',#8486,.T.);
#8486 = EDGE_LOOP('',(#8487,#8488,#8494,#8495));
#8487 = ORIENTED_EDGE('',*,*,#8473,.T.);
#8488 = ORIENTED_EDGE('',*,*,#8489,.F.);
#8489 = EDGE_CURVE('',#8410,#8466,#8490,.T.);
#8490 = LINE('',#8491,#8492);
#8491 = CARTESIAN_POINT('',(-1.640237755554,2.6,0.266237802473));
#8492 = VECTOR('',#8493,1.);
#8493 = DIRECTION('',(1.,-0.E+000,0.E+000));
#8494 = ORIENTED_EDGE('',*,*,#8409,.T.);
#8495 = ORIENTED_EDGE('',*,*,#7379,.T.);
#8496 = PLANE('',#8497);
#8497 = AXIS2_PLACEMENT_3D('',#8498,#8499,#8500);
#8498 = CARTESIAN_POINT('',(-1.640237755554,2.6,0.266237802473));
#8499 = DIRECTION('',(0.E+000,0.E+000,-1.));
#8500 = DIRECTION('',(-1.,0.E+000,-0.E+000));
#8501 = ADVANCED_FACE('',(#8502),#8521,.T.);
#8502 = FACE_BOUND('',#8503,.T.);
#8503 = EDGE_LOOP('',(#8504,#8505,#8513,#8520));
#8504 = ORIENTED_EDGE('',*,*,#7241,.T.);
#8505 = ORIENTED_EDGE('',*,*,#8506,.T.);
#8506 = EDGE_CURVE('',#7234,#8507,#8509,.T.);
#8507 = VERTEX_POINT('',#8508);
#8508 = CARTESIAN_POINT('',(2.325,2.35,-0.95));
#8509 = LINE('',#8510,#8511);
#8510 = CARTESIAN_POINT('',(2.325,2.35,-5.601711224508E-016));
#8511 = VECTOR('',#8512,1.);
#8512 = DIRECTION('',(-2.409338161079E-016,-0.E+000,-1.));
#8513 = ORIENTED_EDGE('',*,*,#8514,.T.);
#8514 = EDGE_CURVE('',#8507,#7396,#8515,.T.);
#8515 = CIRCLE('',#8516,5.E-002);
#8516 = AXIS2_PLACEMENT_3D('',#8517,#8518,#8519);
#8517 = CARTESIAN_POINT('',(2.275,2.35,-0.95));
#8518 = DIRECTION('',(2.409338161079E-016,0.E+000,1.));
#8519 = DIRECTION('',(1.,0.E+000,-2.409338161079E-016));
#8520 = ORIENTED_EDGE('',*,*,#7395,.T.);
#8521 = CYLINDRICAL_SURFACE('',#8522,5.E-002);
#8522 = AXIS2_PLACEMENT_3D('',#8523,#8524,#8525);
#8523 = CARTESIAN_POINT('',(2.275,2.35,-5.481244316454E-016));
#8524 = DIRECTION('',(2.409338161079E-016,0.E+000,1.));
#8525 = DIRECTION('',(1.,0.E+000,-2.409338161079E-016));
#8526 = ADVANCED_FACE('',(#8527),#8554,.T.);
#8527 = FACE_BOUND('',#8528,.T.);
#8528 = EDGE_LOOP('',(#8529,#8538,#8546,#8553));
#8529 = ORIENTED_EDGE('',*,*,#8530,.T.);
#8530 = EDGE_CURVE('',#7396,#8531,#8533,.T.);
#8531 = VERTEX_POINT('',#8532);
#8532 = CARTESIAN_POINT('',(2.275,2.35,-1.));
#8533 = CIRCLE('',#8534,5.E-002);
#8534 = AXIS2_PLACEMENT_3D('',#8535,#8536,#8537);
#8535 = CARTESIAN_POINT('',(2.275,2.35,-0.95));
#8536 = DIRECTION('',(-1.,-0.E+000,-0.E+000));
#8537 = DIRECTION('',(0.E+000,0.E+000,-1.));
#8538 = ORIENTED_EDGE('',*,*,#8539,.T.);
#8539 = EDGE_CURVE('',#8531,#8540,#8542,.T.);
#8540 = VERTEX_POINT('',#8541);
#8541 = CARTESIAN_POINT('',(-2.275,2.35,-1.));
#8542 = LINE('',#8543,#8544);
#8543 = CARTESIAN_POINT('',(0.E+000,2.35,-1.));
#8544 = VECTOR('',#8545,1.);
#8545 = DIRECTION('',(-1.,-0.E+000,-0.E+000));
#8546 = ORIENTED_EDGE('',*,*,#8547,.T.);
#8547 = EDGE_CURVE('',#8540,#7404,#8548,.T.);
#8548 = CIRCLE('',#8549,5.E-002);
#8549 = AXIS2_PLACEMENT_3D('',#8550,#8551,#8552);
#8550 = CARTESIAN_POINT('',(-2.275,2.35,-0.95));
#8551 = DIRECTION('',(1.,0.E+000,0.E+000));
#8552 = DIRECTION('',(0.E+000,0.E+000,-1.));
#8553 = ORIENTED_EDGE('',*,*,#7403,.T.);
#8554 = CYLINDRICAL_SURFACE('',#8555,5.E-002);
#8555 = AXIS2_PLACEMENT_3D('',#8556,#8557,#8558);
#8556 = CARTESIAN_POINT('',(0.E+000,2.35,-0.95));
#8557 = DIRECTION('',(1.,0.E+000,0.E+000));
#8558 = DIRECTION('',(0.E+000,0.E+000,-1.));
#8559 = ADVANCED_FACE('',(#8560),#8579,.T.);
#8560 = FACE_BOUND('',#8561,.T.);
#8561 = EDGE_LOOP('',(#8562,#8571,#8577,#8578));
#8562 = ORIENTED_EDGE('',*,*,#8563,.T.);
#8563 = EDGE_CURVE('',#7404,#8564,#8566,.T.);
#8564 = VERTEX_POINT('',#8565);
#8565 = CARTESIAN_POINT('',(-2.325,2.35,-0.95));
#8566 = CIRCLE('',#8567,5.E-002);
#8567 = AXIS2_PLACEMENT_3D('',#8568,#8569,#8570);
#8568 = CARTESIAN_POINT('',(-2.275,2.35,-0.95));
#8569 = DIRECTION('',(0.E+000,-0.E+000,1.));
#8570 = DIRECTION('',(-1.,0.E+000,0.E+000));
#8571 = ORIENTED_EDGE('',*,*,#8572,.T.);
#8572 = EDGE_CURVE('',#8564,#7437,#8573,.T.);
#8573 = LINE('',#8574,#8575);
#8574 = CARTESIAN_POINT('',(-2.325,2.35,0.E+000));
#8575 = VECTOR('',#8576,1.);
#8576 = DIRECTION('',(-0.E+000,-0.E+000,1.));
#8577 = ORIENTED_EDGE('',*,*,#7436,.F.);
#8578 = ORIENTED_EDGE('',*,*,#7411,.T.);
#8579 = CYLINDRICAL_SURFACE('',#8580,5.E-002);
#8580 = AXIS2_PLACEMENT_3D('',#8581,#8582,#8583);
#8581 = CARTESIAN_POINT('',(-2.275,2.35,0.E+000));
#8582 = DIRECTION('',(0.E+000,0.E+000,-1.));
#8583 = DIRECTION('',(-1.,0.E+000,0.E+000));
#8584 = ADVANCED_FACE('',(#8585),#8604,.T.);
#8585 = FACE_BOUND('',#8586,.T.);
#8586 = EDGE_LOOP('',(#8587,#8596,#8597,#8598));
#8587 = ORIENTED_EDGE('',*,*,#8588,.T.);
#8588 = EDGE_CURVE('',#8589,#7460,#8591,.T.);
#8589 = VERTEX_POINT('',#8590);
#8590 = CARTESIAN_POINT('',(-2.325,1.75,0.15));
#8591 = CIRCLE('',#8592,5.E-002);
#8592 = AXIS2_PLACEMENT_3D('',#8593,#8594,#8595);
#8593 = CARTESIAN_POINT('',(-2.275,1.75,0.15));
#8594 = DIRECTION('',(0.E+000,0.E+000,1.));
#8595 = DIRECTION('',(1.,0.E+000,-0.E+000));
#8596 = ORIENTED_EDGE('',*,*,#7459,.T.);
#8597 = ORIENTED_EDGE('',*,*,#7426,.F.);
#8598 = ORIENTED_EDGE('',*,*,#8599,.T.);
#8599 = EDGE_CURVE('',#7427,#8589,#8600,.T.);
#8600 = LINE('',#8601,#8602);
#8601 = CARTESIAN_POINT('',(-2.325,1.75,0.E+000));
#8602 = VECTOR('',#8603,1.);
#8603 = DIRECTION('',(-0.E+000,-0.E+000,-1.));
#8604 = CYLINDRICAL_SURFACE('',#8605,5.E-002);
#8605 = AXIS2_PLACEMENT_3D('',#8606,#8607,#8608);
#8606 = CARTESIAN_POINT('',(-2.275,1.75,0.E+000));
#8607 = DIRECTION('',(0.E+000,0.E+000,1.));
#8608 = DIRECTION('',(1.,0.E+000,-0.E+000));
#8609 = ADVANCED_FACE('',(#8610),#8637,.T.);
#8610 = FACE_BOUND('',#8611,.T.);
#8611 = EDGE_LOOP('',(#8612,#8621,#8629,#8636));
#8612 = ORIENTED_EDGE('',*,*,#8613,.T.);
#8613 = EDGE_CURVE('',#7460,#8614,#8616,.T.);
#8614 = VERTEX_POINT('',#8615);
#8615 = CARTESIAN_POINT('',(-2.275,1.75,0.1));
#8616 = CIRCLE('',#8617,5.E-002);
#8617 = AXIS2_PLACEMENT_3D('',#8618,#8619,#8620);
#8618 = CARTESIAN_POINT('',(-2.275,1.75,0.15));
#8619 = DIRECTION('',(1.,0.E+000,-0.E+000));
#8620 = DIRECTION('',(0.E+000,0.E+000,1.));
#8621 = ORIENTED_EDGE('',*,*,#8622,.T.);
#8622 = EDGE_CURVE('',#8614,#8623,#8625,.T.);
#8623 = VERTEX_POINT('',#8624);
#8624 = CARTESIAN_POINT('',(-1.925,1.75,0.1));
#8625 = LINE('',#8626,#8627);
#8626 = CARTESIAN_POINT('',(0.E+000,1.75,0.1));
#8627 = VECTOR('',#8628,1.);
#8628 = DIRECTION('',(1.,-0.E+000,-0.E+000));
#8629 = ORIENTED_EDGE('',*,*,#8630,.T.);
#8630 = EDGE_CURVE('',#8623,#7468,#8631,.T.);
#8631 = CIRCLE('',#8632,5.E-002);
#8632 = AXIS2_PLACEMENT_3D('',#8633,#8634,#8635);
#8633 = CARTESIAN_POINT('',(-1.925,1.75,0.15));
#8634 = DIRECTION('',(-1.,0.E+000,0.E+000));
#8635 = DIRECTION('',(0.E+000,0.E+000,1.));
#8636 = ORIENTED_EDGE('',*,*,#7467,.T.);
#8637 = CYLINDRICAL_SURFACE('',#8638,5.E-002);
#8638 = AXIS2_PLACEMENT_3D('',#8639,#8640,#8641);
#8639 = CARTESIAN_POINT('',(0.E+000,1.75,0.15));
#8640 = DIRECTION('',(-1.,0.E+000,0.E+000));
#8641 = DIRECTION('',(0.E+000,0.E+000,1.));
#8642 = ADVANCED_FACE('',(#8643),#8665,.T.);
#8643 = FACE_BOUND('',#8644,.T.);
#8644 = EDGE_LOOP('',(#8645,#8646,#8647,#8648,#8649,#8657,#8664));
#8645 = ORIENTED_EDGE('',*,*,#7569,.F.);
#8646 = ORIENTED_EDGE('',*,*,#7545,.F.);
#8647 = ORIENTED_EDGE('',*,*,#7521,.F.);
#8648 = ORIENTED_EDGE('',*,*,#7507,.F.);
#8649 = ORIENTED_EDGE('',*,*,#8650,.T.);
#8650 = EDGE_CURVE('',#7500,#8651,#8653,.T.);
#8651 = VERTEX_POINT('',#8652);
#8652 = CARTESIAN_POINT('',(-1.925,0.25,0.8));
#8653 = LINE('',#8654,#8655);
#8654 = CARTESIAN_POINT('',(-1.925,2.4,0.8));
#8655 = VECTOR('',#8656,1.);
#8656 = DIRECTION('',(0.E+000,1.,0.E+000));
#8657 = ORIENTED_EDGE('',*,*,#8658,.T.);
#8658 = EDGE_CURVE('',#8651,#7766,#8659,.T.);
#8659 = CIRCLE('',#8660,5.E-002);
#8660 = AXIS2_PLACEMENT_3D('',#8661,#8662,#8663);
#8661 = CARTESIAN_POINT('',(-1.875,0.25,0.8));
#8662 = DIRECTION('',(-0.E+000,0.E+000,1.));
#8663 = DIRECTION('',(-1.,-2.168404344971E-015,-0.E+000));
#8664 = ORIENTED_EDGE('',*,*,#7765,.T.);
#8665 = PLANE('',#8666);
#8666 = AXIS2_PLACEMENT_3D('',#8667,#8668,#8669);
#8667 = CARTESIAN_POINT('',(0.E+000,0.E+000,0.8));
#8668 = DIRECTION('',(0.E+000,0.E+000,-1.));
#8669 = DIRECTION('',(-1.,0.E+000,-0.E+000));
#8670 = ADVANCED_FACE('',(#8671),#8682,.F.);
#8671 = FACE_BOUND('',#8672,.T.);
#8672 = EDGE_LOOP('',(#8673,#8679,#8680,#8681));
#8673 = ORIENTED_EDGE('',*,*,#8674,.F.);
#8674 = EDGE_CURVE('',#7594,#7658,#8675,.T.);
#8675 = LINE('',#8676,#8677);
#8676 = CARTESIAN_POINT('',(-1.2272645986,5.E-002,0.4));
#8677 = VECTOR('',#8678,1.);
#8678 = DIRECTION('',(1.,0.E+000,-0.E+000));
#8679 = ORIENTED_EDGE('',*,*,#7610,.T.);
#8680 = ORIENTED_EDGE('',*,*,#7756,.T.);
#8681 = ORIENTED_EDGE('',*,*,#7665,.T.);
#8682 = PLANE('',#8683);
#8683 = AXIS2_PLACEMENT_3D('',#8684,#8685,#8686);
#8684 = CARTESIAN_POINT('',(-1.2272645986,0.2,0.4));
#8685 = DIRECTION('',(0.E+000,0.E+000,1.));
#8686 = DIRECTION('',(1.,0.E+000,-0.E+000));
#8687 = ADVANCED_FACE('',(#8688),#8707,.T.);
#8688 = FACE_BOUND('',#8689,.T.);
#8689 = EDGE_LOOP('',(#8690,#8691,#8692,#8701));
#8690 = ORIENTED_EDGE('',*,*,#7634,.F.);
#8691 = ORIENTED_EDGE('',*,*,#7593,.T.);
#8692 = ORIENTED_EDGE('',*,*,#8693,.T.);
#8693 = EDGE_CURVE('',#7594,#8694,#8696,.T.);
#8694 = VERTEX_POINT('',#8695);
#8695 = CARTESIAN_POINT('',(-1.1772645986,4.065758146821E-017,0.45));
#8696 = ( BOUNDED_CURVE() B_SPLINE_CURVE(3,(#8697,#8698,#8699,#8700),
.UNSPECIFIED.,.F.,.F.) B_SPLINE_CURVE_WITH_KNOTS((4,4),(0.E+000,
1.570796326795),.PIECEWISE_BEZIER_KNOTS.) CURVE() 
GEOMETRIC_REPRESENTATION_ITEM() RATIONAL_B_SPLINE_CURVE((1.,
0.804737854124,0.804737854124,1.)) REPRESENTATION_ITEM('') );
#8697 = CARTESIAN_POINT('',(-1.2272645986,5.E-002,0.4));
#8698 = CARTESIAN_POINT('',(-1.2272645986,2.071067811865E-002,0.4));
#8699 = CARTESIAN_POINT('',(-1.206553920481,2.294042746577E-017,
    0.420710678119));
#8700 = CARTESIAN_POINT('',(-1.1772645986,4.065758146821E-017,0.45));
#8701 = ORIENTED_EDGE('',*,*,#8702,.T.);
#8702 = EDGE_CURVE('',#8694,#7635,#8703,.T.);
#8703 = LINE('',#8704,#8705);
#8704 = CARTESIAN_POINT('',(-1.1772645986,8.131516293641E-017,0.9));
#8705 = VECTOR('',#8706,1.);
#8706 = DIRECTION('',(-0.E+000,-0.E+000,1.));
#8707 = CYLINDRICAL_SURFACE('',#8708,5.E-002);
#8708 = AXIS2_PLACEMENT_3D('',#8709,#8710,#8711);
#8709 = CARTESIAN_POINT('',(-1.1772645986,5.E-002,0.9));
#8710 = DIRECTION('',(0.E+000,0.E+000,-1.));
#8711 = DIRECTION('',(-1.,0.E+000,0.E+000));
#8712 = ADVANCED_FACE('',(#8713),#8732,.T.);
#8713 = FACE_BOUND('',#8714,.T.);
#8714 = EDGE_LOOP('',(#8715,#8716,#8724,#8731));
#8715 = ORIENTED_EDGE('',*,*,#7624,.F.);
#8716 = ORIENTED_EDGE('',*,*,#8717,.T.);
#8717 = EDGE_CURVE('',#7625,#8718,#8720,.T.);
#8718 = VERTEX_POINT('',#8719);
#8719 = CARTESIAN_POINT('',(-0.4772645986,-1.355252715607E-017,0.45));
#8720 = LINE('',#8721,#8722);
#8721 = CARTESIAN_POINT('',(-0.4772645986,-2.710505431214E-017,0.4));
#8722 = VECTOR('',#8723,1.);
#8723 = DIRECTION('',(-2.168404344971E-016,-0.E+000,-1.));
#8724 = ORIENTED_EDGE('',*,*,#8725,.T.);
#8725 = EDGE_CURVE('',#8718,#7658,#8726,.T.);
#8726 = ( BOUNDED_CURVE() B_SPLINE_CURVE(3,(#8727,#8728,#8729,#8730),
.UNSPECIFIED.,.F.,.F.) B_SPLINE_CURVE_WITH_KNOTS((4,4),(1.570796326795,
3.14159265359),.PIECEWISE_BEZIER_KNOTS.) CURVE() 
GEOMETRIC_REPRESENTATION_ITEM() RATIONAL_B_SPLINE_CURVE((1.,
0.804737854124,0.804737854124,1.)) REPRESENTATION_ITEM('') );
#8727 = CARTESIAN_POINT('',(-0.4772645986,-1.355252715607E-017,0.45));
#8728 = CARTESIAN_POINT('',(-0.447975276719,-2.88985080267E-017,
    0.420710678119));
#8729 = CARTESIAN_POINT('',(-0.4272645986,2.071067811865E-002,0.4));
#8730 = CARTESIAN_POINT('',(-0.4272645986,5.E-002,0.4));
#8731 = ORIENTED_EDGE('',*,*,#7657,.T.);
#8732 = CYLINDRICAL_SURFACE('',#8733,5.E-002);
#8733 = AXIS2_PLACEMENT_3D('',#8734,#8735,#8736);
#8734 = CARTESIAN_POINT('',(-0.4772645986,5.E-002,0.4));
#8735 = DIRECTION('',(2.168404344971E-016,0.E+000,1.));
#8736 = DIRECTION('',(1.,0.E+000,-2.168404344971E-016));
#8737 = ADVANCED_FACE('',(#8738),#8749,.T.);
#8738 = FACE_BOUND('',#8739,.T.);
#8739 = EDGE_LOOP('',(#8740,#8741,#8747,#8748));
#8740 = ORIENTED_EDGE('',*,*,#8702,.F.);
#8741 = ORIENTED_EDGE('',*,*,#8742,.T.);
#8742 = EDGE_CURVE('',#8694,#8718,#8743,.T.);
#8743 = LINE('',#8744,#8745);
#8744 = CARTESIAN_POINT('',(0.E+000,0.E+000,0.45));
#8745 = VECTOR('',#8746,1.);
#8746 = DIRECTION('',(1.,0.E+000,0.E+000));
#8747 = ORIENTED_EDGE('',*,*,#8717,.F.);
#8748 = ORIENTED_EDGE('',*,*,#7643,.F.);
#8749 = PLANE('',#8750);
#8750 = AXIS2_PLACEMENT_3D('',#8751,#8752,#8753);
#8751 = CARTESIAN_POINT('',(0.E+000,0.E+000,0.E+000));
#8752 = DIRECTION('',(0.E+000,-1.,0.E+000));
#8753 = DIRECTION('',(0.E+000,-0.E+000,-1.));
#8754 = ADVANCED_FACE('',(#8755),#8780,.F.);
#8755 = FACE_BOUND('',#8756,.T.);
#8756 = EDGE_LOOP('',(#8757,#8767,#8773,#8774));
#8757 = ORIENTED_EDGE('',*,*,#8758,.F.);
#8758 = EDGE_CURVE('',#8759,#8761,#8763,.T.);
#8759 = VERTEX_POINT('',#8760);
#8760 = CARTESIAN_POINT('',(-0.4272645986,5.E-002,-0.85));
#8761 = VERTEX_POINT('',#8762);
#8762 = CARTESIAN_POINT('',(-0.4272645986,5.E-002,-0.4));
#8763 = LINE('',#8764,#8765);
#8764 = CARTESIAN_POINT('',(-0.4272645986,5.E-002,-0.4));
#8765 = VECTOR('',#8766,1.);
#8766 = DIRECTION('',(-2.168404344971E-016,0.E+000,1.));
#8767 = ORIENTED_EDGE('',*,*,#8768,.F.);
#8768 = EDGE_CURVE('',#7691,#8759,#8769,.T.);
#8769 = LINE('',#8770,#8771);
#8770 = CARTESIAN_POINT('',(-0.4272645986,0.2,-0.85));
#8771 = VECTOR('',#8772,1.);
#8772 = DIRECTION('',(-0.E+000,-1.,-0.E+000));
#8773 = ORIENTED_EDGE('',*,*,#7805,.T.);
#8774 = ORIENTED_EDGE('',*,*,#8775,.F.);
#8775 = EDGE_CURVE('',#8761,#7798,#8776,.T.);
#8776 = LINE('',#8777,#8778);
#8777 = CARTESIAN_POINT('',(-0.4272645986,0.2,-0.4));
#8778 = VECTOR('',#8779,1.);
#8779 = DIRECTION('',(0.E+000,1.,0.E+000));
#8780 = PLANE('',#8781);
#8781 = AXIS2_PLACEMENT_3D('',#8782,#8783,#8784);
#8782 = CARTESIAN_POINT('',(-0.4272645986,0.2,-0.4));
#8783 = DIRECTION('',(-1.,0.E+000,-2.168404344971E-016));
#8784 = DIRECTION('',(-2.168404344971E-016,0.E+000,1.));
#8785 = ADVANCED_FACE('',(#8786),#8813,.T.);
#8786 = FACE_BOUND('',#8787,.T.);
#8787 = EDGE_LOOP('',(#8788,#8797,#8798,#8807));
#8788 = ORIENTED_EDGE('',*,*,#8789,.T.);
#8789 = EDGE_CURVE('',#8790,#7689,#8792,.T.);
#8790 = VERTEX_POINT('',#8791);
#8791 = CARTESIAN_POINT('',(0.4772645986,0.25,-0.9));
#8792 = ( BOUNDED_CURVE() B_SPLINE_CURVE(3,(#8793,#8794,#8795,#8796),
.UNSPECIFIED.,.F.,.F.) B_SPLINE_CURVE_WITH_KNOTS((4,4),(1.570796326795,
3.14159265359),.PIECEWISE_BEZIER_KNOTS.) CURVE() 
GEOMETRIC_REPRESENTATION_ITEM() RATIONAL_B_SPLINE_CURVE((1.,
0.804737854124,0.804737854124,1.)) REPRESENTATION_ITEM('') );
#8793 = CARTESIAN_POINT('',(0.4772645986,0.25,-0.9));
#8794 = CARTESIAN_POINT('',(0.447975276719,0.220710678119,-0.9));
#8795 = CARTESIAN_POINT('',(0.4272645986,0.2,-0.879289321881));
#8796 = CARTESIAN_POINT('',(0.4272645986,0.2,-0.85));
#8797 = ORIENTED_EDGE('',*,*,#7688,.T.);
#8798 = ORIENTED_EDGE('',*,*,#8799,.T.);
#8799 = EDGE_CURVE('',#7691,#8800,#8802,.T.);
#8800 = VERTEX_POINT('',#8801);
#8801 = CARTESIAN_POINT('',(-0.4772645986,0.25,-0.9));
#8802 = ( BOUNDED_CURVE() B_SPLINE_CURVE(3,(#8803,#8804,#8805,#8806),
.UNSPECIFIED.,.F.,.F.) B_SPLINE_CURVE_WITH_KNOTS((4,4),(0.E+000,
1.570796326795),.PIECEWISE_BEZIER_KNOTS.) CURVE() 
GEOMETRIC_REPRESENTATION_ITEM() RATIONAL_B_SPLINE_CURVE((1.,
0.804737854124,0.804737854124,1.)) REPRESENTATION_ITEM('') );
#8803 = CARTESIAN_POINT('',(-0.4272645986,0.2,-0.85));
#8804 = CARTESIAN_POINT('',(-0.4272645986,0.2,-0.879289321881));
#8805 = CARTESIAN_POINT('',(-0.447975276719,0.220710678119,-0.9));
#8806 = CARTESIAN_POINT('',(-0.4772645986,0.25,-0.9));
#8807 = ORIENTED_EDGE('',*,*,#8808,.T.);
#8808 = EDGE_CURVE('',#8800,#8790,#8809,.T.);
#8809 = LINE('',#8810,#8811);
#8810 = CARTESIAN_POINT('',(-1.925,0.25,-0.9));
#8811 = VECTOR('',#8812,1.);
#8812 = DIRECTION('',(1.,0.E+000,-0.E+000));
#8813 = CYLINDRICAL_SURFACE('',#8814,5.E-002);
#8814 = AXIS2_PLACEMENT_3D('',#8815,#8816,#8817);
#8815 = CARTESIAN_POINT('',(0.E+000,0.25,-0.85));
#8816 = DIRECTION('',(1.,0.E+000,0.E+000));
#8817 = DIRECTION('',(0.E+000,0.E+000,-1.));
#8818 = ADVANCED_FACE('',(#8819),#8844,.F.);
#8819 = FACE_BOUND('',#8820,.T.);
#8820 = EDGE_LOOP('',(#8821,#8831,#8837,#8838));
#8821 = ORIENTED_EDGE('',*,*,#8822,.F.);
#8822 = EDGE_CURVE('',#8823,#8825,#8827,.T.);
#8823 = VERTEX_POINT('',#8824);
#8824 = CARTESIAN_POINT('',(0.4272645986,5.E-002,-0.4));
#8825 = VERTEX_POINT('',#8826);
#8826 = CARTESIAN_POINT('',(0.4272645986,5.E-002,-0.85));
#8827 = LINE('',#8828,#8829);
#8828 = CARTESIAN_POINT('',(0.4272645986,5.E-002,-0.4));
#8829 = VECTOR('',#8830,1.);
#8830 = DIRECTION('',(-2.168404344971E-016,0.E+000,-1.));
#8831 = ORIENTED_EDGE('',*,*,#8832,.F.);
#8832 = EDGE_CURVE('',#7699,#8823,#8833,.T.);
#8833 = LINE('',#8834,#8835);
#8834 = CARTESIAN_POINT('',(0.4272645986,0.2,-0.4));
#8835 = VECTOR('',#8836,1.);
#8836 = DIRECTION('',(-0.E+000,-1.,-0.E+000));
#8837 = ORIENTED_EDGE('',*,*,#7698,.T.);
#8838 = ORIENTED_EDGE('',*,*,#8839,.F.);
#8839 = EDGE_CURVE('',#8825,#7689,#8840,.T.);
#8840 = LINE('',#8841,#8842);
#8841 = CARTESIAN_POINT('',(0.4272645986,0.2,-0.85));
#8842 = VECTOR('',#8843,1.);
#8843 = DIRECTION('',(0.E+000,1.,0.E+000));
#8844 = PLANE('',#8845);
#8845 = AXIS2_PLACEMENT_3D('',#8846,#8847,#8848);
#8846 = CARTESIAN_POINT('',(0.4272645986,0.2,-0.4));
#8847 = DIRECTION('',(1.,0.E+000,-2.168404344971E-016));
#8848 = DIRECTION('',(-2.168404344971E-016,0.E+000,-1.));
#8849 = ADVANCED_FACE('',(#8850),#8868,.F.);
#8850 = FACE_BOUND('',#8851,.T.);
#8851 = EDGE_LOOP('',(#8852,#8860,#8866,#8867));
#8852 = ORIENTED_EDGE('',*,*,#8853,.F.);
#8853 = EDGE_CURVE('',#8854,#8823,#8856,.T.);
#8854 = VERTEX_POINT('',#8855);
#8855 = CARTESIAN_POINT('',(1.2272645986,5.E-002,-0.4));
#8856 = LINE('',#8857,#8858);
#8857 = CARTESIAN_POINT('',(1.2272645986,5.E-002,-0.4));
#8858 = VECTOR('',#8859,1.);
#8859 = DIRECTION('',(-1.,0.E+000,-0.E+000));
#8860 = ORIENTED_EDGE('',*,*,#8861,.F.);
#8861 = EDGE_CURVE('',#7707,#8854,#8862,.T.);
#8862 = LINE('',#8863,#8864);
#8863 = CARTESIAN_POINT('',(1.2272645986,0.2,-0.4));
#8864 = VECTOR('',#8865,1.);
#8865 = DIRECTION('',(-0.E+000,-1.,-0.E+000));
#8866 = ORIENTED_EDGE('',*,*,#7706,.T.);
#8867 = ORIENTED_EDGE('',*,*,#8832,.T.);
#8868 = PLANE('',#8869);
#8869 = AXIS2_PLACEMENT_3D('',#8870,#8871,#8872);
#8870 = CARTESIAN_POINT('',(1.2272645986,0.2,-0.4));
#8871 = DIRECTION('',(0.E+000,0.E+000,-1.));
#8872 = DIRECTION('',(-1.,0.E+000,-0.E+000));
#8873 = ADVANCED_FACE('',(#8874),#8892,.F.);
#8874 = FACE_BOUND('',#8875,.T.);
#8875 = EDGE_LOOP('',(#8876,#8884,#8890,#8891));
#8876 = ORIENTED_EDGE('',*,*,#8877,.F.);
#8877 = EDGE_CURVE('',#8878,#8854,#8880,.T.);
#8878 = VERTEX_POINT('',#8879);
#8879 = CARTESIAN_POINT('',(1.2272645986,5.E-002,-0.85));
#8880 = LINE('',#8881,#8882);
#8881 = CARTESIAN_POINT('',(1.2272645986,5.E-002,-0.9));
#8882 = VECTOR('',#8883,1.);
#8883 = DIRECTION('',(0.E+000,0.E+000,1.));
#8884 = ORIENTED_EDGE('',*,*,#8885,.F.);
#8885 = EDGE_CURVE('',#7715,#8878,#8886,.T.);
#8886 = LINE('',#8887,#8888);
#8887 = CARTESIAN_POINT('',(1.2272645986,0.2,-0.85));
#8888 = VECTOR('',#8889,1.);
#8889 = DIRECTION('',(-0.E+000,-1.,0.E+000));
#8890 = ORIENTED_EDGE('',*,*,#7714,.T.);
#8891 = ORIENTED_EDGE('',*,*,#8861,.T.);
#8892 = PLANE('',#8893);
#8893 = AXIS2_PLACEMENT_3D('',#8894,#8895,#8896);
#8894 = CARTESIAN_POINT('',(1.2272645986,0.2,-0.9));
#8895 = DIRECTION('',(-1.,0.E+000,0.E+000));
#8896 = DIRECTION('',(0.E+000,0.E+000,1.));
#8897 = ADVANCED_FACE('',(#8898),#8925,.T.);
#8898 = FACE_BOUND('',#8899,.T.);
#8899 = EDGE_LOOP('',(#8900,#8909,#8917,#8924));
#8900 = ORIENTED_EDGE('',*,*,#8901,.T.);
#8901 = EDGE_CURVE('',#7715,#8902,#8904,.T.);
#8902 = VERTEX_POINT('',#8903);
#8903 = CARTESIAN_POINT('',(1.1772645986,0.25,-0.9));
#8904 = ( BOUNDED_CURVE() B_SPLINE_CURVE(3,(#8905,#8906,#8907,#8908),
.UNSPECIFIED.,.F.,.F.) B_SPLINE_CURVE_WITH_KNOTS((4,4),(0.E+000,
1.570796326795),.PIECEWISE_BEZIER_KNOTS.) CURVE() 
GEOMETRIC_REPRESENTATION_ITEM() RATIONAL_B_SPLINE_CURVE((1.,
0.804737854124,0.804737854124,1.)) REPRESENTATION_ITEM('') );
#8905 = CARTESIAN_POINT('',(1.2272645986,0.2,-0.85));
#8906 = CARTESIAN_POINT('',(1.2272645986,0.2,-0.879289321881));
#8907 = CARTESIAN_POINT('',(1.206553920481,0.220710678119,-0.9));
#8908 = CARTESIAN_POINT('',(1.1772645986,0.25,-0.9));
#8909 = ORIENTED_EDGE('',*,*,#8910,.T.);
#8910 = EDGE_CURVE('',#8902,#8911,#8913,.T.);
#8911 = VERTEX_POINT('',#8912);
#8912 = CARTESIAN_POINT('',(1.875,0.25,-0.9));
#8913 = LINE('',#8914,#8915);
#8914 = CARTESIAN_POINT('',(-1.925,0.25,-0.9));
#8915 = VECTOR('',#8916,1.);
#8916 = DIRECTION('',(1.,0.E+000,-0.E+000));
#8917 = ORIENTED_EDGE('',*,*,#8918,.T.);
#8918 = EDGE_CURVE('',#8911,#7723,#8919,.T.);
#8919 = CIRCLE('',#8920,5.E-002);
#8920 = AXIS2_PLACEMENT_3D('',#8921,#8922,#8923);
#8921 = CARTESIAN_POINT('',(1.875,0.25,-0.85));
#8922 = DIRECTION('',(-1.,-0.E+000,-0.E+000));
#8923 = DIRECTION('',(0.E+000,0.E+000,-1.));
#8924 = ORIENTED_EDGE('',*,*,#7722,.T.);
#8925 = CYLINDRICAL_SURFACE('',#8926,5.E-002);
#8926 = AXIS2_PLACEMENT_3D('',#8927,#8928,#8929);
#8927 = CARTESIAN_POINT('',(0.E+000,0.25,-0.85));
#8928 = DIRECTION('',(1.,0.E+000,0.E+000));
#8929 = DIRECTION('',(0.E+000,0.E+000,-1.));
#8930 = ADVANCED_FACE('',(#8931),#8950,.T.);
#8931 = FACE_BOUND('',#8932,.T.);
#8932 = EDGE_LOOP('',(#8933,#8942,#8943,#8944));
#8933 = ORIENTED_EDGE('',*,*,#8934,.T.);
#8934 = EDGE_CURVE('',#8935,#7774,#8937,.T.);
#8935 = VERTEX_POINT('',#8936);
#8936 = CARTESIAN_POINT('',(-1.925,0.25,-0.85));
#8937 = CIRCLE('',#8938,5.E-002);
#8938 = AXIS2_PLACEMENT_3D('',#8939,#8940,#8941);
#8939 = CARTESIAN_POINT('',(-1.875,0.25,-0.85));
#8940 = DIRECTION('',(0.E+000,-0.E+000,1.));
#8941 = DIRECTION('',(-1.,0.E+000,0.E+000));
#8942 = ORIENTED_EDGE('',*,*,#7773,.T.);
#8943 = ORIENTED_EDGE('',*,*,#8658,.F.);
#8944 = ORIENTED_EDGE('',*,*,#8945,.T.);
#8945 = EDGE_CURVE('',#8651,#8935,#8946,.T.);
#8946 = LINE('',#8947,#8948);
#8947 = CARTESIAN_POINT('',(-1.925,0.25,0.9));
#8948 = VECTOR('',#8949,1.);
#8949 = DIRECTION('',(0.E+000,0.E+000,-1.));
#8950 = CYLINDRICAL_SURFACE('',#8951,5.E-002);
#8951 = AXIS2_PLACEMENT_3D('',#8952,#8953,#8954);
#8952 = CARTESIAN_POINT('',(-1.875,0.25,0.E+000));
#8953 = DIRECTION('',(0.E+000,0.E+000,-1.));
#8954 = DIRECTION('',(-1.,0.E+000,0.E+000));
#8955 = ADVANCED_FACE('',(#8956),#8983,.T.);
#8956 = FACE_BOUND('',#8957,.T.);
#8957 = EDGE_LOOP('',(#8958,#8967,#8975,#8982));
#8958 = ORIENTED_EDGE('',*,*,#8959,.T.);
#8959 = EDGE_CURVE('',#7774,#8960,#8962,.T.);
#8960 = VERTEX_POINT('',#8961);
#8961 = CARTESIAN_POINT('',(-1.875,0.25,-0.9));
#8962 = CIRCLE('',#8963,5.E-002);
#8963 = AXIS2_PLACEMENT_3D('',#8964,#8965,#8966);
#8964 = CARTESIAN_POINT('',(-1.875,0.25,-0.85));
#8965 = DIRECTION('',(1.,0.E+000,0.E+000));
#8966 = DIRECTION('',(0.E+000,0.E+000,-1.));
#8967 = ORIENTED_EDGE('',*,*,#8968,.T.);
#8968 = EDGE_CURVE('',#8960,#8969,#8971,.T.);
#8969 = VERTEX_POINT('',#8970);
#8970 = CARTESIAN_POINT('',(-1.2272645986,0.25,-0.9));
#8971 = LINE('',#8972,#8973);
#8972 = CARTESIAN_POINT('',(-1.925,0.25,-0.9));
#8973 = VECTOR('',#8974,1.);
#8974 = DIRECTION('',(1.,0.E+000,-0.E+000));
#8975 = ORIENTED_EDGE('',*,*,#8976,.T.);
#8976 = EDGE_CURVE('',#8969,#7782,#8977,.T.);
#8977 = CIRCLE('',#8978,5.E-002);
#8978 = AXIS2_PLACEMENT_3D('',#8979,#8980,#8981);
#8979 = CARTESIAN_POINT('',(-1.2272645986,0.25,-0.85));
#8980 = DIRECTION('',(-1.,-0.E+000,0.E+000));
#8981 = DIRECTION('',(0.E+000,-2.168404344971E-015,-1.));
#8982 = ORIENTED_EDGE('',*,*,#7781,.T.);
#8983 = CYLINDRICAL_SURFACE('',#8984,5.E-002);
#8984 = AXIS2_PLACEMENT_3D('',#8985,#8986,#8987);
#8985 = CARTESIAN_POINT('',(0.E+000,0.25,-0.85));
#8986 = DIRECTION('',(1.,0.E+000,0.E+000));
#8987 = DIRECTION('',(0.E+000,0.E+000,-1.));
#8988 = ADVANCED_FACE('',(#8989),#9015,.F.);
#8989 = FACE_BOUND('',#8990,.T.);
#8990 = EDGE_LOOP('',(#8991,#9001,#9007,#9008,#9009));
#8991 = ORIENTED_EDGE('',*,*,#8992,.F.);
#8992 = EDGE_CURVE('',#8993,#8995,#8997,.T.);
#8993 = VERTEX_POINT('',#8994);
#8994 = CARTESIAN_POINT('',(-1.2272645986,5.E-002,-0.4));
#8995 = VERTEX_POINT('',#8996);
#8996 = CARTESIAN_POINT('',(-1.2272645986,5.E-002,-0.9));
#8997 = LINE('',#8998,#8999);
#8998 = CARTESIAN_POINT('',(-1.2272645986,5.E-002,-0.9));
#8999 = VECTOR('',#9000,1.);
#9000 = DIRECTION('',(0.E+000,0.E+000,-1.));
#9001 = ORIENTED_EDGE('',*,*,#9002,.F.);
#9002 = EDGE_CURVE('',#7790,#8993,#9003,.T.);
#9003 = LINE('',#9004,#9005);
#9004 = CARTESIAN_POINT('',(-1.2272645986,0.2,-0.4));
#9005 = VECTOR('',#9006,1.);
#9006 = DIRECTION('',(-0.E+000,-1.,-0.E+000));
#9007 = ORIENTED_EDGE('',*,*,#7789,.T.);
#9008 = ORIENTED_EDGE('',*,*,#8976,.F.);
#9009 = ORIENTED_EDGE('',*,*,#9010,.T.);
#9010 = EDGE_CURVE('',#8969,#8995,#9011,.T.);
#9011 = LINE('',#9012,#9013);
#9012 = CARTESIAN_POINT('',(-1.2272645986,2.4,-0.9));
#9013 = VECTOR('',#9014,1.);
#9014 = DIRECTION('',(0.E+000,-1.,-0.E+000));
#9015 = PLANE('',#9016);
#9016 = AXIS2_PLACEMENT_3D('',#9017,#9018,#9019);
#9017 = CARTESIAN_POINT('',(-1.2272645986,0.2,-0.9));
#9018 = DIRECTION('',(1.,-0.E+000,0.E+000));
#9019 = DIRECTION('',(0.E+000,0.E+000,-1.));
#9020 = ADVANCED_FACE('',(#9021),#9032,.F.);
#9021 = FACE_BOUND('',#9022,.T.);
#9022 = EDGE_LOOP('',(#9023,#9029,#9030,#9031));
#9023 = ORIENTED_EDGE('',*,*,#9024,.F.);
#9024 = EDGE_CURVE('',#8761,#8993,#9025,.T.);
#9025 = LINE('',#9026,#9027);
#9026 = CARTESIAN_POINT('',(-1.2272645986,5.E-002,-0.4));
#9027 = VECTOR('',#9028,1.);
#9028 = DIRECTION('',(-1.,0.E+000,-0.E+000));
#9029 = ORIENTED_EDGE('',*,*,#8775,.T.);
#9030 = ORIENTED_EDGE('',*,*,#7797,.T.);
#9031 = ORIENTED_EDGE('',*,*,#9002,.T.);
#9032 = PLANE('',#9033);
#9033 = AXIS2_PLACEMENT_3D('',#9034,#9035,#9036);
#9034 = CARTESIAN_POINT('',(-1.2272645986,0.2,-0.4));
#9035 = DIRECTION('',(0.E+000,0.E+000,-1.));
#9036 = DIRECTION('',(-1.,0.E+000,-0.E+000));
#9037 = ADVANCED_FACE('',(#9038),#9042,.T.);
#9038 = FACE_BOUND('',#9039,.T.);
#9039 = EDGE_LOOP('',(#9040,#9041));
#9040 = ORIENTED_EDGE('',*,*,#7820,.F.);
#9041 = ORIENTED_EDGE('',*,*,#6505,.F.);
#9042 = PLANE('',#9043);
#9043 = AXIS2_PLACEMENT_3D('',#9044,#9045,#9046);
#9044 = CARTESIAN_POINT('',(-0.85,1.4,1.3));
#9045 = DIRECTION('',(0.E+000,0.E+000,1.));
#9046 = DIRECTION('',(1.,0.E+000,-0.E+000));
#9047 = ADVANCED_FACE('',(#9048),#9052,.F.);
#9048 = FACE_BOUND('',#9049,.T.);
#9049 = EDGE_LOOP('',(#9050,#9051));
#9050 = ORIENTED_EDGE('',*,*,#7852,.F.);
#9051 = ORIENTED_EDGE('',*,*,#6581,.F.);
#9052 = PLANE('',#9053);
#9053 = AXIS2_PLACEMENT_3D('',#9054,#9055,#9056);
#9054 = CARTESIAN_POINT('',(0.85,1.4,1.3));
#9055 = DIRECTION('',(0.E+000,0.E+000,-1.));
#9056 = DIRECTION('',(-1.,0.E+000,-0.E+000));
#9057 = ADVANCED_FACE('',(#9058),#9064,.T.);
#9058 = FACE_BOUND('',#9059,.T.);
#9059 = EDGE_LOOP('',(#9060,#9061,#9062,#9063));
#9060 = ORIENTED_EDGE('',*,*,#7898,.F.);
#9061 = ORIENTED_EDGE('',*,*,#7879,.T.);
#9062 = ORIENTED_EDGE('',*,*,#7930,.F.);
#9063 = ORIENTED_EDGE('',*,*,#7947,.F.);
#9064 = CYLINDRICAL_SURFACE('',#9065,5.E-002);
#9065 = AXIS2_PLACEMENT_3D('',#9066,#9067,#9068);
#9066 = CARTESIAN_POINT('',(1.2272645986,5.E-002,0.45));
#9067 = DIRECTION('',(1.,0.E+000,0.E+000));
#9068 = DIRECTION('',(0.E+000,0.E+000,-1.));
#9069 = ADVANCED_FACE('',(#9070),#9081,.T.);
#9070 = FACE_BOUND('',#9071,.T.);
#9071 = EDGE_LOOP('',(#9072,#9073,#9074));
#9072 = ORIENTED_EDGE('',*,*,#7984,.F.);
#9073 = ORIENTED_EDGE('',*,*,#8918,.F.);
#9074 = ORIENTED_EDGE('',*,*,#9075,.F.);
#9075 = EDGE_CURVE('',#7144,#8911,#9076,.T.);
#9076 = CIRCLE('',#9077,5.E-002);
#9077 = AXIS2_PLACEMENT_3D('',#9078,#9079,#9080);
#9078 = CARTESIAN_POINT('',(1.875,0.25,-0.85));
#9079 = DIRECTION('',(-0.E+000,1.,0.E+000));
#9080 = DIRECTION('',(1.734723475977E-014,0.E+000,-1.));
#9081 = ( BOUNDED_SURFACE() B_SPLINE_SURFACE(3,3,(
    (#9082,#9083,#9084,#9085)
    ,(#9086,#9087,#9088,#9089)
    ,(#9090,#9091,#9092,#9093)
    ,(#9094,#9095,#9096,#9097
)),.UNSPECIFIED.,.F.,.F.,.F.) B_SPLINE_SURFACE_WITH_KNOTS((4,4),(4,4),(
    0.E+000,1.),(0.E+000,1.),.PIECEWISE_BEZIER_KNOTS.) 
GEOMETRIC_REPRESENTATION_ITEM() RATIONAL_B_SPLINE_SURFACE((
    (1.,0.804737854124,0.804737854124,1.)
    ,(0.804737854124,0.647603013861,0.647603013861,0.804737854124)
    ,(0.804737854124,0.647603013861,0.647603013861,0.804737854124)
,(1.,0.804737854124,0.804737854124,1.
))) REPRESENTATION_ITEM('') SURFACE() );
#9082 = CARTESIAN_POINT('',(1.925,0.25,-0.85));
#9083 = CARTESIAN_POINT('',(1.925,0.25,-0.85));
#9084 = CARTESIAN_POINT('',(1.925,0.25,-0.85));
#9085 = CARTESIAN_POINT('',(1.925,0.25,-0.85));
#9086 = CARTESIAN_POINT('',(1.925,0.220710678119,-0.85));
#9087 = CARTESIAN_POINT('',(1.925,0.220710678119,-0.867157287525));
#9088 = CARTESIAN_POINT('',(1.925,0.232842712475,-0.879289321881));
#9089 = CARTESIAN_POINT('',(1.925,0.25,-0.879289321881));
#9090 = CARTESIAN_POINT('',(1.904289321881,0.2,-0.85));
#9091 = CARTESIAN_POINT('',(1.904289321881,0.2,-0.879289321881));
#9092 = CARTESIAN_POINT('',(1.904289321881,0.220710678119,-0.9));
#9093 = CARTESIAN_POINT('',(1.904289321881,0.25,-0.9));
#9094 = CARTESIAN_POINT('',(1.875,0.2,-0.85));
#9095 = CARTESIAN_POINT('',(1.875,0.2,-0.879289321881));
#9096 = CARTESIAN_POINT('',(1.875,0.220710678119,-0.9));
#9097 = CARTESIAN_POINT('',(1.875,0.25,-0.9));
#9098 = ADVANCED_FACE('',(#9099),#9117,.F.);
#9099 = FACE_BOUND('',#9100,.T.);
#9100 = EDGE_LOOP('',(#9101,#9109,#9115,#9116));
#9101 = ORIENTED_EDGE('',*,*,#9102,.F.);
#9102 = EDGE_CURVE('',#9103,#8003,#9105,.T.);
#9103 = VERTEX_POINT('',#9104);
#9104 = CARTESIAN_POINT('',(1.921457630015,2.286578816939,
    -0.868484821161));
#9105 = LINE('',#9106,#9107);
#9106 = CARTESIAN_POINT('',(1.921457630015,2.4,-0.868484821161));
#9107 = VECTOR('',#9108,1.);
#9108 = DIRECTION('',(0.E+000,-1.,0.E+000));
#9109 = ORIENTED_EDGE('',*,*,#9110,.T.);
#9110 = EDGE_CURVE('',#9103,#8053,#9111,.T.);
#9111 = LINE('',#9112,#9113);
#9112 = CARTESIAN_POINT('',(1.921457630015,2.286578816939,0.1));
#9113 = VECTOR('',#9114,1.);
#9114 = DIRECTION('',(0.E+000,-0.E+000,1.));
#9115 = ORIENTED_EDGE('',*,*,#8052,.T.);
#9116 = ORIENTED_EDGE('',*,*,#8011,.T.);
#9117 = PLANE('',#9118);
#9118 = AXIS2_PLACEMENT_3D('',#9119,#9120,#9121);
#9119 = CARTESIAN_POINT('',(1.921457630015,1.7,0.1));
#9120 = DIRECTION('',(-1.,0.E+000,0.E+000));
#9121 = DIRECTION('',(0.E+000,0.E+000,1.));
#9122 = ADVANCED_FACE('',(#9123),#9148,.T.);
#9123 = FACE_BOUND('',#9124,.T.);
#9124 = EDGE_LOOP('',(#9125,#9132,#9133,#9142));
#9125 = ORIENTED_EDGE('',*,*,#9126,.T.);
#9126 = EDGE_CURVE('',#8093,#8035,#9127,.T.);
#9127 = CIRCLE('',#9128,5.E-002);
#9128 = AXIS2_PLACEMENT_3D('',#9129,#9130,#9131);
#9129 = CARTESIAN_POINT('',(2.275,1.75,0.15));
#9130 = DIRECTION('',(0.E+000,1.,0.E+000));
#9131 = DIRECTION('',(0.E+000,-0.E+000,1.));
#9132 = ORIENTED_EDGE('',*,*,#8034,.T.);
#9133 = ORIENTED_EDGE('',*,*,#9134,.T.);
#9134 = EDGE_CURVE('',#8037,#9135,#9137,.T.);
#9135 = VERTEX_POINT('',#9136);
#9136 = CARTESIAN_POINT('',(2.325,2.336578816939,0.15));
#9137 = ( BOUNDED_CURVE() B_SPLINE_CURVE(3,(#9138,#9139,#9140,#9141),
.UNSPECIFIED.,.F.,.F.) B_SPLINE_CURVE_WITH_KNOTS((4,4),(3.14159265359,
4.712388980385),.PIECEWISE_BEZIER_KNOTS.) CURVE() 
GEOMETRIC_REPRESENTATION_ITEM() RATIONAL_B_SPLINE_CURVE((1.,
0.804737854124,0.804737854124,1.)) REPRESENTATION_ITEM('') );
#9138 = CARTESIAN_POINT('',(2.275,2.286578816939,1.E-001));
#9139 = CARTESIAN_POINT('',(2.304289321881,2.286578816939,0.1));
#9140 = CARTESIAN_POINT('',(2.325,2.307289495058,0.120710678119));
#9141 = CARTESIAN_POINT('',(2.325,2.336578816939,0.15));
#9142 = ORIENTED_EDGE('',*,*,#9143,.T.);
#9143 = EDGE_CURVE('',#9135,#8093,#9144,.T.);
#9144 = LINE('',#9145,#9146);
#9145 = CARTESIAN_POINT('',(2.325,0.E+000,0.15));
#9146 = VECTOR('',#9147,1.);
#9147 = DIRECTION('',(-0.E+000,-1.,-0.E+000));
#9148 = CYLINDRICAL_SURFACE('',#9149,5.E-002);
#9149 = AXIS2_PLACEMENT_3D('',#9150,#9151,#9152);
#9150 = CARTESIAN_POINT('',(2.275,0.E+000,0.15));
#9151 = DIRECTION('',(0.E+000,1.,0.E+000));
#9152 = DIRECTION('',(0.E+000,-0.E+000,1.));
#9153 = ADVANCED_FACE('',(#9154),#9159,.T.);
#9154 = FACE_BOUND('',#9155,.T.);
#9155 = EDGE_LOOP('',(#9156,#9157,#9158));
#9156 = ORIENTED_EDGE('',*,*,#8074,.F.);
#9157 = ORIENTED_EDGE('',*,*,#9126,.F.);
#9158 = ORIENTED_EDGE('',*,*,#8092,.F.);
#9159 = ( BOUNDED_SURFACE() B_SPLINE_SURFACE(3,3,(
    (#9160,#9161,#9162,#9163)
    ,(#9164,#9165,#9166,#9167)
    ,(#9168,#9169,#9170,#9171)
    ,(#9172,#9173,#9174,#9175
)),.UNSPECIFIED.,.F.,.F.,.F.) B_SPLINE_SURFACE_WITH_KNOTS((4,4),(4,4),(
    0.E+000,1.),(0.E+000,1.),.PIECEWISE_BEZIER_KNOTS.) 
GEOMETRIC_REPRESENTATION_ITEM() RATIONAL_B_SPLINE_SURFACE((
    (1.,0.804737854124,0.804737854124,1.)
    ,(0.804737854124,0.647603013861,0.647603013861,0.804737854124)
    ,(0.804737854124,0.647603013861,0.647603013861,0.804737854124)
,(1.,0.804737854124,0.804737854124,1.
))) REPRESENTATION_ITEM('') SURFACE() );
#9160 = CARTESIAN_POINT('',(2.325,1.75,0.15));
#9161 = CARTESIAN_POINT('',(2.325,1.75,0.15));
#9162 = CARTESIAN_POINT('',(2.325,1.75,0.15));
#9163 = CARTESIAN_POINT('',(2.325,1.75,0.15));
#9164 = CARTESIAN_POINT('',(2.325,1.720710678119,0.15));
#9165 = CARTESIAN_POINT('',(2.325,1.720710678119,0.132842712475));
#9166 = CARTESIAN_POINT('',(2.325,1.732842712475,0.120710678119));
#9167 = CARTESIAN_POINT('',(2.325,1.75,0.120710678119));
#9168 = CARTESIAN_POINT('',(2.304289321881,1.7,0.15));
#9169 = CARTESIAN_POINT('',(2.304289321881,1.7,0.120710678119));
#9170 = CARTESIAN_POINT('',(2.304289321881,1.720710678119,0.1));
#9171 = CARTESIAN_POINT('',(2.304289321881,1.75,0.1));
#9172 = CARTESIAN_POINT('',(2.275,1.7,0.15));
#9173 = CARTESIAN_POINT('',(2.275,1.7,0.120710678119));
#9174 = CARTESIAN_POINT('',(2.275,1.720710678119,0.1));
#9175 = CARTESIAN_POINT('',(2.275,1.75,0.1));
#9176 = ADVANCED_FACE('',(#9177),#9183,.T.);
#9177 = FACE_BOUND('',#9178,.T.);
#9178 = EDGE_LOOP('',(#9179,#9180,#9181,#9182));
#9179 = ORIENTED_EDGE('',*,*,#8173,.T.);
#9180 = ORIENTED_EDGE('',*,*,#8149,.T.);
#9181 = ORIENTED_EDGE('',*,*,#8125,.T.);
#9182 = ORIENTED_EDGE('',*,*,#8197,.T.);
#9183 = PLANE('',#9184);
#9184 = AXIS2_PLACEMENT_3D('',#9185,#9186,#9187);
#9185 = CARTESIAN_POINT('',(0.E+000,2.6,0.E+000));
#9186 = DIRECTION('',(0.E+000,1.,0.E+000));
#9187 = DIRECTION('',(0.E+000,-0.E+000,1.));
#9188 = ADVANCED_FACE('',(#9189),#9216,.T.);
#9189 = FACE_BOUND('',#9190,.T.);
#9190 = EDGE_LOOP('',(#9191,#9200,#9201,#9210));
#9191 = ORIENTED_EDGE('',*,*,#9192,.T.);
#9192 = EDGE_CURVE('',#9193,#8222,#9195,.T.);
#9193 = VERTEX_POINT('',#9194);
#9194 = CARTESIAN_POINT('',(0.9,3.5,-0.4));
#9195 = CIRCLE('',#9196,1.E-001);
#9196 = AXIS2_PLACEMENT_3D('',#9197,#9198,#9199);
#9197 = CARTESIAN_POINT('',(0.9,3.4,-0.4));
#9198 = DIRECTION('',(-1.,-0.E+000,1.084202172486E-016));
#9199 = DIRECTION('',(-1.084202172486E-016,0.E+000,-1.));
#9200 = ORIENTED_EDGE('',*,*,#8221,.T.);
#9201 = ORIENTED_EDGE('',*,*,#9202,.T.);
#9202 = EDGE_CURVE('',#8214,#9203,#9205,.T.);
#9203 = VERTEX_POINT('',#9204);
#9204 = CARTESIAN_POINT('',(-0.9,3.5,-0.4));
#9205 = CIRCLE('',#9206,1.E-001);
#9206 = AXIS2_PLACEMENT_3D('',#9207,#9208,#9209);
#9207 = CARTESIAN_POINT('',(-0.9,3.4,-0.4));
#9208 = DIRECTION('',(1.,0.E+000,-1.084202172486E-016));
#9209 = DIRECTION('',(-1.084202172486E-016,-0.E+000,-1.));
#9210 = ORIENTED_EDGE('',*,*,#9211,.T.);
#9211 = EDGE_CURVE('',#9203,#9193,#9212,.T.);
#9212 = LINE('',#9213,#9214);
#9213 = CARTESIAN_POINT('',(-4.336808689942E-017,3.5,-0.4));
#9214 = VECTOR('',#9215,1.);
#9215 = DIRECTION('',(1.,0.E+000,-1.084202172486E-016));
#9216 = CYLINDRICAL_SURFACE('',#9217,1.E-001);
#9217 = AXIS2_PLACEMENT_3D('',#9218,#9219,#9220);
#9218 = CARTESIAN_POINT('',(-4.336808689942E-017,3.4,-0.4));
#9219 = DIRECTION('',(1.,0.E+000,-1.084202172486E-016));
#9220 = DIRECTION('',(-1.084202172486E-016,0.E+000,-1.));
#9221 = ADVANCED_FACE('',(#9222),#9233,.T.);
#9222 = FACE_BOUND('',#9223,.T.);
#9223 = EDGE_LOOP('',(#9224,#9225,#9232));
#9224 = ORIENTED_EDGE('',*,*,#9192,.F.);
#9225 = ORIENTED_EDGE('',*,*,#9226,.T.);
#9226 = EDGE_CURVE('',#9193,#8245,#9227,.T.);
#9227 = CIRCLE('',#9228,1.E-001);
#9228 = AXIS2_PLACEMENT_3D('',#9229,#9230,#9231);
#9229 = CARTESIAN_POINT('',(0.9,3.4,-0.4));
#9230 = DIRECTION('',(0.E+000,-6.123233995737E-017,-1.));
#9231 = DIRECTION('',(1.,-1.301042606983E-014,7.966588320978E-031));
#9232 = ORIENTED_EDGE('',*,*,#8244,.F.);
#9233 = ( BOUNDED_SURFACE() B_SPLINE_SURFACE(3,3,(
    (#9234,#9235,#9236,#9237)
    ,(#9238,#9239,#9240,#9241)
    ,(#9242,#9243,#9244,#9245)
    ,(#9246,#9247,#9248,#9249
)),.UNSPECIFIED.,.F.,.F.,.F.) B_SPLINE_SURFACE_WITH_KNOTS((4,4),(4,4),(
    0.E+000,1.),(0.E+000,1.),.PIECEWISE_BEZIER_KNOTS.) 
GEOMETRIC_REPRESENTATION_ITEM() RATIONAL_B_SPLINE_SURFACE((
    (1.,0.804737854124,0.804737854124,1.)
    ,(0.804737854124,0.647603013861,0.647603013861,0.804737854124)
    ,(0.804737854124,0.647603013861,0.647603013861,0.804737854124)
,(1.,0.804737854124,0.804737854124,1.
))) REPRESENTATION_ITEM('') SURFACE() );
#9234 = CARTESIAN_POINT('',(1.,3.4,-0.4));
#9235 = CARTESIAN_POINT('',(1.,3.4,-0.4));
#9236 = CARTESIAN_POINT('',(1.,3.4,-0.4));
#9237 = CARTESIAN_POINT('',(1.,3.4,-0.4));
#9238 = CARTESIAN_POINT('',(1.,3.4,-0.458578643763));
#9239 = CARTESIAN_POINT('',(1.,3.434314575051,-0.458578643763));
#9240 = CARTESIAN_POINT('',(1.,3.458578643763,-0.434314575051));
#9241 = CARTESIAN_POINT('',(1.,3.458578643763,-0.4));
#9242 = CARTESIAN_POINT('',(0.958578643763,3.4,-0.5));
#9243 = CARTESIAN_POINT('',(0.958578643763,3.458578643763,-0.5));
#9244 = CARTESIAN_POINT('',(0.958578643763,3.5,-0.458578643763));
#9245 = CARTESIAN_POINT('',(0.958578643763,3.5,-0.4));
#9246 = CARTESIAN_POINT('',(0.9,3.4,-0.5));
#9247 = CARTESIAN_POINT('',(0.9,3.458578643763,-0.5));
#9248 = CARTESIAN_POINT('',(0.9,3.5,-0.458578643763));
#9249 = CARTESIAN_POINT('',(0.9,3.5,-0.4));
#9250 = ADVANCED_FACE('',(#9251),#9270,.T.);
#9251 = FACE_BOUND('',#9252,.T.);
#9252 = EDGE_LOOP('',(#9253,#9254,#9262,#9269));
#9253 = ORIENTED_EDGE('',*,*,#9226,.F.);
#9254 = ORIENTED_EDGE('',*,*,#9255,.T.);
#9255 = EDGE_CURVE('',#9193,#9256,#9258,.T.);
#9256 = VERTEX_POINT('',#9257);
#9257 = CARTESIAN_POINT('',(0.9,3.5,0.4));
#9258 = LINE('',#9259,#9260);
#9259 = CARTESIAN_POINT('',(0.9,3.5,0.E+000));
#9260 = VECTOR('',#9261,1.);
#9261 = DIRECTION('',(0.E+000,0.E+000,1.));
#9262 = ORIENTED_EDGE('',*,*,#9263,.T.);
#9263 = EDGE_CURVE('',#9256,#8270,#9264,.T.);
#9264 = CIRCLE('',#9265,1.E-001);
#9265 = AXIS2_PLACEMENT_3D('',#9266,#9267,#9268);
#9266 = CARTESIAN_POINT('',(0.9,3.4,0.4));
#9267 = DIRECTION('',(0.E+000,0.E+000,-1.));
#9268 = DIRECTION('',(1.,0.E+000,0.E+000));
#9269 = ORIENTED_EDGE('',*,*,#8279,.T.);
#9270 = CYLINDRICAL_SURFACE('',#9271,1.E-001);
#9271 = AXIS2_PLACEMENT_3D('',#9272,#9273,#9274);
#9272 = CARTESIAN_POINT('',(0.9,3.4,0.E+000));
#9273 = DIRECTION('',(0.E+000,0.E+000,1.));
#9274 = DIRECTION('',(1.,0.E+000,-0.E+000));
#9275 = ADVANCED_FACE('',(#9276),#9287,.T.);
#9276 = FACE_BOUND('',#9277,.T.);
#9277 = EDGE_LOOP('',(#9278,#9279,#9280));
#9278 = ORIENTED_EDGE('',*,*,#8293,.F.);
#9279 = ORIENTED_EDGE('',*,*,#9263,.F.);
#9280 = ORIENTED_EDGE('',*,*,#9281,.T.);
#9281 = EDGE_CURVE('',#9256,#8294,#9282,.T.);
#9282 = CIRCLE('',#9283,1.E-001);
#9283 = AXIS2_PLACEMENT_3D('',#9284,#9285,#9286);
#9284 = CARTESIAN_POINT('',(0.9,3.4,0.4));
#9285 = DIRECTION('',(1.,0.E+000,0.E+000));
#9286 = DIRECTION('',(0.E+000,0.E+000,-1.));
#9287 = ( BOUNDED_SURFACE() B_SPLINE_SURFACE(3,3,(
    (#9288,#9289,#9290,#9291)
    ,(#9292,#9293,#9294,#9295)
    ,(#9296,#9297,#9298,#9299)
    ,(#9300,#9301,#9302,#9303
)),.UNSPECIFIED.,.F.,.F.,.F.) B_SPLINE_SURFACE_WITH_KNOTS((4,4),(4,4),(
    0.E+000,1.),(0.E+000,1.),.PIECEWISE_BEZIER_KNOTS.) 
GEOMETRIC_REPRESENTATION_ITEM() RATIONAL_B_SPLINE_SURFACE((
    (1.,0.804737854123,0.804737854123,1.)
    ,(0.804737854124,0.64760301386,0.64760301386,0.804737854124)
    ,(0.804737854124,0.64760301386,0.64760301386,0.804737854124)
,(1.,0.804737854123,0.804737854123,1.
))) REPRESENTATION_ITEM('') SURFACE() );
#9288 = CARTESIAN_POINT('',(1.,3.4,0.4));
#9289 = CARTESIAN_POINT('',(1.,3.4,0.4));
#9290 = CARTESIAN_POINT('',(1.,3.4,0.4));
#9291 = CARTESIAN_POINT('',(1.,3.4,0.4));
#9292 = CARTESIAN_POINT('',(1.,3.458578643763,0.4));
#9293 = CARTESIAN_POINT('',(1.,3.458578643763,0.434314575051));
#9294 = CARTESIAN_POINT('',(1.,3.434314575051,0.458578643763));
#9295 = CARTESIAN_POINT('',(1.,3.4,0.458578643763));
#9296 = CARTESIAN_POINT('',(0.958578643763,3.5,0.4));
#9297 = CARTESIAN_POINT('',(0.958578643763,3.5,0.458578643762));
#9298 = CARTESIAN_POINT('',(0.958578643763,3.458578643763,0.5));
#9299 = CARTESIAN_POINT('',(0.958578643763,3.4,0.5));
#9300 = CARTESIAN_POINT('',(0.9,3.5,0.4));
#9301 = CARTESIAN_POINT('',(0.9,3.5,0.458578643762));
#9302 = CARTESIAN_POINT('',(0.9,3.458578643763,0.5));
#9303 = CARTESIAN_POINT('',(0.9,3.4,0.5));
#9304 = ADVANCED_FACE('',(#9305),#9324,.T.);
#9305 = FACE_BOUND('',#9306,.T.);
#9306 = EDGE_LOOP('',(#9307,#9308,#9316,#9323));
#9307 = ORIENTED_EDGE('',*,*,#9281,.F.);
#9308 = ORIENTED_EDGE('',*,*,#9309,.T.);
#9309 = EDGE_CURVE('',#9256,#9310,#9312,.T.);
#9310 = VERTEX_POINT('',#9311);
#9311 = CARTESIAN_POINT('',(-0.9,3.5,0.4));
#9312 = LINE('',#9313,#9314);
#9313 = CARTESIAN_POINT('',(0.E+000,3.5,0.4));
#9314 = VECTOR('',#9315,1.);
#9315 = DIRECTION('',(-1.,0.E+000,0.E+000));
#9316 = ORIENTED_EDGE('',*,*,#9317,.T.);
#9317 = EDGE_CURVE('',#9310,#8319,#9318,.T.);
#9318 = CIRCLE('',#9319,1.E-001);
#9319 = AXIS2_PLACEMENT_3D('',#9320,#9321,#9322);
#9320 = CARTESIAN_POINT('',(-0.9,3.4,0.4));
#9321 = DIRECTION('',(1.,0.E+000,-0.E+000));
#9322 = DIRECTION('',(0.E+000,0.E+000,1.));
#9323 = ORIENTED_EDGE('',*,*,#8328,.T.);
#9324 = CYLINDRICAL_SURFACE('',#9325,1.E-001);
#9325 = AXIS2_PLACEMENT_3D('',#9326,#9327,#9328);
#9326 = CARTESIAN_POINT('',(0.E+000,3.4,0.4));
#9327 = DIRECTION('',(-1.,0.E+000,0.E+000));
#9328 = DIRECTION('',(0.E+000,0.E+000,1.));
#9329 = ADVANCED_FACE('',(#9330),#9341,.T.);
#9330 = FACE_BOUND('',#9331,.T.);
#9331 = EDGE_LOOP('',(#9332,#9333,#9334));
#9332 = ORIENTED_EDGE('',*,*,#8342,.F.);
#9333 = ORIENTED_EDGE('',*,*,#9317,.F.);
#9334 = ORIENTED_EDGE('',*,*,#9335,.T.);
#9335 = EDGE_CURVE('',#9310,#8343,#9336,.T.);
#9336 = CIRCLE('',#9337,0.1);
#9337 = AXIS2_PLACEMENT_3D('',#9338,#9339,#9340);
#9338 = CARTESIAN_POINT('',(-0.9,3.4,0.4));
#9339 = DIRECTION('',(0.E+000,6.123233995737E-017,1.));
#9340 = DIRECTION('',(1.,0.E+000,-0.E+000));
#9341 = ( BOUNDED_SURFACE() B_SPLINE_SURFACE(3,3,(
    (#9342,#9343,#9344,#9345)
    ,(#9346,#9347,#9348,#9349)
    ,(#9350,#9351,#9352,#9353)
    ,(#9354,#9355,#9356,#9357
)),.UNSPECIFIED.,.F.,.F.,.F.) B_SPLINE_SURFACE_WITH_KNOTS((4,4),(4,4),(
    0.E+000,1.),(0.E+000,1.),.PIECEWISE_BEZIER_KNOTS.) 
GEOMETRIC_REPRESENTATION_ITEM() RATIONAL_B_SPLINE_SURFACE((
    (1.,0.804737854124,0.804737854124,1.)
    ,(0.804737854124,0.647603013861,0.647603013861,0.804737854124)
    ,(0.804737854124,0.647603013861,0.647603013861,0.804737854124)
,(1.,0.804737854124,0.804737854124,1.
))) REPRESENTATION_ITEM('') SURFACE() );
#9342 = CARTESIAN_POINT('',(-0.9,3.5,0.4));
#9343 = CARTESIAN_POINT('',(-0.9,3.5,0.458578643763));
#9344 = CARTESIAN_POINT('',(-0.9,3.458578643763,0.5));
#9345 = CARTESIAN_POINT('',(-0.9,3.4,0.5));
#9346 = CARTESIAN_POINT('',(-0.958578643763,3.5,0.4));
#9347 = CARTESIAN_POINT('',(-0.958578643763,3.5,0.458578643763));
#9348 = CARTESIAN_POINT('',(-0.958578643763,3.458578643763,0.5));
#9349 = CARTESIAN_POINT('',(-0.958578643763,3.4,0.5));
#9350 = CARTESIAN_POINT('',(-1.,3.458578643763,0.4));
#9351 = CARTESIAN_POINT('',(-1.,3.458578643763,0.434314575051));
#9352 = CARTESIAN_POINT('',(-1.,3.434314575051,0.458578643763));
#9353 = CARTESIAN_POINT('',(-1.,3.4,0.458578643763));
#9354 = CARTESIAN_POINT('',(-1.,3.4,0.4));
#9355 = CARTESIAN_POINT('',(-1.,3.4,0.4));
#9356 = CARTESIAN_POINT('',(-1.,3.4,0.4));
#9357 = CARTESIAN_POINT('',(-1.,3.4,0.4));
#9358 = ADVANCED_FACE('',(#9359),#9376,.T.);
#9359 = FACE_BOUND('',#9360,.T.);
#9360 = EDGE_LOOP('',(#9361,#9362,#9368,#9375));
#9361 = ORIENTED_EDGE('',*,*,#9335,.F.);
#9362 = ORIENTED_EDGE('',*,*,#9363,.T.);
#9363 = EDGE_CURVE('',#9310,#9203,#9364,.T.);
#9364 = LINE('',#9365,#9366);
#9365 = CARTESIAN_POINT('',(-0.9,3.5,1.951563910474E-016));
#9366 = VECTOR('',#9367,1.);
#9367 = DIRECTION('',(-2.168404344971E-016,0.E+000,-1.));
#9368 = ORIENTED_EDGE('',*,*,#9369,.T.);
#9369 = EDGE_CURVE('',#9203,#8368,#9370,.T.);
#9370 = CIRCLE('',#9371,1.E-001);
#9371 = AXIS2_PLACEMENT_3D('',#9372,#9373,#9374);
#9372 = CARTESIAN_POINT('',(-0.9,3.4,-0.4));
#9373 = DIRECTION('',(2.168404344971E-016,0.E+000,1.));
#9374 = DIRECTION('',(-1.,0.E+000,2.168404344971E-016));
#9375 = ORIENTED_EDGE('',*,*,#8377,.T.);
#9376 = CYLINDRICAL_SURFACE('',#9377,0.1);
#9377 = AXIS2_PLACEMENT_3D('',#9378,#9379,#9380);
#9378 = CARTESIAN_POINT('',(-0.9,3.4,1.951563910474E-016));
#9379 = DIRECTION('',(-2.168404344971E-016,0.E+000,-1.));
#9380 = DIRECTION('',(-1.,0.E+000,2.168404344971E-016));
#9381 = ADVANCED_FACE('',(#9382),#9387,.T.);
#9382 = FACE_BOUND('',#9383,.T.);
#9383 = EDGE_LOOP('',(#9384,#9385,#9386));
#9384 = ORIENTED_EDGE('',*,*,#9369,.F.);
#9385 = ORIENTED_EDGE('',*,*,#9202,.F.);
#9386 = ORIENTED_EDGE('',*,*,#8391,.F.);
#9387 = ( BOUNDED_SURFACE() B_SPLINE_SURFACE(3,3,(
    (#9388,#9389,#9390,#9391)
    ,(#9392,#9393,#9394,#9395)
    ,(#9396,#9397,#9398,#9399)
    ,(#9400,#9401,#9402,#9403
)),.UNSPECIFIED.,.F.,.F.,.F.) B_SPLINE_SURFACE_WITH_KNOTS((4,4),(4,4),(
    0.E+000,1.),(0.E+000,1.),.PIECEWISE_BEZIER_KNOTS.) 
GEOMETRIC_REPRESENTATION_ITEM() RATIONAL_B_SPLINE_SURFACE((
    (1.,0.804737854124,0.804737854124,1.)
    ,(0.804737854124,0.647603013861,0.647603013861,0.804737854124)
    ,(0.804737854124,0.647603013861,0.647603013861,0.804737854124)
,(1.,0.804737854124,0.804737854124,1.
))) REPRESENTATION_ITEM('') SURFACE() );
#9388 = CARTESIAN_POINT('',(-0.9,3.4,-0.5));
#9389 = CARTESIAN_POINT('',(-0.9,3.458578643763,-0.5));
#9390 = CARTESIAN_POINT('',(-0.9,3.5,-0.458578643763));
#9391 = CARTESIAN_POINT('',(-0.9,3.5,-0.4));
#9392 = CARTESIAN_POINT('',(-0.958578643763,3.4,-0.5));
#9393 = CARTESIAN_POINT('',(-0.958578643763,3.458578643763,-0.5));
#9394 = CARTESIAN_POINT('',(-0.958578643763,3.5,-0.458578643763));
#9395 = CARTESIAN_POINT('',(-0.958578643763,3.5,-0.4));
#9396 = CARTESIAN_POINT('',(-1.,3.4,-0.458578643763));
#9397 = CARTESIAN_POINT('',(-1.,3.434314575051,-0.458578643763));
#9398 = CARTESIAN_POINT('',(-1.,3.458578643763,-0.434314575051));
#9399 = CARTESIAN_POINT('',(-1.,3.458578643763,-0.4));
#9400 = CARTESIAN_POINT('',(-1.,3.4,-0.4));
#9401 = CARTESIAN_POINT('',(-1.,3.4,-0.4));
#9402 = CARTESIAN_POINT('',(-1.,3.4,-0.4));
#9403 = CARTESIAN_POINT('',(-1.,3.4,-0.4));
#9404 = ADVANCED_FACE('',(#9405),#9411,.F.);
#9405 = FACE_BOUND('',#9406,.T.);
#9406 = EDGE_LOOP('',(#9407,#9408,#9409,#9410));
#9407 = ORIENTED_EDGE('',*,*,#8489,.T.);
#9408 = ORIENTED_EDGE('',*,*,#8465,.T.);
#9409 = ORIENTED_EDGE('',*,*,#8441,.T.);
#9410 = ORIENTED_EDGE('',*,*,#8417,.T.);
#9411 = PLANE('',#9412);
#9412 = AXIS2_PLACEMENT_3D('',#9413,#9414,#9415);
#9413 = CARTESIAN_POINT('',(0.E+000,2.6,0.E+000));
#9414 = DIRECTION('',(0.E+000,-1.,0.E+000));
#9415 = DIRECTION('',(0.E+000,-0.E+000,-1.));
#9416 = ADVANCED_FACE('',(#9417),#9437,.T.);
#9417 = FACE_BOUND('',#9418,.T.);
#9418 = EDGE_LOOP('',(#9419,#9420,#9421,#9422,#9423,#9431));
#9419 = ORIENTED_EDGE('',*,*,#8506,.F.);
#9420 = ORIENTED_EDGE('',*,*,#7233,.T.);
#9421 = ORIENTED_EDGE('',*,*,#8101,.T.);
#9422 = ORIENTED_EDGE('',*,*,#9143,.F.);
#9423 = ORIENTED_EDGE('',*,*,#9424,.T.);
#9424 = EDGE_CURVE('',#9135,#9425,#9427,.T.);
#9425 = VERTEX_POINT('',#9426);
#9426 = CARTESIAN_POINT('',(2.325,2.336578816939,-0.95));
#9427 = LINE('',#9428,#9429);
#9428 = CARTESIAN_POINT('',(2.325,2.336578816939,0.9));
#9429 = VECTOR('',#9430,1.);
#9430 = DIRECTION('',(-2.409338161079E-016,0.E+000,-1.));
#9431 = ORIENTED_EDGE('',*,*,#9432,.T.);
#9432 = EDGE_CURVE('',#9425,#8507,#9433,.T.);
#9433 = LINE('',#9434,#9435);
#9434 = CARTESIAN_POINT('',(2.325,2.2,-0.95));
#9435 = VECTOR('',#9436,1.);
#9436 = DIRECTION('',(0.E+000,1.,0.E+000));
#9437 = PLANE('',#9438);
#9438 = AXIS2_PLACEMENT_3D('',#9439,#9440,#9441);
#9439 = CARTESIAN_POINT('',(2.325,2.2,0.9));
#9440 = DIRECTION('',(1.,0.E+000,-2.409338161079E-016));
#9441 = DIRECTION('',(-2.409338161079E-016,0.E+000,-1.));
#9442 = ADVANCED_FACE('',(#9443),#9454,.T.);
#9443 = FACE_BOUND('',#9444,.T.);
#9444 = EDGE_LOOP('',(#9445,#9446,#9447));
#9445 = ORIENTED_EDGE('',*,*,#8530,.F.);
#9446 = ORIENTED_EDGE('',*,*,#8514,.F.);
#9447 = ORIENTED_EDGE('',*,*,#9448,.T.);
#9448 = EDGE_CURVE('',#8507,#8531,#9449,.T.);
#9449 = CIRCLE('',#9450,5.E-002);
#9450 = AXIS2_PLACEMENT_3D('',#9451,#9452,#9453);
#9451 = CARTESIAN_POINT('',(2.275,2.35,-0.95));
#9452 = DIRECTION('',(-0.E+000,1.,0.E+000));
#9453 = DIRECTION('',(1.,0.E+000,0.E+000));
#9454 = ( BOUNDED_SURFACE() B_SPLINE_SURFACE(3,3,(
    (#9455,#9456,#9457,#9458)
    ,(#9459,#9460,#9461,#9462)
    ,(#9463,#9464,#9465,#9466)
    ,(#9467,#9468,#9469,#9470
)),.UNSPECIFIED.,.F.,.F.,.F.) B_SPLINE_SURFACE_WITH_KNOTS((4,4),(4,4),(
    0.E+000,1.),(0.E+000,1.),.PIECEWISE_BEZIER_KNOTS.) 
GEOMETRIC_REPRESENTATION_ITEM() RATIONAL_B_SPLINE_SURFACE((
    (1.,0.804737854124,0.804737854124,1.)
    ,(0.804737854124,0.647603013861,0.647603013861,0.804737854124)
    ,(0.804737854124,0.647603013861,0.647603013861,0.804737854124)
,(1.,0.804737854124,0.804737854124,1.
))) REPRESENTATION_ITEM('') SURFACE() );
#9455 = CARTESIAN_POINT('',(2.325,2.35,-0.95));
#9456 = CARTESIAN_POINT('',(2.325,2.35,-0.95));
#9457 = CARTESIAN_POINT('',(2.325,2.35,-0.95));
#9458 = CARTESIAN_POINT('',(2.325,2.35,-0.95));
#9459 = CARTESIAN_POINT('',(2.325,2.35,-0.979289321881));
#9460 = CARTESIAN_POINT('',(2.325,2.367157287525,-0.979289321881));
#9461 = CARTESIAN_POINT('',(2.325,2.379289321881,-0.967157287525));
#9462 = CARTESIAN_POINT('',(2.325,2.379289321881,-0.95));
#9463 = CARTESIAN_POINT('',(2.304289321881,2.35,-1.));
#9464 = CARTESIAN_POINT('',(2.304289321881,2.379289321881,-1.));
#9465 = CARTESIAN_POINT('',(2.304289321881,2.4,-0.979289321881));
#9466 = CARTESIAN_POINT('',(2.304289321881,2.4,-0.95));
#9467 = CARTESIAN_POINT('',(2.275,2.35,-1.));
#9468 = CARTESIAN_POINT('',(2.275,2.379289321881,-1.));
#9469 = CARTESIAN_POINT('',(2.275,2.4,-0.979289321881));
#9470 = CARTESIAN_POINT('',(2.275,2.4,-0.95));
#9471 = ADVANCED_FACE('',(#9472),#9497,.F.);
#9472 = FACE_BOUND('',#9473,.T.);
#9473 = EDGE_LOOP('',(#9474,#9475,#9483,#9491));
#9474 = ORIENTED_EDGE('',*,*,#8539,.F.);
#9475 = ORIENTED_EDGE('',*,*,#9476,.F.);
#9476 = EDGE_CURVE('',#9477,#8531,#9479,.T.);
#9477 = VERTEX_POINT('',#9478);
#9478 = CARTESIAN_POINT('',(2.275,2.336578816939,-1.));
#9479 = LINE('',#9480,#9481);
#9480 = CARTESIAN_POINT('',(2.275,0.E+000,-1.));
#9481 = VECTOR('',#9482,1.);
#9482 = DIRECTION('',(-0.E+000,1.,0.E+000));
#9483 = ORIENTED_EDGE('',*,*,#9484,.F.);
#9484 = EDGE_CURVE('',#9485,#9477,#9487,.T.);
#9485 = VERTEX_POINT('',#9486);
#9486 = CARTESIAN_POINT('',(-2.275,2.336578816939,-1.));
#9487 = LINE('',#9488,#9489);
#9488 = CARTESIAN_POINT('',(0.E+000,2.336578816939,-1.));
#9489 = VECTOR('',#9490,1.);
#9490 = DIRECTION('',(1.,0.E+000,-0.E+000));
#9491 = ORIENTED_EDGE('',*,*,#9492,.F.);
#9492 = EDGE_CURVE('',#8540,#9485,#9493,.T.);
#9493 = LINE('',#9494,#9495);
#9494 = CARTESIAN_POINT('',(-2.275,0.E+000,-1.));
#9495 = VECTOR('',#9496,1.);
#9496 = DIRECTION('',(0.E+000,-1.,-0.E+000));
#9497 = PLANE('',#9498);
#9498 = AXIS2_PLACEMENT_3D('',#9499,#9500,#9501);
#9499 = CARTESIAN_POINT('',(0.E+000,0.E+000,-1.));
#9500 = DIRECTION('',(0.E+000,0.E+000,1.));
#9501 = DIRECTION('',(1.,0.E+000,-0.E+000));
#9502 = ADVANCED_FACE('',(#9503),#9514,.T.);
#9503 = FACE_BOUND('',#9504,.T.);
#9504 = EDGE_LOOP('',(#9505,#9506,#9507));
#9505 = ORIENTED_EDGE('',*,*,#8563,.F.);
#9506 = ORIENTED_EDGE('',*,*,#8547,.F.);
#9507 = ORIENTED_EDGE('',*,*,#9508,.T.);
#9508 = EDGE_CURVE('',#8540,#8564,#9509,.T.);
#9509 = CIRCLE('',#9510,5.E-002);
#9510 = AXIS2_PLACEMENT_3D('',#9511,#9512,#9513);
#9511 = CARTESIAN_POINT('',(-2.275,2.35,-0.95));
#9512 = DIRECTION('',(-0.E+000,1.,0.E+000));
#9513 = DIRECTION('',(1.,0.E+000,0.E+000));
#9514 = ( BOUNDED_SURFACE() B_SPLINE_SURFACE(3,3,(
    (#9515,#9516,#9517,#9518)
    ,(#9519,#9520,#9521,#9522)
    ,(#9523,#9524,#9525,#9526)
    ,(#9527,#9528,#9529,#9530
)),.UNSPECIFIED.,.F.,.F.,.F.) B_SPLINE_SURFACE_WITH_KNOTS((4,4),(4,4),(
    0.E+000,1.),(0.E+000,1.),.PIECEWISE_BEZIER_KNOTS.) 
GEOMETRIC_REPRESENTATION_ITEM() RATIONAL_B_SPLINE_SURFACE((
    (1.,0.804737854124,0.804737854124,1.)
    ,(0.804737854124,0.647603013861,0.647603013861,0.804737854124)
    ,(0.804737854124,0.647603013861,0.647603013861,0.804737854124)
,(1.,0.804737854124,0.804737854124,1.
))) REPRESENTATION_ITEM('') SURFACE() );
#9515 = CARTESIAN_POINT('',(-2.275,2.35,-1.));
#9516 = CARTESIAN_POINT('',(-2.275,2.379289321881,-1.));
#9517 = CARTESIAN_POINT('',(-2.275,2.4,-0.979289321881));
#9518 = CARTESIAN_POINT('',(-2.275,2.4,-0.95));
#9519 = CARTESIAN_POINT('',(-2.304289321881,2.35,-1.));
#9520 = CARTESIAN_POINT('',(-2.304289321881,2.379289321881,-1.));
#9521 = CARTESIAN_POINT('',(-2.304289321881,2.4,-0.979289321881));
#9522 = CARTESIAN_POINT('',(-2.304289321881,2.4,-0.95));
#9523 = CARTESIAN_POINT('',(-2.325,2.35,-0.979289321881));
#9524 = CARTESIAN_POINT('',(-2.325,2.367157287525,-0.979289321881));
#9525 = CARTESIAN_POINT('',(-2.325,2.379289321881,-0.967157287525));
#9526 = CARTESIAN_POINT('',(-2.325,2.379289321881,-0.95));
#9527 = CARTESIAN_POINT('',(-2.325,2.35,-0.95));
#9528 = CARTESIAN_POINT('',(-2.325,2.35,-0.95));
#9529 = CARTESIAN_POINT('',(-2.325,2.35,-0.95));
#9530 = CARTESIAN_POINT('',(-2.325,2.35,-0.95));
#9531 = ADVANCED_FACE('',(#9532),#9559,.T.);
#9532 = FACE_BOUND('',#9533,.T.);
#9533 = EDGE_LOOP('',(#9534,#9542,#9543,#9544,#9545,#9553));
#9534 = ORIENTED_EDGE('',*,*,#9535,.T.);
#9535 = EDGE_CURVE('',#9536,#8589,#9538,.T.);
#9536 = VERTEX_POINT('',#9537);
#9537 = CARTESIAN_POINT('',(-2.325,2.336578816939,0.15));
#9538 = LINE('',#9539,#9540);
#9539 = CARTESIAN_POINT('',(-2.325,2.2,0.15));
#9540 = VECTOR('',#9541,1.);
#9541 = DIRECTION('',(-0.E+000,-1.,0.E+000));
#9542 = ORIENTED_EDGE('',*,*,#8599,.F.);
#9543 = ORIENTED_EDGE('',*,*,#7445,.T.);
#9544 = ORIENTED_EDGE('',*,*,#8572,.F.);
#9545 = ORIENTED_EDGE('',*,*,#9546,.T.);
#9546 = EDGE_CURVE('',#8564,#9547,#9549,.T.);
#9547 = VERTEX_POINT('',#9548);
#9548 = CARTESIAN_POINT('',(-2.325,2.336578816939,-0.95));
#9549 = LINE('',#9550,#9551);
#9550 = CARTESIAN_POINT('',(-2.325,2.2,-0.95));
#9551 = VECTOR('',#9552,1.);
#9552 = DIRECTION('',(-0.E+000,-1.,0.E+000));
#9553 = ORIENTED_EDGE('',*,*,#9554,.T.);
#9554 = EDGE_CURVE('',#9547,#9536,#9555,.T.);
#9555 = LINE('',#9556,#9557);
#9556 = CARTESIAN_POINT('',(-2.325,2.336578816939,0.9));
#9557 = VECTOR('',#9558,1.);
#9558 = DIRECTION('',(0.E+000,0.E+000,1.));
#9559 = PLANE('',#9560);
#9560 = AXIS2_PLACEMENT_3D('',#9561,#9562,#9563);
#9561 = CARTESIAN_POINT('',(-2.325,2.2,0.9));
#9562 = DIRECTION('',(-1.,0.E+000,0.E+000));
#9563 = DIRECTION('',(0.E+000,0.E+000,1.));
#9564 = ADVANCED_FACE('',(#9565),#9576,.T.);
#9565 = FACE_BOUND('',#9566,.T.);
#9566 = EDGE_LOOP('',(#9567,#9568,#9575));
#9567 = ORIENTED_EDGE('',*,*,#8588,.F.);
#9568 = ORIENTED_EDGE('',*,*,#9569,.T.);
#9569 = EDGE_CURVE('',#8589,#8614,#9570,.T.);
#9570 = CIRCLE('',#9571,5.E-002);
#9571 = AXIS2_PLACEMENT_3D('',#9572,#9573,#9574);
#9572 = CARTESIAN_POINT('',(-2.275,1.75,0.15));
#9573 = DIRECTION('',(-0.E+000,-1.,0.E+000));
#9574 = DIRECTION('',(1.,-0.E+000,0.E+000));
#9575 = ORIENTED_EDGE('',*,*,#8613,.F.);
#9576 = ( BOUNDED_SURFACE() B_SPLINE_SURFACE(3,3,(
    (#9577,#9578,#9579,#9580)
    ,(#9581,#9582,#9583,#9584)
    ,(#9585,#9586,#9587,#9588)
    ,(#9589,#9590,#9591,#9592
)),.UNSPECIFIED.,.F.,.F.,.F.) B_SPLINE_SURFACE_WITH_KNOTS((4,4),(4,4),(
    0.E+000,1.),(0.E+000,1.),.PIECEWISE_BEZIER_KNOTS.) 
GEOMETRIC_REPRESENTATION_ITEM() RATIONAL_B_SPLINE_SURFACE((
    (1.,0.804737854124,0.804737854124,1.)
    ,(0.804737854124,0.647603013861,0.647603013861,0.804737854124)
    ,(0.804737854124,0.647603013861,0.647603013861,0.804737854124)
,(1.,0.804737854124,0.804737854124,1.
))) REPRESENTATION_ITEM('') SURFACE() );
#9577 = CARTESIAN_POINT('',(-2.275,1.7,0.15));
#9578 = CARTESIAN_POINT('',(-2.275,1.7,0.120710678119));
#9579 = CARTESIAN_POINT('',(-2.275,1.720710678119,0.1));
#9580 = CARTESIAN_POINT('',(-2.275,1.75,0.1));
#9581 = CARTESIAN_POINT('',(-2.304289321881,1.7,0.15));
#9582 = CARTESIAN_POINT('',(-2.304289321881,1.7,0.120710678119));
#9583 = CARTESIAN_POINT('',(-2.304289321881,1.720710678119,0.1));
#9584 = CARTESIAN_POINT('',(-2.304289321881,1.75,0.1));
#9585 = CARTESIAN_POINT('',(-2.325,1.720710678119,0.15));
#9586 = CARTESIAN_POINT('',(-2.325,1.720710678119,0.132842712475));
#9587 = CARTESIAN_POINT('',(-2.325,1.732842712475,0.120710678119));
#9588 = CARTESIAN_POINT('',(-2.325,1.75,0.120710678119));
#9589 = CARTESIAN_POINT('',(-2.325,1.75,0.15));
#9590 = CARTESIAN_POINT('',(-2.325,1.75,0.15));
#9591 = CARTESIAN_POINT('',(-2.325,1.75,0.15));
#9592 = CARTESIAN_POINT('',(-2.325,1.75,0.15));
#9593 = ADVANCED_FACE('',(#9594),#9619,.F.);
#9594 = FACE_BOUND('',#9595,.T.);
#9595 = EDGE_LOOP('',(#9596,#9604,#9612,#9618));
#9596 = ORIENTED_EDGE('',*,*,#9597,.F.);
#9597 = EDGE_CURVE('',#9598,#8614,#9600,.T.);
#9598 = VERTEX_POINT('',#9599);
#9599 = CARTESIAN_POINT('',(-2.275,2.286578816939,1.E-001));
#9600 = LINE('',#9601,#9602);
#9601 = CARTESIAN_POINT('',(-2.275,0.E+000,0.1));
#9602 = VECTOR('',#9603,1.);
#9603 = DIRECTION('',(0.E+000,-1.,-0.E+000));
#9604 = ORIENTED_EDGE('',*,*,#9605,.T.);
#9605 = EDGE_CURVE('',#9598,#9606,#9608,.T.);
#9606 = VERTEX_POINT('',#9607);
#9607 = CARTESIAN_POINT('',(-1.925,2.286578816939,0.1));
#9608 = LINE('',#9609,#9610);
#9609 = CARTESIAN_POINT('',(2.325,2.286578816939,0.1));
#9610 = VECTOR('',#9611,1.);
#9611 = DIRECTION('',(1.,0.E+000,-0.E+000));
#9612 = ORIENTED_EDGE('',*,*,#9613,.T.);
#9613 = EDGE_CURVE('',#9606,#8623,#9614,.T.);
#9614 = LINE('',#9615,#9616);
#9615 = CARTESIAN_POINT('',(-1.925,2.4,0.1));
#9616 = VECTOR('',#9617,1.);
#9617 = DIRECTION('',(-0.E+000,-1.,-0.E+000));
#9618 = ORIENTED_EDGE('',*,*,#8622,.F.);
#9619 = PLANE('',#9620);
#9620 = AXIS2_PLACEMENT_3D('',#9621,#9622,#9623);
#9621 = CARTESIAN_POINT('',(0.E+000,0.E+000,0.1));
#9622 = DIRECTION('',(0.E+000,0.E+000,1.));
#9623 = DIRECTION('',(1.,0.E+000,-0.E+000));
#9624 = ADVANCED_FACE('',(#9625),#9631,.T.);
#9625 = FACE_BOUND('',#9626,.T.);
#9626 = EDGE_LOOP('',(#9627,#9628,#9629,#9630));
#9627 = ORIENTED_EDGE('',*,*,#8693,.F.);
#9628 = ORIENTED_EDGE('',*,*,#8674,.T.);
#9629 = ORIENTED_EDGE('',*,*,#8725,.F.);
#9630 = ORIENTED_EDGE('',*,*,#8742,.F.);
#9631 = CYLINDRICAL_SURFACE('',#9632,5.E-002);
#9632 = AXIS2_PLACEMENT_3D('',#9633,#9634,#9635);
#9633 = CARTESIAN_POINT('',(-1.2272645986,5.E-002,0.45));
#9634 = DIRECTION('',(1.,0.E+000,0.E+000));
#9635 = DIRECTION('',(0.E+000,0.E+000,-1.));
#9636 = ADVANCED_FACE('',(#9637),#9664,.T.);
#9637 = FACE_BOUND('',#9638,.T.);
#9638 = EDGE_LOOP('',(#9639,#9648,#9649,#9658));
#9639 = ORIENTED_EDGE('',*,*,#9640,.T.);
#9640 = EDGE_CURVE('',#9641,#8759,#9643,.T.);
#9641 = VERTEX_POINT('',#9642);
#9642 = CARTESIAN_POINT('',(-0.4772645986,-1.863472483959E-017,-0.85));
#9643 = CIRCLE('',#9644,5.E-002);
#9644 = AXIS2_PLACEMENT_3D('',#9645,#9646,#9647);
#9645 = CARTESIAN_POINT('',(-0.4772645986,5.E-002,-0.85));
#9646 = DIRECTION('',(-2.168404344971E-016,0.E+000,1.));
#9647 = DIRECTION('',(1.,0.E+000,2.168404344971E-016));
#9648 = ORIENTED_EDGE('',*,*,#8758,.T.);
#9649 = ORIENTED_EDGE('',*,*,#9650,.T.);
#9650 = EDGE_CURVE('',#8761,#9651,#9653,.T.);
#9651 = VERTEX_POINT('',#9652);
#9652 = CARTESIAN_POINT('',(-0.4772645986,-2.710505431214E-017,-0.45));
#9653 = ( BOUNDED_CURVE() B_SPLINE_CURVE(3,(#9654,#9655,#9656,#9657),
.UNSPECIFIED.,.F.,.F.) B_SPLINE_CURVE_WITH_KNOTS((4,4),(0.E+000,
1.570796326795),.PIECEWISE_BEZIER_KNOTS.) CURVE() 
GEOMETRIC_REPRESENTATION_ITEM() RATIONAL_B_SPLINE_CURVE((1.,
0.804737854124,0.804737854124,1.)) REPRESENTATION_ITEM('') );
#9654 = CARTESIAN_POINT('',(-0.4272645986,5.E-002,-0.4));
#9655 = CARTESIAN_POINT('',(-0.4272645986,2.071067811865E-002,-0.4));
#9656 = CARTESIAN_POINT('',(-0.447975276719,-2.531160059758E-017,
    -0.420710678119));
#9657 = CARTESIAN_POINT('',(-0.4772645986,-2.710505431214E-017,-0.45));
#9658 = ORIENTED_EDGE('',*,*,#9659,.T.);
#9659 = EDGE_CURVE('',#9651,#9641,#9660,.T.);
#9660 = LINE('',#9661,#9662);
#9661 = CARTESIAN_POINT('',(-0.4772645986,-2.710505431214E-017,-0.4));
#9662 = VECTOR('',#9663,1.);
#9663 = DIRECTION('',(2.168404344971E-016,-0.E+000,-1.));
#9664 = CYLINDRICAL_SURFACE('',#9665,5.E-002);
#9665 = AXIS2_PLACEMENT_3D('',#9666,#9667,#9668);
#9666 = CARTESIAN_POINT('',(-0.4772645986,5.E-002,-0.4));
#9667 = DIRECTION('',(-2.168404344971E-016,0.E+000,1.));
#9668 = DIRECTION('',(1.,0.E+000,2.168404344971E-016));
#9669 = ADVANCED_FACE('',(#9670),#9689,.T.);
#9670 = FACE_BOUND('',#9671,.T.);
#9671 = EDGE_LOOP('',(#9672,#9673,#9674,#9683));
#9672 = ORIENTED_EDGE('',*,*,#8799,.F.);
#9673 = ORIENTED_EDGE('',*,*,#8768,.T.);
#9674 = ORIENTED_EDGE('',*,*,#9675,.T.);
#9675 = EDGE_CURVE('',#8759,#9676,#9678,.T.);
#9676 = VERTEX_POINT('',#9677);
#9677 = CARTESIAN_POINT('',(-0.4772645986,5.E-002,-0.9));
#9678 = CIRCLE('',#9679,5.E-002);
#9679 = AXIS2_PLACEMENT_3D('',#9680,#9681,#9682);
#9680 = CARTESIAN_POINT('',(-0.4772645986,5.E-002,-0.85));
#9681 = DIRECTION('',(-0.E+000,1.,0.E+000));
#9682 = DIRECTION('',(0.E+000,0.E+000,-1.));
#9683 = ORIENTED_EDGE('',*,*,#9684,.T.);
#9684 = EDGE_CURVE('',#9676,#8800,#9685,.T.);
#9685 = LINE('',#9686,#9687);
#9686 = CARTESIAN_POINT('',(-0.4772645986,2.4,-0.9));
#9687 = VECTOR('',#9688,1.);
#9688 = DIRECTION('',(-0.E+000,1.,0.E+000));
#9689 = CYLINDRICAL_SURFACE('',#9690,5.E-002);
#9690 = AXIS2_PLACEMENT_3D('',#9691,#9692,#9693);
#9691 = CARTESIAN_POINT('',(-0.4772645986,2.4,-0.85));
#9692 = DIRECTION('',(0.E+000,-1.,0.E+000));
#9693 = DIRECTION('',(0.E+000,0.E+000,-1.));
#9694 = ADVANCED_FACE('',(#9695),#9714,.T.);
#9695 = FACE_BOUND('',#9696,.T.);
#9696 = EDGE_LOOP('',(#9697,#9706,#9707,#9708));
#9697 = ORIENTED_EDGE('',*,*,#9698,.T.);
#9698 = EDGE_CURVE('',#9699,#8825,#9701,.T.);
#9699 = VERTEX_POINT('',#9700);
#9700 = CARTESIAN_POINT('',(0.4772645986,5.E-002,-0.9));
#9701 = CIRCLE('',#9702,5.E-002);
#9702 = AXIS2_PLACEMENT_3D('',#9703,#9704,#9705);
#9703 = CARTESIAN_POINT('',(0.4772645986,5.E-002,-0.85));
#9704 = DIRECTION('',(-0.E+000,1.,0.E+000));
#9705 = DIRECTION('',(0.E+000,0.E+000,-1.));
#9706 = ORIENTED_EDGE('',*,*,#8839,.T.);
#9707 = ORIENTED_EDGE('',*,*,#8789,.F.);
#9708 = ORIENTED_EDGE('',*,*,#9709,.T.);
#9709 = EDGE_CURVE('',#8790,#9699,#9710,.T.);
#9710 = LINE('',#9711,#9712);
#9711 = CARTESIAN_POINT('',(0.4772645986,2.4,-0.9));
#9712 = VECTOR('',#9713,1.);
#9713 = DIRECTION('',(0.E+000,-1.,-0.E+000));
#9714 = CYLINDRICAL_SURFACE('',#9715,5.E-002);
#9715 = AXIS2_PLACEMENT_3D('',#9716,#9717,#9718);
#9716 = CARTESIAN_POINT('',(0.4772645986,0.2,-0.85));
#9717 = DIRECTION('',(0.E+000,-1.,0.E+000));
#9718 = DIRECTION('',(0.E+000,0.E+000,-1.));
#9719 = ADVANCED_FACE('',(#9720),#9747,.T.);
#9720 = FACE_BOUND('',#9721,.T.);
#9721 = EDGE_LOOP('',(#9722,#9731,#9739,#9746));
#9722 = ORIENTED_EDGE('',*,*,#9723,.T.);
#9723 = EDGE_CURVE('',#8825,#9724,#9726,.T.);
#9724 = VERTEX_POINT('',#9725);
#9725 = CARTESIAN_POINT('',(0.4772645986,-1.863472483959E-017,-0.85));
#9726 = CIRCLE('',#9727,5.E-002);
#9727 = AXIS2_PLACEMENT_3D('',#9728,#9729,#9730);
#9728 = CARTESIAN_POINT('',(0.4772645986,5.E-002,-0.85));
#9729 = DIRECTION('',(2.168404344971E-016,0.E+000,1.));
#9730 = DIRECTION('',(-1.,0.E+000,2.168404344971E-016));
#9731 = ORIENTED_EDGE('',*,*,#9732,.T.);
#9732 = EDGE_CURVE('',#9724,#9733,#9735,.T.);
#9733 = VERTEX_POINT('',#9734);
#9734 = CARTESIAN_POINT('',(0.4772645986,-2.710505431214E-017,-0.45));
#9735 = LINE('',#9736,#9737);
#9736 = CARTESIAN_POINT('',(0.4772645986,-2.710505431214E-017,-0.4));
#9737 = VECTOR('',#9738,1.);
#9738 = DIRECTION('',(2.168404344971E-016,-0.E+000,1.));
#9739 = ORIENTED_EDGE('',*,*,#9740,.T.);
#9740 = EDGE_CURVE('',#9733,#8823,#9741,.T.);
#9741 = ( BOUNDED_CURVE() B_SPLINE_CURVE(3,(#9742,#9743,#9744,#9745),
.UNSPECIFIED.,.F.,.F.) B_SPLINE_CURVE_WITH_KNOTS((4,4),(1.570796326795,
3.14159265359),.PIECEWISE_BEZIER_KNOTS.) CURVE() 
GEOMETRIC_REPRESENTATION_ITEM() RATIONAL_B_SPLINE_CURVE((1.,
0.804737854124,0.804737854124,1.)) REPRESENTATION_ITEM('') );
#9742 = CARTESIAN_POINT('',(0.4772645986,-2.710505431214E-017,-0.45));
#9743 = CARTESIAN_POINT('',(0.447975276719,-2.88985080267E-017,
    -0.420710678119));
#9744 = CARTESIAN_POINT('',(0.4272645986,2.071067811865E-002,-0.4));
#9745 = CARTESIAN_POINT('',(0.4272645986,5.E-002,-0.4));
#9746 = ORIENTED_EDGE('',*,*,#8822,.T.);
#9747 = CYLINDRICAL_SURFACE('',#9748,5.E-002);
#9748 = AXIS2_PLACEMENT_3D('',#9749,#9750,#9751);
#9749 = CARTESIAN_POINT('',(0.4772645986,5.E-002,-0.4));
#9750 = DIRECTION('',(-2.168404344971E-016,0.E+000,-1.));
#9751 = DIRECTION('',(-1.,0.E+000,2.168404344971E-016));
#9752 = ADVANCED_FACE('',(#9753),#9772,.T.);
#9753 = FACE_BOUND('',#9754,.T.);
#9754 = EDGE_LOOP('',(#9755,#9764,#9765,#9766));
#9755 = ORIENTED_EDGE('',*,*,#9756,.T.);
#9756 = EDGE_CURVE('',#9757,#8854,#9759,.T.);
#9757 = VERTEX_POINT('',#9758);
#9758 = CARTESIAN_POINT('',(1.1772645986,2.710505431214E-017,-0.45));
#9759 = ( BOUNDED_CURVE() B_SPLINE_CURVE(3,(#9760,#9761,#9762,#9763),
.UNSPECIFIED.,.F.,.F.) B_SPLINE_CURVE_WITH_KNOTS((4,4),(1.570796326795,
3.14159265359),.PIECEWISE_BEZIER_KNOTS.) CURVE() 
GEOMETRIC_REPRESENTATION_ITEM() RATIONAL_B_SPLINE_CURVE((1.,
0.804737854124,0.804737854124,1.)) REPRESENTATION_ITEM('') );
#9760 = CARTESIAN_POINT('',(1.1772645986,2.710505431214E-017,-0.45));
#9761 = CARTESIAN_POINT('',(1.206553920481,2.585705594232E-017,
    -0.420710678119));
#9762 = CARTESIAN_POINT('',(1.2272645986,2.071067811865E-002,-0.4));
#9763 = CARTESIAN_POINT('',(1.2272645986,5.E-002,-0.4));
#9764 = ORIENTED_EDGE('',*,*,#8853,.T.);
#9765 = ORIENTED_EDGE('',*,*,#9740,.F.);
#9766 = ORIENTED_EDGE('',*,*,#9767,.T.);
#9767 = EDGE_CURVE('',#9733,#9757,#9768,.T.);
#9768 = LINE('',#9769,#9770);
#9769 = CARTESIAN_POINT('',(1.2272645986,-2.710505431214E-017,-0.45));
#9770 = VECTOR('',#9771,1.);
#9771 = DIRECTION('',(1.,-0.E+000,-0.E+000));
#9772 = CYLINDRICAL_SURFACE('',#9773,5.E-002);
#9773 = AXIS2_PLACEMENT_3D('',#9774,#9775,#9776);
#9774 = CARTESIAN_POINT('',(1.2272645986,5.E-002,-0.45));
#9775 = DIRECTION('',(-1.,0.E+000,0.E+000));
#9776 = DIRECTION('',(0.E+000,0.E+000,1.));
#9777 = ADVANCED_FACE('',(#9778),#9797,.T.);
#9778 = FACE_BOUND('',#9779,.T.);
#9779 = EDGE_LOOP('',(#9780,#9789,#9790,#9791));
#9780 = ORIENTED_EDGE('',*,*,#9781,.T.);
#9781 = EDGE_CURVE('',#9782,#8878,#9784,.T.);
#9782 = VERTEX_POINT('',#9783);
#9783 = CARTESIAN_POINT('',(1.1772645986,3.557538378468E-017,-0.85));
#9784 = CIRCLE('',#9785,5.E-002);
#9785 = AXIS2_PLACEMENT_3D('',#9786,#9787,#9788);
#9786 = CARTESIAN_POINT('',(1.1772645986,5.E-002,-0.85));
#9787 = DIRECTION('',(0.E+000,0.E+000,1.));
#9788 = DIRECTION('',(1.,0.E+000,-0.E+000));
#9789 = ORIENTED_EDGE('',*,*,#8877,.T.);
#9790 = ORIENTED_EDGE('',*,*,#9756,.F.);
#9791 = ORIENTED_EDGE('',*,*,#9792,.T.);
#9792 = EDGE_CURVE('',#9757,#9782,#9793,.T.);
#9793 = LINE('',#9794,#9795);
#9794 = CARTESIAN_POINT('',(1.1772645986,8.131516293641E-017,-0.9));
#9795 = VECTOR('',#9796,1.);
#9796 = DIRECTION('',(-0.E+000,-0.E+000,-1.));
#9797 = CYLINDRICAL_SURFACE('',#9798,5.E-002);
#9798 = AXIS2_PLACEMENT_3D('',#9799,#9800,#9801);
#9799 = CARTESIAN_POINT('',(1.1772645986,5.E-002,-0.9));
#9800 = DIRECTION('',(0.E+000,0.E+000,1.));
#9801 = DIRECTION('',(1.,0.E+000,-0.E+000));
#9802 = ADVANCED_FACE('',(#9803),#9822,.T.);
#9803 = FACE_BOUND('',#9804,.T.);
#9804 = EDGE_LOOP('',(#9805,#9814,#9820,#9821));
#9805 = ORIENTED_EDGE('',*,*,#9806,.T.);
#9806 = EDGE_CURVE('',#8878,#9807,#9809,.T.);
#9807 = VERTEX_POINT('',#9808);
#9808 = CARTESIAN_POINT('',(1.1772645986,5.E-002,-0.9));
#9809 = CIRCLE('',#9810,5.E-002);
#9810 = AXIS2_PLACEMENT_3D('',#9811,#9812,#9813);
#9811 = CARTESIAN_POINT('',(1.1772645986,5.E-002,-0.85));
#9812 = DIRECTION('',(-0.E+000,1.,0.E+000));
#9813 = DIRECTION('',(0.E+000,0.E+000,-1.));
#9814 = ORIENTED_EDGE('',*,*,#9815,.T.);
#9815 = EDGE_CURVE('',#9807,#8902,#9816,.T.);
#9816 = LINE('',#9817,#9818);
#9817 = CARTESIAN_POINT('',(1.1772645986,2.4,-0.9));
#9818 = VECTOR('',#9819,1.);
#9819 = DIRECTION('',(-0.E+000,1.,0.E+000));
#9820 = ORIENTED_EDGE('',*,*,#8901,.F.);
#9821 = ORIENTED_EDGE('',*,*,#8885,.T.);
#9822 = CYLINDRICAL_SURFACE('',#9823,5.E-002);
#9823 = AXIS2_PLACEMENT_3D('',#9824,#9825,#9826);
#9824 = CARTESIAN_POINT('',(1.1772645986,2.4,-0.85));
#9825 = DIRECTION('',(0.E+000,-1.,0.E+000));
#9826 = DIRECTION('',(0.E+000,0.E+000,-1.));
#9827 = ADVANCED_FACE('',(#9828),#9839,.T.);
#9828 = FACE_BOUND('',#9829,.T.);
#9829 = EDGE_LOOP('',(#9830,#9831,#9838));
#9830 = ORIENTED_EDGE('',*,*,#8934,.F.);
#9831 = ORIENTED_EDGE('',*,*,#9832,.F.);
#9832 = EDGE_CURVE('',#8960,#8935,#9833,.T.);
#9833 = CIRCLE('',#9834,5.E-002);
#9834 = AXIS2_PLACEMENT_3D('',#9835,#9836,#9837);
#9835 = CARTESIAN_POINT('',(-1.875,0.25,-0.85));
#9836 = DIRECTION('',(-0.E+000,1.,0.E+000));
#9837 = DIRECTION('',(0.E+000,0.E+000,-1.));
#9838 = ORIENTED_EDGE('',*,*,#8959,.F.);
#9839 = ( BOUNDED_SURFACE() B_SPLINE_SURFACE(3,3,(
    (#9840,#9841,#9842,#9843)
    ,(#9844,#9845,#9846,#9847)
    ,(#9848,#9849,#9850,#9851)
    ,(#9852,#9853,#9854,#9855
)),.UNSPECIFIED.,.F.,.F.,.F.) B_SPLINE_SURFACE_WITH_KNOTS((4,4),(4,4),(
    0.E+000,1.),(0.E+000,1.),.PIECEWISE_BEZIER_KNOTS.) 
GEOMETRIC_REPRESENTATION_ITEM() RATIONAL_B_SPLINE_SURFACE((
    (1.,0.804737854124,0.804737854124,1.)
    ,(0.804737854124,0.647603013861,0.647603013861,0.804737854124)
    ,(0.804737854124,0.647603013861,0.647603013861,0.804737854124)
,(1.,0.804737854124,0.804737854124,1.
))) REPRESENTATION_ITEM('') SURFACE() );
#9840 = CARTESIAN_POINT('',(-1.875,0.2,-0.85));
#9841 = CARTESIAN_POINT('',(-1.875,0.2,-0.879289321881));
#9842 = CARTESIAN_POINT('',(-1.875,0.220710678119,-0.9));
#9843 = CARTESIAN_POINT('',(-1.875,0.25,-0.9));
#9844 = CARTESIAN_POINT('',(-1.904289321881,0.2,-0.85));
#9845 = CARTESIAN_POINT('',(-1.904289321881,0.2,-0.879289321881));
#9846 = CARTESIAN_POINT('',(-1.904289321881,0.220710678119,-0.9));
#9847 = CARTESIAN_POINT('',(-1.904289321881,0.25,-0.9));
#9848 = CARTESIAN_POINT('',(-1.925,0.220710678119,-0.85));
#9849 = CARTESIAN_POINT('',(-1.925,0.220710678119,-0.867157287525));
#9850 = CARTESIAN_POINT('',(-1.925,0.232842712475,-0.879289321881));
#9851 = CARTESIAN_POINT('',(-1.925,0.25,-0.879289321881));
#9852 = CARTESIAN_POINT('',(-1.925,0.25,-0.85));
#9853 = CARTESIAN_POINT('',(-1.925,0.25,-0.85));
#9854 = CARTESIAN_POINT('',(-1.925,0.25,-0.85));
#9855 = CARTESIAN_POINT('',(-1.925,0.25,-0.85));
#9856 = ADVANCED_FACE('',(#9857),#9884,.T.);
#9857 = FACE_BOUND('',#9858,.T.);
#9858 = EDGE_LOOP('',(#9859,#9868,#9869,#9878));
#9859 = ORIENTED_EDGE('',*,*,#9860,.T.);
#9860 = EDGE_CURVE('',#9861,#8993,#9863,.T.);
#9861 = VERTEX_POINT('',#9862);
#9862 = CARTESIAN_POINT('',(-1.1772645986,2.710505431214E-017,-0.45));
#9863 = ( BOUNDED_CURVE() B_SPLINE_CURVE(3,(#9864,#9865,#9866,#9867),
.UNSPECIFIED.,.F.,.F.) B_SPLINE_CURVE_WITH_KNOTS((4,4),(1.570796326795,
3.14159265359),.PIECEWISE_BEZIER_KNOTS.) CURVE() 
GEOMETRIC_REPRESENTATION_ITEM() RATIONAL_B_SPLINE_CURVE((1.,
0.804737854124,0.804737854124,1.)) REPRESENTATION_ITEM('') );
#9864 = CARTESIAN_POINT('',(-1.1772645986,2.710505431214E-017,-0.45));
#9865 = CARTESIAN_POINT('',(-1.206553920481,2.585705594232E-017,
    -0.420710678119));
#9866 = CARTESIAN_POINT('',(-1.2272645986,2.071067811865E-002,-0.4));
#9867 = CARTESIAN_POINT('',(-1.2272645986,5.E-002,-0.4));
#9868 = ORIENTED_EDGE('',*,*,#8992,.T.);
#9869 = ORIENTED_EDGE('',*,*,#9870,.T.);
#9870 = EDGE_CURVE('',#8995,#9871,#9873,.T.);
#9871 = VERTEX_POINT('',#9872);
#9872 = CARTESIAN_POINT('',(-1.1772645986,4.065758146821E-017,-0.85));
#9873 = ( BOUNDED_CURVE() B_SPLINE_CURVE(3,(#9874,#9875,#9876,#9877),
.UNSPECIFIED.,.F.,.F.) B_SPLINE_CURVE_WITH_KNOTS((4,4),(0.E+000,
1.570796326795),.PIECEWISE_BEZIER_KNOTS.) CURVE() 
GEOMETRIC_REPRESENTATION_ITEM() RATIONAL_B_SPLINE_CURVE((1.,
0.804737854124,0.804737854124,1.)) REPRESENTATION_ITEM('') );
#9874 = CARTESIAN_POINT('',(-1.2272645986,5.E-002,-0.9));
#9875 = CARTESIAN_POINT('',(-1.2272645986,2.071067811865E-002,-0.9));
#9876 = CARTESIAN_POINT('',(-1.206553920481,1.102136709631E-016,
    -0.879289321881));
#9877 = CARTESIAN_POINT('',(-1.1772645986,4.065758146821E-017,-0.85));
#9878 = ORIENTED_EDGE('',*,*,#9879,.T.);
#9879 = EDGE_CURVE('',#9871,#9861,#9880,.T.);
#9880 = LINE('',#9881,#9882);
#9881 = CARTESIAN_POINT('',(-1.1772645986,8.131516293641E-017,-0.9));
#9882 = VECTOR('',#9883,1.);
#9883 = DIRECTION('',(-0.E+000,-0.E+000,1.));
#9884 = CYLINDRICAL_SURFACE('',#9885,5.E-002);
#9885 = AXIS2_PLACEMENT_3D('',#9886,#9887,#9888);
#9886 = CARTESIAN_POINT('',(-1.1772645986,5.E-002,-0.9));
#9887 = DIRECTION('',(0.E+000,0.E+000,-1.));
#9888 = DIRECTION('',(-1.,0.E+000,0.E+000));
#9889 = ADVANCED_FACE('',(#9890),#9901,.T.);
#9890 = FACE_BOUND('',#9891,.T.);
#9891 = EDGE_LOOP('',(#9892,#9893,#9894,#9895));
#9892 = ORIENTED_EDGE('',*,*,#9650,.F.);
#9893 = ORIENTED_EDGE('',*,*,#9024,.T.);
#9894 = ORIENTED_EDGE('',*,*,#9860,.F.);
#9895 = ORIENTED_EDGE('',*,*,#9896,.T.);
#9896 = EDGE_CURVE('',#9861,#9651,#9897,.T.);
#9897 = LINE('',#9898,#9899);
#9898 = CARTESIAN_POINT('',(-1.2272645986,-2.710505431214E-017,-0.45));
#9899 = VECTOR('',#9900,1.);
#9900 = DIRECTION('',(1.,-0.E+000,-0.E+000));
#9901 = CYLINDRICAL_SURFACE('',#9902,5.E-002);
#9902 = AXIS2_PLACEMENT_3D('',#9903,#9904,#9905);
#9903 = CARTESIAN_POINT('',(-1.2272645986,5.E-002,-0.45));
#9904 = DIRECTION('',(-1.,0.E+000,0.E+000));
#9905 = DIRECTION('',(0.E+000,0.E+000,1.));
#9906 = ADVANCED_FACE('',(#9907),#9926,.T.);
#9907 = FACE_BOUND('',#9908,.T.);
#9908 = EDGE_LOOP('',(#9909,#9910,#9918,#9925));
#9909 = ORIENTED_EDGE('',*,*,#9134,.F.);
#9910 = ORIENTED_EDGE('',*,*,#9911,.T.);
#9911 = EDGE_CURVE('',#8037,#9912,#9914,.T.);
#9912 = VERTEX_POINT('',#9913);
#9913 = CARTESIAN_POINT('',(2.275,2.286578816939,-0.95));
#9914 = LINE('',#9915,#9916);
#9915 = CARTESIAN_POINT('',(2.275,2.286578816939,0.1));
#9916 = VECTOR('',#9917,1.);
#9917 = DIRECTION('',(-0.E+000,0.E+000,-1.));
#9918 = ORIENTED_EDGE('',*,*,#9919,.T.);
#9919 = EDGE_CURVE('',#9912,#9425,#9920,.T.);
#9920 = CIRCLE('',#9921,5.E-002);
#9921 = AXIS2_PLACEMENT_3D('',#9922,#9923,#9924);
#9922 = CARTESIAN_POINT('',(2.275,2.336578816939,-0.95));
#9923 = DIRECTION('',(2.409338161079E-016,0.E+000,1.));
#9924 = DIRECTION('',(1.,0.E+000,-2.409338161079E-016));
#9925 = ORIENTED_EDGE('',*,*,#9424,.F.);
#9926 = CYLINDRICAL_SURFACE('',#9927,5.E-002);
#9927 = AXIS2_PLACEMENT_3D('',#9928,#9929,#9930);
#9928 = CARTESIAN_POINT('',(2.275,2.336578816939,0.9));
#9929 = DIRECTION('',(2.409338161079E-016,0.E+000,1.));
#9930 = DIRECTION('',(1.,0.E+000,-2.409338161079E-016));
#9931 = ADVANCED_FACE('',(#9932),#9938,.T.);
#9932 = FACE_BOUND('',#9933,.T.);
#9933 = EDGE_LOOP('',(#9934,#9935,#9936,#9937));
#9934 = ORIENTED_EDGE('',*,*,#9211,.F.);
#9935 = ORIENTED_EDGE('',*,*,#9363,.F.);
#9936 = ORIENTED_EDGE('',*,*,#9309,.F.);
#9937 = ORIENTED_EDGE('',*,*,#9255,.F.);
#9938 = PLANE('',#9939);
#9939 = AXIS2_PLACEMENT_3D('',#9940,#9941,#9942);
#9940 = CARTESIAN_POINT('',(0.E+000,3.5,0.E+000));
#9941 = DIRECTION('',(0.E+000,1.,0.E+000));
#9942 = DIRECTION('',(0.E+000,-0.E+000,1.));
#9943 = ADVANCED_FACE('',(#9944),#9956,.T.);
#9944 = FACE_BOUND('',#9945,.T.);
#9945 = EDGE_LOOP('',(#9946,#9953,#9954,#9955));
#9946 = ORIENTED_EDGE('',*,*,#9947,.T.);
#9947 = EDGE_CURVE('',#9425,#9477,#9948,.T.);
#9948 = CIRCLE('',#9949,5.E-002);
#9949 = AXIS2_PLACEMENT_3D('',#9950,#9951,#9952);
#9950 = CARTESIAN_POINT('',(2.275,2.336578816939,-0.95));
#9951 = DIRECTION('',(0.E+000,1.,0.E+000));
#9952 = DIRECTION('',(0.E+000,-0.E+000,1.));
#9953 = ORIENTED_EDGE('',*,*,#9476,.T.);
#9954 = ORIENTED_EDGE('',*,*,#9448,.F.);
#9955 = ORIENTED_EDGE('',*,*,#9432,.F.);
#9956 = CYLINDRICAL_SURFACE('',#9957,5.E-002);
#9957 = AXIS2_PLACEMENT_3D('',#9958,#9959,#9960);
#9958 = CARTESIAN_POINT('',(2.275,0.E+000,-0.95));
#9959 = DIRECTION('',(0.E+000,1.,0.E+000));
#9960 = DIRECTION('',(0.E+000,-0.E+000,1.));
#9961 = ADVANCED_FACE('',(#9962),#9974,.T.);
#9962 = FACE_BOUND('',#9963,.T.);
#9963 = EDGE_LOOP('',(#9964,#9971,#9972,#9973));
#9964 = ORIENTED_EDGE('',*,*,#9965,.T.);
#9965 = EDGE_CURVE('',#9485,#9547,#9966,.T.);
#9966 = CIRCLE('',#9967,5.E-002);
#9967 = AXIS2_PLACEMENT_3D('',#9968,#9969,#9970);
#9968 = CARTESIAN_POINT('',(-2.275,2.336578816939,-0.95));
#9969 = DIRECTION('',(-0.E+000,1.,0.E+000));
#9970 = DIRECTION('',(0.E+000,0.E+000,-1.));
#9971 = ORIENTED_EDGE('',*,*,#9546,.F.);
#9972 = ORIENTED_EDGE('',*,*,#9508,.F.);
#9973 = ORIENTED_EDGE('',*,*,#9492,.T.);
#9974 = CYLINDRICAL_SURFACE('',#9975,5.E-002);
#9975 = AXIS2_PLACEMENT_3D('',#9976,#9977,#9978);
#9976 = CARTESIAN_POINT('',(-2.275,0.E+000,-0.95));
#9977 = DIRECTION('',(0.E+000,-1.,0.E+000));
#9978 = DIRECTION('',(0.E+000,0.E+000,-1.));
#9979 = ADVANCED_FACE('',(#9980),#10005,.T.);
#9980 = FACE_BOUND('',#9981,.T.);
#9981 = EDGE_LOOP('',(#9982,#9989,#9997,#10004));
#9982 = ORIENTED_EDGE('',*,*,#9983,.T.);
#9983 = EDGE_CURVE('',#9477,#9912,#9984,.T.);
#9984 = CIRCLE('',#9985,5.E-002);
#9985 = AXIS2_PLACEMENT_3D('',#9986,#9987,#9988);
#9986 = CARTESIAN_POINT('',(2.275,2.336578816939,-0.95));
#9987 = DIRECTION('',(-1.,0.E+000,0.E+000));
#9988 = DIRECTION('',(0.E+000,0.E+000,1.));
#9989 = ORIENTED_EDGE('',*,*,#9990,.T.);
#9990 = EDGE_CURVE('',#9912,#9991,#9993,.T.);
#9991 = VERTEX_POINT('',#9992);
#9992 = CARTESIAN_POINT('',(-2.275,2.286578816939,-0.95));
#9993 = LINE('',#9994,#9995);
#9994 = CARTESIAN_POINT('',(0.E+000,2.286578816939,-0.95));
#9995 = VECTOR('',#9996,1.);
#9996 = DIRECTION('',(-1.,0.E+000,0.E+000));
#9997 = ORIENTED_EDGE('',*,*,#9998,.T.);
#9998 = EDGE_CURVE('',#9991,#9485,#9999,.T.);
#9999 = CIRCLE('',#10000,5.E-002);
#10000 = AXIS2_PLACEMENT_3D('',#10001,#10002,#10003);
#10001 = CARTESIAN_POINT('',(-2.275,2.336578816939,-0.95));
#10002 = DIRECTION('',(1.,0.E+000,-0.E+000));
#10003 = DIRECTION('',(0.E+000,0.E+000,1.));
#10004 = ORIENTED_EDGE('',*,*,#9484,.T.);
#10005 = CYLINDRICAL_SURFACE('',#10006,5.E-002);
#10006 = AXIS2_PLACEMENT_3D('',#10007,#10008,#10009);
#10007 = CARTESIAN_POINT('',(0.E+000,2.336578816939,-0.95));
#10008 = DIRECTION('',(-1.,0.E+000,0.E+000));
#10009 = DIRECTION('',(0.E+000,0.E+000,1.));
#10010 = ADVANCED_FACE('',(#10011),#10023,.T.);
#10011 = FACE_BOUND('',#10012,.T.);
#10012 = EDGE_LOOP('',(#10013,#10020,#10021,#10022));
#10013 = ORIENTED_EDGE('',*,*,#10014,.T.);
#10014 = EDGE_CURVE('',#9536,#9598,#10015,.T.);
#10015 = ( BOUNDED_CURVE() B_SPLINE_CURVE(3,(#10016,#10017,#10018,#10019
),.UNSPECIFIED.,.F.,.F.) B_SPLINE_CURVE_WITH_KNOTS((4,4),(1.570796326795
,3.14159265359),.PIECEWISE_BEZIER_KNOTS.) CURVE() 
GEOMETRIC_REPRESENTATION_ITEM() RATIONAL_B_SPLINE_CURVE((1.,
0.804737854124,0.804737854124,1.)) REPRESENTATION_ITEM('') );
#10016 = CARTESIAN_POINT('',(-2.325,2.336578816939,0.15));
#10017 = CARTESIAN_POINT('',(-2.325,2.307289495058,0.120710678119));
#10018 = CARTESIAN_POINT('',(-2.304289321881,2.286578816939,0.1));
#10019 = CARTESIAN_POINT('',(-2.275,2.286578816939,1.E-001));
#10020 = ORIENTED_EDGE('',*,*,#9597,.T.);
#10021 = ORIENTED_EDGE('',*,*,#9569,.F.);
#10022 = ORIENTED_EDGE('',*,*,#9535,.F.);
#10023 = CYLINDRICAL_SURFACE('',#10024,5.E-002);
#10024 = AXIS2_PLACEMENT_3D('',#10025,#10026,#10027);
#10025 = CARTESIAN_POINT('',(-2.275,0.E+000,0.15));
#10026 = DIRECTION('',(0.E+000,-1.,0.E+000));
#10027 = DIRECTION('',(0.E+000,0.E+000,-1.));
#10028 = ADVANCED_FACE('',(#10029),#10046,.T.);
#10029 = FACE_BOUND('',#10030,.T.);
#10030 = EDGE_LOOP('',(#10031,#10038,#10044,#10045));
#10031 = ORIENTED_EDGE('',*,*,#10032,.T.);
#10032 = EDGE_CURVE('',#9547,#9991,#10033,.T.);
#10033 = CIRCLE('',#10034,5.E-002);
#10034 = AXIS2_PLACEMENT_3D('',#10035,#10036,#10037);
#10035 = CARTESIAN_POINT('',(-2.275,2.336578816939,-0.95));
#10036 = DIRECTION('',(0.E+000,0.E+000,1.));
#10037 = DIRECTION('',(1.,0.E+000,-0.E+000));
#10038 = ORIENTED_EDGE('',*,*,#10039,.T.);
#10039 = EDGE_CURVE('',#9991,#9598,#10040,.T.);
#10040 = LINE('',#10041,#10042);
#10041 = CARTESIAN_POINT('',(-2.275,2.286578816939,0.1));
#10042 = VECTOR('',#10043,1.);
#10043 = DIRECTION('',(0.E+000,0.E+000,1.));
#10044 = ORIENTED_EDGE('',*,*,#10014,.F.);
#10045 = ORIENTED_EDGE('',*,*,#9554,.F.);
#10046 = CYLINDRICAL_SURFACE('',#10047,5.E-002);
#10047 = AXIS2_PLACEMENT_3D('',#10048,#10049,#10050);
#10048 = CARTESIAN_POINT('',(-2.275,2.336578816939,0.1));
#10049 = DIRECTION('',(0.E+000,0.E+000,1.));
#10050 = DIRECTION('',(1.,0.E+000,-0.E+000));
#10051 = ADVANCED_FACE('',(#10052),#10063,.T.);
#10052 = FACE_BOUND('',#10053,.T.);
#10053 = EDGE_LOOP('',(#10054,#10061,#10062));
#10054 = ORIENTED_EDGE('',*,*,#10055,.T.);
#10055 = EDGE_CURVE('',#9641,#9676,#10056,.T.);
#10056 = CIRCLE('',#10057,5.E-002);
#10057 = AXIS2_PLACEMENT_3D('',#10058,#10059,#10060);
#10058 = CARTESIAN_POINT('',(-0.4772645986,5.E-002,-0.85));
#10059 = DIRECTION('',(1.,0.E+000,0.E+000));
#10060 = DIRECTION('',(0.E+000,0.E+000,-1.));
#10061 = ORIENTED_EDGE('',*,*,#9675,.F.);
#10062 = ORIENTED_EDGE('',*,*,#9640,.F.);
#10063 = ( BOUNDED_SURFACE() B_SPLINE_SURFACE(3,3,(
    (#10064,#10065,#10066,#10067)
    ,(#10068,#10069,#10070,#10071)
    ,(#10072,#10073,#10074,#10075)
    ,(#10076,#10077,#10078,#10079
)),.UNSPECIFIED.,.F.,.F.,.F.) B_SPLINE_SURFACE_WITH_KNOTS((4,4),(4,4),(
    0.E+000,1.),(0.E+000,1.),.PIECEWISE_BEZIER_KNOTS.) 
GEOMETRIC_REPRESENTATION_ITEM() RATIONAL_B_SPLINE_SURFACE((
    (1.,0.804737854124,0.804737854124,1.)
    ,(0.804737854124,0.647603013861,0.647603013861,0.804737854124)
    ,(0.804737854124,0.647603013861,0.647603013861,0.804737854124)
,(1.,0.804737854124,0.804737854124,1.
))) REPRESENTATION_ITEM('') SURFACE() );
#10064 = CARTESIAN_POINT('',(-0.4272645986,5.E-002,-0.85));
#10065 = CARTESIAN_POINT('',(-0.4272645986,5.E-002,-0.85));
#10066 = CARTESIAN_POINT('',(-0.4272645986,5.E-002,-0.85));
#10067 = CARTESIAN_POINT('',(-0.4272645986,5.E-002,-0.85));
#10068 = CARTESIAN_POINT('',(-0.4272645986,2.071067811865E-002,-0.85));
#10069 = CARTESIAN_POINT('',(-0.4272645986,2.071067811865E-002,
    -0.867157287525));
#10070 = CARTESIAN_POINT('',(-0.4272645986,3.284271247462E-002,
    -0.879289321881));
#10071 = CARTESIAN_POINT('',(-0.4272645986,5.E-002,-0.879289321881));
#10072 = CARTESIAN_POINT('',(-0.447975276719,-4.291311460799E-017,-0.85)
  );
#10073 = CARTESIAN_POINT('',(-0.447975276719,2.059797822077E-017,
    -0.879289321881));
#10074 = CARTESIAN_POINT('',(-0.447975276719,2.071067811865E-002,-0.9));
#10075 = CARTESIAN_POINT('',(-0.447975276719,5.E-002,-0.9));
#10076 = CARTESIAN_POINT('',(-0.4772645986,2.03287907341E-017,-0.85));
#10077 = CARTESIAN_POINT('',(-0.4772645986,2.03287907341E-017,
    -0.879289321881));
#10078 = CARTESIAN_POINT('',(-0.4772645986,2.071067811865E-002,-0.9));
#10079 = CARTESIAN_POINT('',(-0.4772645986,5.E-002,-0.9));
#10080 = ADVANCED_FACE('',(#10081),#10092,.T.);
#10081 = FACE_BOUND('',#10082,.T.);
#10082 = EDGE_LOOP('',(#10083,#10084,#10085,#10086));
#10083 = ORIENTED_EDGE('',*,*,#9659,.F.);
#10084 = ORIENTED_EDGE('',*,*,#9896,.F.);
#10085 = ORIENTED_EDGE('',*,*,#9879,.F.);
#10086 = ORIENTED_EDGE('',*,*,#10087,.T.);
#10087 = EDGE_CURVE('',#9871,#9641,#10088,.T.);
#10088 = LINE('',#10089,#10090);
#10089 = CARTESIAN_POINT('',(0.E+000,0.E+000,-0.85));
#10090 = VECTOR('',#10091,1.);
#10091 = DIRECTION('',(1.,0.E+000,0.E+000));
#10092 = PLANE('',#10093);
#10093 = AXIS2_PLACEMENT_3D('',#10094,#10095,#10096);
#10094 = CARTESIAN_POINT('',(0.E+000,0.E+000,0.E+000));
#10095 = DIRECTION('',(0.E+000,-1.,0.E+000));
#10096 = DIRECTION('',(0.E+000,-0.E+000,-1.));
#10097 = ADVANCED_FACE('',(#10098),#10109,.T.);
#10098 = FACE_BOUND('',#10099,.T.);
#10099 = EDGE_LOOP('',(#10100,#10101,#10108));
#10100 = ORIENTED_EDGE('',*,*,#9698,.F.);
#10101 = ORIENTED_EDGE('',*,*,#10102,.T.);
#10102 = EDGE_CURVE('',#9699,#9724,#10103,.T.);
#10103 = CIRCLE('',#10104,5.E-002);
#10104 = AXIS2_PLACEMENT_3D('',#10105,#10106,#10107);
#10105 = CARTESIAN_POINT('',(0.4772645986,5.E-002,-0.85));
#10106 = DIRECTION('',(-1.,-0.E+000,-0.E+000));
#10107 = DIRECTION('',(0.E+000,0.E+000,-1.));
#10108 = ORIENTED_EDGE('',*,*,#9723,.F.);
#10109 = ( BOUNDED_SURFACE() B_SPLINE_SURFACE(3,3,(
    (#10110,#10111,#10112,#10113)
    ,(#10114,#10115,#10116,#10117)
    ,(#10118,#10119,#10120,#10121)
    ,(#10122,#10123,#10124,#10125
)),.UNSPECIFIED.,.F.,.F.,.F.) B_SPLINE_SURFACE_WITH_KNOTS((4,4),(4,4),(
    0.E+000,1.),(0.E+000,1.),.PIECEWISE_BEZIER_KNOTS.) 
GEOMETRIC_REPRESENTATION_ITEM() RATIONAL_B_SPLINE_SURFACE((
    (1.,0.804737854124,0.804737854124,1.)
    ,(0.804737854124,0.647603013861,0.647603013861,0.804737854124)
    ,(0.804737854124,0.647603013861,0.647603013861,0.804737854124)
,(1.,0.804737854124,0.804737854124,1.
))) REPRESENTATION_ITEM('') SURFACE() );
#10110 = CARTESIAN_POINT('',(0.4772645986,2.03287907341E-017,-0.85));
#10111 = CARTESIAN_POINT('',(0.4772645986,2.03287907341E-017,
    -0.879289321881));
#10112 = CARTESIAN_POINT('',(0.4772645986,2.071067811865E-002,-0.9));
#10113 = CARTESIAN_POINT('',(0.4772645986,5.E-002,-0.9));
#10114 = CARTESIAN_POINT('',(0.447975276719,1.853533701954E-017,-0.85));
#10115 = CARTESIAN_POINT('',(0.447975276719,1.853533701954E-017,
    -0.879289321881));
#10116 = CARTESIAN_POINT('',(0.447975276719,2.071067811865E-002,-0.9));
#10117 = CARTESIAN_POINT('',(0.447975276719,5.E-002,-0.9));
#10118 = CARTESIAN_POINT('',(0.4272645986,2.071067811865E-002,-0.85));
#10119 = CARTESIAN_POINT('',(0.4272645986,2.071067811865E-002,
    -0.867157287525));
#10120 = CARTESIAN_POINT('',(0.4272645986,3.284271247462E-002,
    -0.879289321881));
#10121 = CARTESIAN_POINT('',(0.4272645986,5.E-002,-0.879289321881));
#10122 = CARTESIAN_POINT('',(0.4272645986,5.E-002,-0.85));
#10123 = CARTESIAN_POINT('',(0.4272645986,5.E-002,-0.85));
#10124 = CARTESIAN_POINT('',(0.4272645986,5.E-002,-0.85));
#10125 = CARTESIAN_POINT('',(0.4272645986,5.E-002,-0.85));
#10126 = ADVANCED_FACE('',(#10127),#10138,.T.);
#10127 = FACE_BOUND('',#10128,.T.);
#10128 = EDGE_LOOP('',(#10129,#10130,#10131,#10132));
#10129 = ORIENTED_EDGE('',*,*,#9792,.F.);
#10130 = ORIENTED_EDGE('',*,*,#9767,.F.);
#10131 = ORIENTED_EDGE('',*,*,#9732,.F.);
#10132 = ORIENTED_EDGE('',*,*,#10133,.T.);
#10133 = EDGE_CURVE('',#9724,#9782,#10134,.T.);
#10134 = LINE('',#10135,#10136);
#10135 = CARTESIAN_POINT('',(0.E+000,0.E+000,-0.85));
#10136 = VECTOR('',#10137,1.);
#10137 = DIRECTION('',(1.,0.E+000,0.E+000));
#10138 = PLANE('',#10139);
#10139 = AXIS2_PLACEMENT_3D('',#10140,#10141,#10142);
#10140 = CARTESIAN_POINT('',(0.E+000,0.E+000,0.E+000));
#10141 = DIRECTION('',(0.E+000,-1.,0.E+000));
#10142 = DIRECTION('',(0.E+000,-0.E+000,-1.));
#10143 = ADVANCED_FACE('',(#10144),#10155,.T.);
#10144 = FACE_BOUND('',#10145,.T.);
#10145 = EDGE_LOOP('',(#10146,#10147,#10154));
#10146 = ORIENTED_EDGE('',*,*,#9781,.F.);
#10147 = ORIENTED_EDGE('',*,*,#10148,.T.);
#10148 = EDGE_CURVE('',#9782,#9807,#10149,.T.);
#10149 = CIRCLE('',#10150,5.E-002);
#10150 = AXIS2_PLACEMENT_3D('',#10151,#10152,#10153);
#10151 = CARTESIAN_POINT('',(1.1772645986,5.E-002,-0.85));
#10152 = DIRECTION('',(1.,0.E+000,0.E+000));
#10153 = DIRECTION('',(0.E+000,0.E+000,-1.));
#10154 = ORIENTED_EDGE('',*,*,#9806,.F.);
#10155 = ( BOUNDED_SURFACE() B_SPLINE_SURFACE(3,3,(
    (#10156,#10157,#10158,#10159)
    ,(#10160,#10161,#10162,#10163)
    ,(#10164,#10165,#10166,#10167)
    ,(#10168,#10169,#10170,#10171
)),.UNSPECIFIED.,.F.,.F.,.F.) B_SPLINE_SURFACE_WITH_KNOTS((4,4),(4,4),(
    0.E+000,1.),(0.E+000,1.),.PIECEWISE_BEZIER_KNOTS.) 
GEOMETRIC_REPRESENTATION_ITEM() RATIONAL_B_SPLINE_SURFACE((
    (1.,0.804737854124,0.804737854124,1.)
    ,(0.804737854124,0.647603013861,0.647603013861,0.804737854124)
    ,(0.804737854124,0.647603013861,0.647603013861,0.804737854124)
,(1.,0.804737854124,0.804737854124,1.
))) REPRESENTATION_ITEM('') SURFACE() );
#10156 = CARTESIAN_POINT('',(1.2272645986,5.E-002,-0.85));
#10157 = CARTESIAN_POINT('',(1.2272645986,5.E-002,-0.85));
#10158 = CARTESIAN_POINT('',(1.2272645986,5.E-002,-0.85));
#10159 = CARTESIAN_POINT('',(1.2272645986,5.E-002,-0.85));
#10160 = CARTESIAN_POINT('',(1.2272645986,2.071067811865E-002,-0.85));
#10161 = CARTESIAN_POINT('',(1.2272645986,2.071067811865E-002,
    -0.867157287525));
#10162 = CARTESIAN_POINT('',(1.2272645986,3.284271247462E-002,
    -0.879289321881));
#10163 = CARTESIAN_POINT('',(1.2272645986,5.E-002,-0.879289321881));
#10164 = CARTESIAN_POINT('',(1.206553920481,-1.011722100866E-016,-0.85)
  );
#10165 = CARTESIAN_POINT('',(1.206553920481,-1.011722100866E-016,
    -0.879289321881));
#10166 = CARTESIAN_POINT('',(1.206553920481,2.071067811865E-002,-0.9));
#10167 = CARTESIAN_POINT('',(1.206553920481,5.E-002,-0.9));
#10168 = CARTESIAN_POINT('',(1.1772645986,2.710505431214E-017,-0.85));
#10169 = CARTESIAN_POINT('',(1.1772645986,2.710505431214E-017,
    -0.879289321881));
#10170 = CARTESIAN_POINT('',(1.1772645986,2.071067811865E-002,-0.9));
#10171 = CARTESIAN_POINT('',(1.1772645986,5.E-002,-0.9));
#10172 = ADVANCED_FACE('',(#10173),#10184,.T.);
#10173 = FACE_BOUND('',#10174,.T.);
#10174 = EDGE_LOOP('',(#10175,#10176,#10177,#10178));
#10175 = ORIENTED_EDGE('',*,*,#10055,.F.);
#10176 = ORIENTED_EDGE('',*,*,#10087,.F.);
#10177 = ORIENTED_EDGE('',*,*,#9870,.F.);
#10178 = ORIENTED_EDGE('',*,*,#10179,.T.);
#10179 = EDGE_CURVE('',#8995,#9676,#10180,.T.);
#10180 = LINE('',#10181,#10182);
#10181 = CARTESIAN_POINT('',(-1.925,5.E-002,-0.9));
#10182 = VECTOR('',#10183,1.);
#10183 = DIRECTION('',(1.,0.E+000,-0.E+000));
#10184 = CYLINDRICAL_SURFACE('',#10185,5.E-002);
#10185 = AXIS2_PLACEMENT_3D('',#10186,#10187,#10188);
#10186 = CARTESIAN_POINT('',(-1.925,5.E-002,-0.85));
#10187 = DIRECTION('',(1.,0.E+000,0.E+000));
#10188 = DIRECTION('',(0.E+000,0.E+000,-1.));
#10189 = ADVANCED_FACE('',(#10190),#10195,.T.);
#10190 = FACE_BOUND('',#10191,.T.);
#10191 = EDGE_LOOP('',(#10192,#10193,#10194));
#10192 = ORIENTED_EDGE('',*,*,#9947,.F.);
#10193 = ORIENTED_EDGE('',*,*,#9919,.F.);
#10194 = ORIENTED_EDGE('',*,*,#9983,.F.);
#10195 = ( BOUNDED_SURFACE() B_SPLINE_SURFACE(3,3,(
    (#10196,#10197,#10198,#10199)
    ,(#10200,#10201,#10202,#10203)
    ,(#10204,#10205,#10206,#10207)
    ,(#10208,#10209,#10210,#10211
)),.UNSPECIFIED.,.F.,.F.,.F.) B_SPLINE_SURFACE_WITH_KNOTS((4,4),(4,4),(
    0.E+000,1.),(0.E+000,1.),.PIECEWISE_BEZIER_KNOTS.) 
GEOMETRIC_REPRESENTATION_ITEM() RATIONAL_B_SPLINE_SURFACE((
    (1.,0.804737854124,0.804737854124,1.)
    ,(0.804737854124,0.647603013861,0.647603013861,0.804737854124)
    ,(0.804737854124,0.647603013861,0.647603013861,0.804737854124)
,(1.,0.804737854124,0.804737854124,1.
))) REPRESENTATION_ITEM('') SURFACE() );
#10196 = CARTESIAN_POINT('',(2.325,2.336578816939,-0.95));
#10197 = CARTESIAN_POINT('',(2.325,2.336578816939,-0.95));
#10198 = CARTESIAN_POINT('',(2.325,2.336578816939,-0.95));
#10199 = CARTESIAN_POINT('',(2.325,2.336578816939,-0.95));
#10200 = CARTESIAN_POINT('',(2.325,2.307289495058,-0.95));
#10201 = CARTESIAN_POINT('',(2.325,2.307289495058,-0.967157287525));
#10202 = CARTESIAN_POINT('',(2.325,2.319421529414,-0.979289321881));
#10203 = CARTESIAN_POINT('',(2.325,2.336578816939,-0.979289321881));
#10204 = CARTESIAN_POINT('',(2.304289321881,2.286578816939,-0.95));
#10205 = CARTESIAN_POINT('',(2.304289321881,2.286578816939,
    -0.979289321881));
#10206 = CARTESIAN_POINT('',(2.304289321881,2.307289495058,-1.));
#10207 = CARTESIAN_POINT('',(2.304289321881,2.336578816939,-1.));
#10208 = CARTESIAN_POINT('',(2.275,2.286578816939,-0.95));
#10209 = CARTESIAN_POINT('',(2.275,2.286578816939,-0.979289321881));
#10210 = CARTESIAN_POINT('',(2.275,2.307289495058,-1.));
#10211 = CARTESIAN_POINT('',(2.275,2.336578816939,-1.));
#10212 = ADVANCED_FACE('',(#10213),#10218,.T.);
#10213 = FACE_BOUND('',#10214,.T.);
#10214 = EDGE_LOOP('',(#10215,#10216,#10217));
#10215 = ORIENTED_EDGE('',*,*,#9965,.F.);
#10216 = ORIENTED_EDGE('',*,*,#9998,.F.);
#10217 = ORIENTED_EDGE('',*,*,#10032,.F.);
#10218 = ( BOUNDED_SURFACE() B_SPLINE_SURFACE(3,3,(
    (#10219,#10220,#10221,#10222)
    ,(#10223,#10224,#10225,#10226)
    ,(#10227,#10228,#10229,#10230)
    ,(#10231,#10232,#10233,#10234
)),.UNSPECIFIED.,.F.,.F.,.F.) B_SPLINE_SURFACE_WITH_KNOTS((4,4),(4,4),(
    0.E+000,1.),(0.E+000,1.),.PIECEWISE_BEZIER_KNOTS.) 
GEOMETRIC_REPRESENTATION_ITEM() RATIONAL_B_SPLINE_SURFACE((
    (1.,0.804737854124,0.804737854124,1.)
    ,(0.804737854124,0.647603013861,0.647603013861,0.804737854124)
    ,(0.804737854124,0.647603013861,0.647603013861,0.804737854124)
,(1.,0.804737854124,0.804737854124,1.
))) REPRESENTATION_ITEM('') SURFACE() );
#10219 = CARTESIAN_POINT('',(-2.275,2.286578816939,-0.95));
#10220 = CARTESIAN_POINT('',(-2.275,2.286578816939,-0.979289321881));
#10221 = CARTESIAN_POINT('',(-2.275,2.307289495058,-1.));
#10222 = CARTESIAN_POINT('',(-2.275,2.336578816939,-1.));
#10223 = CARTESIAN_POINT('',(-2.304289321881,2.286578816939,-0.95));
#10224 = CARTESIAN_POINT('',(-2.304289321881,2.286578816939,
    -0.979289321881));
#10225 = CARTESIAN_POINT('',(-2.304289321881,2.307289495058,-1.));
#10226 = CARTESIAN_POINT('',(-2.304289321881,2.336578816939,-1.));
#10227 = CARTESIAN_POINT('',(-2.325,2.307289495058,-0.95));
#10228 = CARTESIAN_POINT('',(-2.325,2.307289495058,-0.967157287525));
#10229 = CARTESIAN_POINT('',(-2.325,2.319421529414,-0.979289321881));
#10230 = CARTESIAN_POINT('',(-2.325,2.336578816939,-0.979289321881));
#10231 = CARTESIAN_POINT('',(-2.325,2.336578816939,-0.95));
#10232 = CARTESIAN_POINT('',(-2.325,2.336578816939,-0.95));
#10233 = CARTESIAN_POINT('',(-2.325,2.336578816939,-0.95));
#10234 = CARTESIAN_POINT('',(-2.325,2.336578816939,-0.95));
#10235 = ADVANCED_FACE('',(#10236),#10276,.F.);
#10236 = FACE_BOUND('',#10237,.T.);
#10237 = EDGE_LOOP('',(#10238,#10239,#10240,#10241,#10250,#10258,#10267,
    #10273,#10274,#10275));
#10238 = ORIENTED_EDGE('',*,*,#9911,.F.);
#10239 = ORIENTED_EDGE('',*,*,#8060,.F.);
#10240 = ORIENTED_EDGE('',*,*,#9110,.F.);
#10241 = ORIENTED_EDGE('',*,*,#10242,.F.);
#10242 = EDGE_CURVE('',#10243,#9103,#10245,.T.);
#10243 = VERTEX_POINT('',#10244);
#10244 = CARTESIAN_POINT('',(1.875,2.286578816939,-0.9));
#10245 = CIRCLE('',#10246,5.E-002);
#10246 = AXIS2_PLACEMENT_3D('',#10247,#10248,#10249);
#10247 = CARTESIAN_POINT('',(1.875,2.286578816939,-0.85));
#10248 = DIRECTION('',(0.E+000,-1.,0.E+000));
#10249 = DIRECTION('',(0.E+000,0.E+000,-1.));
#10250 = ORIENTED_EDGE('',*,*,#10251,.F.);
#10251 = EDGE_CURVE('',#10252,#10243,#10254,.T.);
#10252 = VERTEX_POINT('',#10253);
#10253 = CARTESIAN_POINT('',(-1.875,2.286578816939,-0.9));
#10254 = LINE('',#10255,#10256);
#10255 = CARTESIAN_POINT('',(2.325,2.286578816939,-0.9));
#10256 = VECTOR('',#10257,1.);
#10257 = DIRECTION('',(1.,0.E+000,-0.E+000));
#10258 = ORIENTED_EDGE('',*,*,#10259,.F.);
#10259 = EDGE_CURVE('',#10260,#10252,#10262,.T.);
#10260 = VERTEX_POINT('',#10261);
#10261 = CARTESIAN_POINT('',(-1.925,2.286578816939,-0.85));
#10262 = CIRCLE('',#10263,5.E-002);
#10263 = AXIS2_PLACEMENT_3D('',#10264,#10265,#10266);
#10264 = CARTESIAN_POINT('',(-1.875,2.286578816939,-0.85));
#10265 = DIRECTION('',(0.E+000,-1.,0.E+000));
#10266 = DIRECTION('',(0.E+000,0.E+000,-1.));
#10267 = ORIENTED_EDGE('',*,*,#10268,.T.);
#10268 = EDGE_CURVE('',#10260,#9606,#10269,.T.);
#10269 = LINE('',#10270,#10271);
#10270 = CARTESIAN_POINT('',(-1.925,2.286578816939,0.9));
#10271 = VECTOR('',#10272,1.);
#10272 = DIRECTION('',(-0.E+000,-0.E+000,1.));
#10273 = ORIENTED_EDGE('',*,*,#9605,.F.);
#10274 = ORIENTED_EDGE('',*,*,#10039,.F.);
#10275 = ORIENTED_EDGE('',*,*,#9990,.F.);
#10276 = PLANE('',#10277);
#10277 = AXIS2_PLACEMENT_3D('',#10278,#10279,#10280);
#10278 = CARTESIAN_POINT('',(2.325,2.286578816939,0.1));
#10279 = DIRECTION('',(0.E+000,1.,0.E+000));
#10280 = DIRECTION('',(0.E+000,-0.E+000,1.));
#10281 = ADVANCED_FACE('',(#10282),#10293,.T.);
#10282 = FACE_BOUND('',#10283,.T.);
#10283 = EDGE_LOOP('',(#10284,#10285,#10291,#10292));
#10284 = ORIENTED_EDGE('',*,*,#10102,.F.);
#10285 = ORIENTED_EDGE('',*,*,#10286,.T.);
#10286 = EDGE_CURVE('',#9699,#9807,#10287,.T.);
#10287 = LINE('',#10288,#10289);
#10288 = CARTESIAN_POINT('',(-1.925,5.E-002,-0.9));
#10289 = VECTOR('',#10290,1.);
#10290 = DIRECTION('',(1.,0.E+000,0.E+000));
#10291 = ORIENTED_EDGE('',*,*,#10148,.F.);
#10292 = ORIENTED_EDGE('',*,*,#10133,.F.);
#10293 = CYLINDRICAL_SURFACE('',#10294,5.E-002);
#10294 = AXIS2_PLACEMENT_3D('',#10295,#10296,#10297);
#10295 = CARTESIAN_POINT('',(-1.925,5.E-002,-0.85));
#10296 = DIRECTION('',(1.,0.E+000,0.E+000));
#10297 = DIRECTION('',(0.E+000,0.E+000,-1.));
#10298 = ADVANCED_FACE('',(#10299),#10323,.F.);
#10299 = FACE_BOUND('',#10300,.T.);
#10300 = EDGE_LOOP('',(#10301,#10307,#10308,#10314,#10315,#10316,#10317,
    #10318,#10319,#10320,#10321,#10322));
#10301 = ORIENTED_EDGE('',*,*,#10302,.F.);
#10302 = EDGE_CURVE('',#10252,#8960,#10303,.T.);
#10303 = LINE('',#10304,#10305);
#10304 = CARTESIAN_POINT('',(-1.875,2.4,-0.9));
#10305 = VECTOR('',#10306,1.);
#10306 = DIRECTION('',(0.E+000,-1.,-0.E+000));
#10307 = ORIENTED_EDGE('',*,*,#10251,.T.);
#10308 = ORIENTED_EDGE('',*,*,#10309,.F.);
#10309 = EDGE_CURVE('',#8911,#10243,#10310,.T.);
#10310 = LINE('',#10311,#10312);
#10311 = CARTESIAN_POINT('',(1.875,2.4,-0.9));
#10312 = VECTOR('',#10313,1.);
#10313 = DIRECTION('',(-0.E+000,1.,0.E+000));
#10314 = ORIENTED_EDGE('',*,*,#8910,.F.);
#10315 = ORIENTED_EDGE('',*,*,#9815,.F.);
#10316 = ORIENTED_EDGE('',*,*,#10286,.F.);
#10317 = ORIENTED_EDGE('',*,*,#9709,.F.);
#10318 = ORIENTED_EDGE('',*,*,#8808,.F.);
#10319 = ORIENTED_EDGE('',*,*,#9684,.F.);
#10320 = ORIENTED_EDGE('',*,*,#10179,.F.);
#10321 = ORIENTED_EDGE('',*,*,#9010,.F.);
#10322 = ORIENTED_EDGE('',*,*,#8968,.F.);
#10323 = PLANE('',#10324);
#10324 = AXIS2_PLACEMENT_3D('',#10325,#10326,#10327);
#10325 = CARTESIAN_POINT('',(-1.925,2.4,-0.9));
#10326 = DIRECTION('',(0.E+000,0.E+000,1.));
#10327 = DIRECTION('',(1.,0.E+000,-0.E+000));
#10328 = ADVANCED_FACE('',(#10329),#10340,.T.);
#10329 = FACE_BOUND('',#10330,.T.);
#10330 = EDGE_LOOP('',(#10331,#10332,#10338,#10339));
#10331 = ORIENTED_EDGE('',*,*,#9832,.T.);
#10332 = ORIENTED_EDGE('',*,*,#10333,.T.);
#10333 = EDGE_CURVE('',#8935,#10260,#10334,.T.);
#10334 = LINE('',#10335,#10336);
#10335 = CARTESIAN_POINT('',(-1.925,2.4,-0.85));
#10336 = VECTOR('',#10337,1.);
#10337 = DIRECTION('',(-0.E+000,1.,-0.E+000));
#10338 = ORIENTED_EDGE('',*,*,#10259,.T.);
#10339 = ORIENTED_EDGE('',*,*,#10302,.T.);
#10340 = CYLINDRICAL_SURFACE('',#10341,5.E-002);
#10341 = AXIS2_PLACEMENT_3D('',#10342,#10343,#10344);
#10342 = CARTESIAN_POINT('',(-1.875,2.4,-0.85));
#10343 = DIRECTION('',(0.E+000,-1.,0.E+000));
#10344 = DIRECTION('',(0.E+000,0.E+000,-1.));
#10345 = ADVANCED_FACE('',(#10346),#10354,.T.);
#10346 = FACE_BOUND('',#10347,.T.);
#10347 = EDGE_LOOP('',(#10348,#10349,#10350,#10351,#10352,#10353));
#10348 = ORIENTED_EDGE('',*,*,#10242,.T.);
#10349 = ORIENTED_EDGE('',*,*,#9102,.T.);
#10350 = ORIENTED_EDGE('',*,*,#8002,.T.);
#10351 = ORIENTED_EDGE('',*,*,#7151,.T.);
#10352 = ORIENTED_EDGE('',*,*,#9075,.T.);
#10353 = ORIENTED_EDGE('',*,*,#10309,.T.);
#10354 = CYLINDRICAL_SURFACE('',#10355,5.E-002);
#10355 = AXIS2_PLACEMENT_3D('',#10356,#10357,#10358);
#10356 = CARTESIAN_POINT('',(1.875,2.4,-0.85));
#10357 = DIRECTION('',(0.E+000,-1.,0.E+000));
#10358 = DIRECTION('',(0.E+000,0.E+000,-1.));
#10359 = ADVANCED_FACE('',(#10360),#10371,.F.);
#10360 = FACE_BOUND('',#10361,.T.);
#10361 = EDGE_LOOP('',(#10362,#10363,#10364,#10365,#10366,#10367,#10368,
    #10369,#10370));
#10362 = ORIENTED_EDGE('',*,*,#10333,.F.);
#10363 = ORIENTED_EDGE('',*,*,#8945,.F.);
#10364 = ORIENTED_EDGE('',*,*,#8650,.F.);
#10365 = ORIENTED_EDGE('',*,*,#7499,.F.);
#10366 = ORIENTED_EDGE('',*,*,#6819,.F.);
#10367 = ORIENTED_EDGE('',*,*,#7475,.F.);
#10368 = ORIENTED_EDGE('',*,*,#8630,.F.);
#10369 = ORIENTED_EDGE('',*,*,#9613,.F.);
#10370 = ORIENTED_EDGE('',*,*,#10268,.F.);
#10371 = PLANE('',#10372);
#10372 = AXIS2_PLACEMENT_3D('',#10373,#10374,#10375);
#10373 = CARTESIAN_POINT('',(-1.925,2.4,0.9));
#10374 = DIRECTION('',(1.,-0.E+000,0.E+000));
#10375 = DIRECTION('',(0.E+000,0.E+000,-1.));
#10376 = ( GEOMETRIC_REPRESENTATION_CONTEXT(3) 
GLOBAL_UNCERTAINTY_ASSIGNED_CONTEXT((#10380)) 
GLOBAL_UNIT_ASSIGNED_CONTEXT((#10377,#10378,#10379)) 
REPRESENTATION_CONTEXT('Context #1',
  '3D Context with UNIT and UNCERTAINTY') );
#10377 = ( LENGTH_UNIT() NAMED_UNIT(*) SI_UNIT(.MILLI.,.METRE.) );
#10378 = ( NAMED_UNIT(*) PLANE_ANGLE_UNIT() SI_UNIT($,.RADIAN.) );
#10379 = ( NAMED_UNIT(*) SI_UNIT($,.STERADIAN.) SOLID_ANGLE_UNIT() );
#10380 = UNCERTAINTY_MEASURE_WITH_UNIT(LENGTH_MEASURE(1.E-007),#10377,
  'distance_accuracy_value','confusion accuracy');
#10381 = SHAPE_DEFINITION_REPRESENTATION(#10382,#6498);
#10382 = PRODUCT_DEFINITION_SHAPE('','',#10383);
#10383 = PRODUCT_DEFINITION('design','',#10384,#10387);
#10384 = PRODUCT_DEFINITION_FORMATION('','',#10385);
#10385 = PRODUCT('User_Library-2X4X3_5mm_switch',
  'User_Library-2X4X3_5mm_switch','',(#10386));
#10386 = PRODUCT_CONTEXT('',#2,'mechanical');
#10387 = PRODUCT_DEFINITION_CONTEXT('part definition',#2,'design');
#10388 = CONTEXT_DEPENDENT_SHAPE_REPRESENTATION(#10389,#10391);
#10389 = ( REPRESENTATION_RELATIONSHIP('','',#6498,#6488) 
REPRESENTATION_RELATIONSHIP_WITH_TRANSFORMATION(#10390) 
SHAPE_REPRESENTATION_RELATIONSHIP() );
#10390 = ITEM_DEFINED_TRANSFORMATION('','',#11,#6489);
#10391 = PRODUCT_DEFINITION_SHAPE('Placement','Placement of an item',
  #10392);
#10392 = NEXT_ASSEMBLY_USAGE_OCCURRENCE('17','','',#6483,#10383,$);
#10393 = PRODUCT_RELATED_PRODUCT_CATEGORY('part',$,(#10385));
#10394 = CONTEXT_DEPENDENT_SHAPE_REPRESENTATION(#10395,#10397);
#10395 = ( REPRESENTATION_RELATIONSHIP('','',#6488,#10) 
REPRESENTATION_RELATIONSHIP_WITH_TRANSFORMATION(#10396) 
SHAPE_REPRESENTATION_RELATIONSHIP() );
#10396 = ITEM_DEFINED_TRANSFORMATION('','',#11,#27);
#10397 = PRODUCT_DEFINITION_SHAPE('Placement','Placement of an item',
  #10398);
#10398 = NEXT_ASSEMBLY_USAGE_OCCURRENCE('18','','',#5,#6483,$);
#10399 = PRODUCT_RELATED_PRODUCT_CATEGORY('part',$,(#6485));
#10400 = SHAPE_DEFINITION_REPRESENTATION(#10401,#10407);
#10401 = PRODUCT_DEFINITION_SHAPE('','',#10402);
#10402 = PRODUCT_DEFINITION('design','',#10403,#10406);
#10403 = PRODUCT_DEFINITION_FORMATION('','',#10404);
#10404 = PRODUCT('SW1','SW1','',(#10405));
#10405 = PRODUCT_CONTEXT('',#2,'mechanical');
#10406 = PRODUCT_DEFINITION_CONTEXT('part definition',#2,'design');
#10407 = SHAPE_REPRESENTATION('',(#11,#10408),#10412);
#10408 = AXIS2_PLACEMENT_3D('',#10409,#10410,#10411);
#10409 = CARTESIAN_POINT('',(-23.0215059082,38.35971307373,
    1.000000596046));
#10410 = DIRECTION('',(3.821370931908E-015,-8.742277657348E-008,-1.));
#10411 = DIRECTION('',(4.371138828674E-008,-1.,8.742277657348E-008));
#10412 = ( GEOMETRIC_REPRESENTATION_CONTEXT(3) 
GLOBAL_UNCERTAINTY_ASSIGNED_CONTEXT((#10416)) 
GLOBAL_UNIT_ASSIGNED_CONTEXT((#10413,#10414,#10415)) 
REPRESENTATION_CONTEXT('Context #1',
  '3D Context with UNIT and UNCERTAINTY') );
#10413 = ( LENGTH_UNIT() NAMED_UNIT(*) SI_UNIT(.MILLI.,.METRE.) );
#10414 = ( NAMED_UNIT(*) PLANE_ANGLE_UNIT() SI_UNIT($,.RADIAN.) );
#10415 = ( NAMED_UNIT(*) SI_UNIT($,.STERADIAN.) SOLID_ANGLE_UNIT() );
#10416 = UNCERTAINTY_MEASURE_WITH_UNIT(LENGTH_MEASURE(1.E-007),#10413,
  'distance_accuracy_value','confusion accuracy');
#10417 = CONTEXT_DEPENDENT_SHAPE_REPRESENTATION(#10418,#10420);
#10418 = ( REPRESENTATION_RELATIONSHIP('','',#6498,#10407) 
REPRESENTATION_RELATIONSHIP_WITH_TRANSFORMATION(#10419) 
SHAPE_REPRESENTATION_RELATIONSHIP() );
#10419 = ITEM_DEFINED_TRANSFORMATION('','',#11,#10408);
#10420 = PRODUCT_DEFINITION_SHAPE('Placement','Placement of an item',
  #10421);
#10421 = NEXT_ASSEMBLY_USAGE_OCCURRENCE('19','','',#10402,#10383,$);
#10422 = CONTEXT_DEPENDENT_SHAPE_REPRESENTATION(#10423,#10425);
#10423 = ( REPRESENTATION_RELATIONSHIP('','',#10407,#10) 
REPRESENTATION_RELATIONSHIP_WITH_TRANSFORMATION(#10424) 
SHAPE_REPRESENTATION_RELATIONSHIP() );
#10424 = ITEM_DEFINED_TRANSFORMATION('','',#11,#31);
#10425 = PRODUCT_DEFINITION_SHAPE('Placement','Placement of an item',
  #10426);
#10426 = NEXT_ASSEMBLY_USAGE_OCCURRENCE('20','','',#5,#10402,$);
#10427 = PRODUCT_RELATED_PRODUCT_CATEGORY('part',$,(#10404));
#10428 = SHAPE_DEFINITION_REPRESENTATION(#10429,#10435);
#10429 = PRODUCT_DEFINITION_SHAPE('','',#10430);
#10430 = PRODUCT_DEFINITION('design','',#10431,#10434);
#10431 = PRODUCT_DEFINITION_FORMATION('','',#10432);
#10432 = PRODUCT('XX1','XX1','',(#10433));
#10433 = PRODUCT_CONTEXT('',#2,'mechanical');
#10434 = PRODUCT_DEFINITION_CONTEXT('part definition',#2,'design');
#10435 = SHAPE_REPRESENTATION('',(#11,#10436),#10440);
#10436 = AXIS2_PLACEMENT_3D('',#10437,#10438,#10439);
#10437 = CARTESIAN_POINT('',(-5.156195239258,38.557199951172,0.E+000));
#10438 = DIRECTION('',(0.E+000,-0.E+000,1.));
#10439 = DIRECTION('',(1.,1.748455531469E-007,0.E+000));
#10440 = ( GEOMETRIC_REPRESENTATION_CONTEXT(3) 
GLOBAL_UNCERTAINTY_ASSIGNED_CONTEXT((#10444)) 
GLOBAL_UNIT_ASSIGNED_CONTEXT((#10441,#10442,#10443)) 
REPRESENTATION_CONTEXT('Context #1',
  '3D Context with UNIT and UNCERTAINTY') );
#10441 = ( LENGTH_UNIT() NAMED_UNIT(*) SI_UNIT(.MILLI.,.METRE.) );
#10442 = ( NAMED_UNIT(*) PLANE_ANGLE_UNIT() SI_UNIT($,.RADIAN.) );
#10443 = ( NAMED_UNIT(*) SI_UNIT($,.STERADIAN.) SOLID_ANGLE_UNIT() );
#10444 = UNCERTAINTY_MEASURE_WITH_UNIT(LENGTH_MEASURE(2.E-007),#10441,
  'distance_accuracy_value','confusion accuracy');
#10445 = ADVANCED_BREP_SHAPE_REPRESENTATION('',(#11,#10446),#13890);
#10446 = MANIFOLD_SOLID_BREP('',#10447);
#10447 = CLOSED_SHELL('',(#10448,#10492,#10536,#10580,#10624,#10668,
    #10712,#10756,#10800,#10828,#10857,#10879,#10949,#10981,#11013,
    #11035,#11057,#11265,#11346,#11418,#11490,#11514,#11538,#11556,
    #11574,#11599,#11639,#11657,#11675,#11693,#11801,#11855,#11879,
    #11906,#11932,#11950,#11976,#12007,#12038,#12078,#12109,#12142,
    #12173,#12213,#12270,#12318,#12349,#12371,#12411,#12443,#12483,
    #12523,#12556,#12606,#12637,#12669,#12701,#12733,#12773,#12785,
    #12797,#12842,#12866,#12884,#12902,#12920,#12944,#12961,#12979,
    #12997,#13015,#13033,#13051,#13063,#13081,#13099,#13117,#13135,
    #13153,#13171,#13189,#13207,#13219,#13250,#13277,#13296,#13314,
    #13332,#13350,#13367,#13385,#13403,#13420,#13438,#13450,#13462,
    #13474,#13486,#13504,#13528,#13546,#13563,#13580,#13598,#13616,
    #13628,#13640,#13652,#13664,#13676,#13694,#13712,#13736,#13753,
    #13770,#13788,#13807,#13826,#13844,#13861,#13878));
#10448 = ADVANCED_FACE('',(#10449),#10487,.F.);
#10449 = FACE_BOUND('',#10450,.F.);
#10450 = EDGE_LOOP('',(#10451,#10462,#10471,#10480));
#10451 = ORIENTED_EDGE('',*,*,#10452,.T.);
#10452 = EDGE_CURVE('',#10453,#10455,#10457,.T.);
#10453 = VERTEX_POINT('',#10454);
#10454 = CARTESIAN_POINT('',(-0.85,0.E+000,0.36));
#10455 = VERTEX_POINT('',#10456);
#10456 = CARTESIAN_POINT('',(-0.84,0.E+000,0.35));
#10457 = CIRCLE('',#10458,1.E-002);
#10458 = AXIS2_PLACEMENT_3D('',#10459,#10460,#10461);
#10459 = CARTESIAN_POINT('',(-0.84,0.E+000,0.36));
#10460 = DIRECTION('',(0.E+000,-1.,0.E+000));
#10461 = DIRECTION('',(0.E+000,0.E+000,-1.));
#10462 = ORIENTED_EDGE('',*,*,#10463,.T.);
#10463 = EDGE_CURVE('',#10455,#10464,#10466,.T.);
#10464 = VERTEX_POINT('',#10465);
#10465 = CARTESIAN_POINT('',(0.84,1.03482654528E-016,0.35));
#10466 = CIRCLE('',#10467,0.84);
#10467 = AXIS2_PLACEMENT_3D('',#10468,#10469,#10470);
#10468 = CARTESIAN_POINT('',(0.E+000,0.E+000,0.35));
#10469 = DIRECTION('',(0.E+000,0.E+000,1.));
#10470 = DIRECTION('',(-1.,0.E+000,0.E+000));
#10471 = ORIENTED_EDGE('',*,*,#10472,.F.);
#10472 = EDGE_CURVE('',#10473,#10464,#10475,.T.);
#10473 = VERTEX_POINT('',#10474);
#10474 = CARTESIAN_POINT('',(0.85,1.040949779275E-016,0.36));
#10475 = CIRCLE('',#10476,1.E-002);
#10476 = AXIS2_PLACEMENT_3D('',#10477,#10478,#10479);
#10477 = CARTESIAN_POINT('',(0.84,1.028703311284E-016,0.36));
#10478 = DIRECTION('',(-1.224646799147E-016,1.,0.E+000));
#10479 = DIRECTION('',(-1.,-1.224646799147E-016,0.E+000));
#10480 = ORIENTED_EDGE('',*,*,#10481,.T.);
#10481 = EDGE_CURVE('',#10473,#10453,#10482,.T.);
#10482 = CIRCLE('',#10483,0.85);
#10483 = AXIS2_PLACEMENT_3D('',#10484,#10485,#10486);
#10484 = CARTESIAN_POINT('',(0.E+000,0.E+000,0.36));
#10485 = DIRECTION('',(-0.E+000,0.E+000,-1.));
#10486 = DIRECTION('',(-1.,0.E+000,0.E+000));
#10487 = TOROIDAL_SURFACE('',#10488,0.84,1.E-002);
#10488 = AXIS2_PLACEMENT_3D('',#10489,#10490,#10491);
#10489 = CARTESIAN_POINT('',(0.E+000,0.E+000,0.36));
#10490 = DIRECTION('',(-0.E+000,-0.E+000,-1.));
#10491 = DIRECTION('',(-1.,0.E+000,0.E+000));
#10492 = ADVANCED_FACE('',(#10493),#10531,.F.);
#10493 = FACE_BOUND('',#10494,.F.);
#10494 = EDGE_LOOP('',(#10495,#10506,#10515,#10524));
#10495 = ORIENTED_EDGE('',*,*,#10496,.T.);
#10496 = EDGE_CURVE('',#10497,#10499,#10501,.T.);
#10497 = VERTEX_POINT('',#10498);
#10498 = CARTESIAN_POINT('',(-0.26,0.E+000,0.35));
#10499 = VERTEX_POINT('',#10500);
#10500 = CARTESIAN_POINT('',(-0.25,0.E+000,0.36));
#10501 = CIRCLE('',#10502,1.E-002);
#10502 = AXIS2_PLACEMENT_3D('',#10503,#10504,#10505);
#10503 = CARTESIAN_POINT('',(-0.26,0.E+000,0.36));
#10504 = DIRECTION('',(0.E+000,-1.,0.E+000));
#10505 = DIRECTION('',(0.E+000,0.E+000,-1.));
#10506 = ORIENTED_EDGE('',*,*,#10507,.T.);
#10507 = EDGE_CURVE('',#10499,#10508,#10510,.T.);
#10508 = VERTEX_POINT('',#10509);
#10509 = CARTESIAN_POINT('',(0.25,3.061616997868E-017,0.36));
#10510 = CIRCLE('',#10511,0.25);
#10511 = AXIS2_PLACEMENT_3D('',#10512,#10513,#10514);
#10512 = CARTESIAN_POINT('',(0.E+000,0.E+000,0.36));
#10513 = DIRECTION('',(0.E+000,0.E+000,1.));
#10514 = DIRECTION('',(-1.,0.E+000,0.E+000));
#10515 = ORIENTED_EDGE('',*,*,#10516,.F.);
#10516 = EDGE_CURVE('',#10517,#10508,#10519,.T.);
#10517 = VERTEX_POINT('',#10518);
#10518 = CARTESIAN_POINT('',(0.26,3.184081677783E-017,0.35));
#10519 = CIRCLE('',#10520,1.E-002);
#10520 = AXIS2_PLACEMENT_3D('',#10521,#10522,#10523);
#10521 = CARTESIAN_POINT('',(0.26,3.184081677783E-017,0.36));
#10522 = DIRECTION('',(-1.224646799147E-016,1.,0.E+000));
#10523 = DIRECTION('',(-1.,-1.224646799147E-016,0.E+000));
#10524 = ORIENTED_EDGE('',*,*,#10525,.T.);
#10525 = EDGE_CURVE('',#10517,#10497,#10526,.T.);
#10526 = CIRCLE('',#10527,0.26);
#10527 = AXIS2_PLACEMENT_3D('',#10528,#10529,#10530);
#10528 = CARTESIAN_POINT('',(0.E+000,0.E+000,0.35));
#10529 = DIRECTION('',(-0.E+000,0.E+000,-1.));
#10530 = DIRECTION('',(-1.,0.E+000,0.E+000));
#10531 = TOROIDAL_SURFACE('',#10532,0.26,1.E-002);
#10532 = AXIS2_PLACEMENT_3D('',#10533,#10534,#10535);
#10533 = CARTESIAN_POINT('',(0.E+000,0.E+000,0.36));
#10534 = DIRECTION('',(-0.E+000,-0.E+000,-1.));
#10535 = DIRECTION('',(-1.,0.E+000,0.E+000));
#10536 = ADVANCED_FACE('',(#10537),#10575,.T.);
#10537 = FACE_BOUND('',#10538,.T.);
#10538 = EDGE_LOOP('',(#10539,#10550,#10559,#10568));
#10539 = ORIENTED_EDGE('',*,*,#10540,.F.);
#10540 = EDGE_CURVE('',#10541,#10543,#10545,.T.);
#10541 = VERTEX_POINT('',#10542);
#10542 = CARTESIAN_POINT('',(-0.932928932188,0.E+000,1.247071067812));
#10543 = VERTEX_POINT('',#10544);
#10544 = CARTESIAN_POINT('',(0.932928932188,1.181784161177E-016,
    1.247071067812));
#10545 = CIRCLE('',#10546,0.932928932188);
#10546 = AXIS2_PLACEMENT_3D('',#10547,#10548,#10549);
#10547 = CARTESIAN_POINT('',(0.E+000,0.E+000,1.247071067812));
#10548 = DIRECTION('',(0.E+000,0.E+000,-1.));
#10549 = DIRECTION('',(-1.,0.E+000,0.E+000));
#10550 = ORIENTED_EDGE('',*,*,#10551,.T.);
#10551 = EDGE_CURVE('',#10541,#10552,#10554,.T.);
#10552 = VERTEX_POINT('',#10553);
#10553 = CARTESIAN_POINT('',(-0.925857864376,1.138178650355E-016,1.25));
#10554 = CIRCLE('',#10555,1.E-002);
#10555 = AXIS2_PLACEMENT_3D('',#10556,#10557,#10558);
#10556 = CARTESIAN_POINT('',(-0.925857864376,1.133848870074E-016,1.24));
#10557 = DIRECTION('',(1.224646799147E-016,1.,-0.E+000));
#10558 = DIRECTION('',(-1.,1.224646799147E-016,0.E+000));
#10559 = ORIENTED_EDGE('',*,*,#10560,.F.);
#10560 = EDGE_CURVE('',#10561,#10552,#10563,.T.);
#10561 = VERTEX_POINT('',#10562);
#10562 = CARTESIAN_POINT('',(0.925857864376,0.E+000,1.25));
#10563 = CIRCLE('',#10564,0.925857864376);
#10564 = AXIS2_PLACEMENT_3D('',#10565,#10566,#10567);
#10565 = CARTESIAN_POINT('',(0.E+000,0.E+000,1.25));
#10566 = DIRECTION('',(0.E+000,0.E+000,1.));
#10567 = DIRECTION('',(1.,0.E+000,-0.E+000));
#10568 = ORIENTED_EDGE('',*,*,#10569,.F.);
#10569 = EDGE_CURVE('',#10543,#10561,#10570,.T.);
#10570 = CIRCLE('',#10571,1.E-002);
#10571 = AXIS2_PLACEMENT_3D('',#10572,#10573,#10574);
#10572 = CARTESIAN_POINT('',(0.925857864376,0.E+000,1.24));
#10573 = DIRECTION('',(0.E+000,-1.,0.E+000));
#10574 = DIRECTION('',(0.E+000,0.E+000,-1.));
#10575 = TOROIDAL_SURFACE('',#10576,0.925857864376,1.E-002);
#10576 = AXIS2_PLACEMENT_3D('',#10577,#10578,#10579);
#10577 = CARTESIAN_POINT('',(0.E+000,0.E+000,1.24));
#10578 = DIRECTION('',(0.E+000,0.E+000,1.));
#10579 = DIRECTION('',(1.,0.E+000,-0.E+000));
#10580 = ADVANCED_FACE('',(#10581),#10619,.T.);
#10581 = FACE_BOUND('',#10582,.T.);
#10582 = EDGE_LOOP('',(#10583,#10594,#10603,#10612));
#10583 = ORIENTED_EDGE('',*,*,#10584,.F.);
#10584 = EDGE_CURVE('',#10585,#10587,#10589,.T.);
#10585 = VERTEX_POINT('',#10586);
#10586 = CARTESIAN_POINT('',(0.997071067812,1.221059891718E-016,
    1.182928932188));
#10587 = VERTEX_POINT('',#10588);
#10588 = CARTESIAN_POINT('',(-0.997071067812,0.E+000,1.182928932188));
#10589 = CIRCLE('',#10590,0.997071067812);
#10590 = AXIS2_PLACEMENT_3D('',#10591,#10592,#10593);
#10591 = CARTESIAN_POINT('',(0.E+000,0.E+000,1.182928932188));
#10592 = DIRECTION('',(0.E+000,-0.E+000,1.));
#10593 = DIRECTION('',(1.,0.E+000,0.E+000));
#10594 = ORIENTED_EDGE('',*,*,#10595,.T.);
#10595 = EDGE_CURVE('',#10585,#10596,#10598,.T.);
#10596 = VERTEX_POINT('',#10597);
#10597 = CARTESIAN_POINT('',(1.,1.224646799147E-016,1.175857864376));
#10598 = CIRCLE('',#10599,1.E-002);
#10599 = AXIS2_PLACEMENT_3D('',#10600,#10601,#10602);
#10600 = CARTESIAN_POINT('',(0.99,1.212400331156E-016,1.175857864376));
#10601 = DIRECTION('',(-1.224646799147E-016,1.,0.E+000));
#10602 = DIRECTION('',(-1.,-1.224646799147E-016,0.E+000));
#10603 = ORIENTED_EDGE('',*,*,#10604,.F.);
#10604 = EDGE_CURVE('',#10605,#10596,#10607,.T.);
#10605 = VERTEX_POINT('',#10606);
#10606 = CARTESIAN_POINT('',(-1.,0.E+000,1.175857864376));
#10607 = CIRCLE('',#10608,1.);
#10608 = AXIS2_PLACEMENT_3D('',#10609,#10610,#10611);
#10609 = CARTESIAN_POINT('',(0.E+000,0.E+000,1.175857864376));
#10610 = DIRECTION('',(0.E+000,0.E+000,-1.));
#10611 = DIRECTION('',(-1.,0.E+000,0.E+000));
#10612 = ORIENTED_EDGE('',*,*,#10613,.F.);
#10613 = EDGE_CURVE('',#10587,#10605,#10614,.T.);
#10614 = CIRCLE('',#10615,1.E-002);
#10615 = AXIS2_PLACEMENT_3D('',#10616,#10617,#10618);
#10616 = CARTESIAN_POINT('',(-0.99,0.E+000,1.175857864376));
#10617 = DIRECTION('',(0.E+000,-1.,-0.E+000));
#10618 = DIRECTION('',(0.E+000,0.E+000,-1.));
#10619 = TOROIDAL_SURFACE('',#10620,0.99,1.E-002);
#10620 = AXIS2_PLACEMENT_3D('',#10621,#10622,#10623);
#10621 = CARTESIAN_POINT('',(0.E+000,0.E+000,1.175857864376));
#10622 = DIRECTION('',(0.E+000,0.E+000,-1.));
#10623 = DIRECTION('',(-1.,0.E+000,0.E+000));
#10624 = ADVANCED_FACE('',(#10625),#10663,.T.);
#10625 = FACE_BOUND('',#10626,.T.);
#10626 = EDGE_LOOP('',(#10627,#10638,#10647,#10656));
#10627 = ORIENTED_EDGE('',*,*,#10628,.F.);
#10628 = EDGE_CURVE('',#10629,#10631,#10633,.T.);
#10629 = VERTEX_POINT('',#10630);
#10630 = CARTESIAN_POINT('',(0.995812381937,1.219518446091E-016,
    0.502991155759));
#10631 = VERTEX_POINT('',#10632);
#10632 = CARTESIAN_POINT('',(-0.995812381937,0.E+000,0.502991155759));
#10633 = CIRCLE('',#10634,0.995812381937);
#10634 = AXIS2_PLACEMENT_3D('',#10635,#10636,#10637);
#10635 = CARTESIAN_POINT('',(0.E+000,0.E+000,0.502991155759));
#10636 = DIRECTION('',(0.E+000,-0.E+000,1.));
#10637 = DIRECTION('',(1.,0.E+000,0.E+000));
#10638 = ORIENTED_EDGE('',*,*,#10639,.T.);
#10639 = EDGE_CURVE('',#10629,#10640,#10642,.T.);
#10640 = VERTEX_POINT('',#10641);
#10641 = CARTESIAN_POINT('',(1.,1.224646799147E-016,0.494853821047));
#10642 = CIRCLE('',#10643,1.E-002);
#10643 = AXIS2_PLACEMENT_3D('',#10644,#10645,#10646);
#10644 = CARTESIAN_POINT('',(0.99,1.212400331156E-016,0.494853821047));
#10645 = DIRECTION('',(-1.224646799147E-016,1.,0.E+000));
#10646 = DIRECTION('',(-1.,-1.224646799147E-016,0.E+000));
#10647 = ORIENTED_EDGE('',*,*,#10648,.F.);
#10648 = EDGE_CURVE('',#10649,#10640,#10651,.T.);
#10649 = VERTEX_POINT('',#10650);
#10650 = CARTESIAN_POINT('',(-1.,0.E+000,0.494853821047));
#10651 = CIRCLE('',#10652,1.);
#10652 = AXIS2_PLACEMENT_3D('',#10653,#10654,#10655);
#10653 = CARTESIAN_POINT('',(0.E+000,0.E+000,0.494853821047));
#10654 = DIRECTION('',(0.E+000,0.E+000,-1.));
#10655 = DIRECTION('',(-1.,0.E+000,0.E+000));
#10656 = ORIENTED_EDGE('',*,*,#10657,.F.);
#10657 = EDGE_CURVE('',#10631,#10649,#10658,.T.);
#10658 = CIRCLE('',#10659,1.E-002);
#10659 = AXIS2_PLACEMENT_3D('',#10660,#10661,#10662);
#10660 = CARTESIAN_POINT('',(-0.99,0.E+000,0.494853821047));
#10661 = DIRECTION('',(0.E+000,-1.,-0.E+000));
#10662 = DIRECTION('',(0.E+000,0.E+000,-1.));
#10663 = TOROIDAL_SURFACE('',#10664,0.99,1.E-002);
#10664 = AXIS2_PLACEMENT_3D('',#10665,#10666,#10667);
#10665 = CARTESIAN_POINT('',(0.E+000,0.E+000,0.494853821047));
#10666 = DIRECTION('',(0.E+000,0.E+000,-1.));
#10667 = DIRECTION('',(-1.,0.E+000,0.E+000));
#10668 = ADVANCED_FACE('',(#10669),#10707,.T.);
#10669 = FACE_BOUND('',#10670,.T.);
#10670 = EDGE_LOOP('',(#10671,#10682,#10691,#10700));
#10671 = ORIENTED_EDGE('',*,*,#10672,.F.);
#10672 = EDGE_CURVE('',#10673,#10675,#10677,.T.);
#10673 = VERTEX_POINT('',#10674);
#10674 = CARTESIAN_POINT('',(1.,1.224646799147E-016,0.705146178953));
#10675 = VERTEX_POINT('',#10676);
#10676 = CARTESIAN_POINT('',(-1.,0.E+000,0.705146178953));
#10677 = CIRCLE('',#10678,1.);
#10678 = AXIS2_PLACEMENT_3D('',#10679,#10680,#10681);
#10679 = CARTESIAN_POINT('',(0.E+000,0.E+000,0.705146178953));
#10680 = DIRECTION('',(0.E+000,-0.E+000,1.));
#10681 = DIRECTION('',(-1.,0.E+000,0.E+000));
#10682 = ORIENTED_EDGE('',*,*,#10683,.T.);
#10683 = EDGE_CURVE('',#10673,#10684,#10686,.T.);
#10684 = VERTEX_POINT('',#10685);
#10685 = CARTESIAN_POINT('',(0.995812381937,0.E+000,0.697008844241));
#10686 = CIRCLE('',#10687,1.E-002);
#10687 = AXIS2_PLACEMENT_3D('',#10688,#10689,#10690);
#10688 = CARTESIAN_POINT('',(0.99,1.212400331156E-016,0.705146178953));
#10689 = DIRECTION('',(-1.224646799147E-016,1.,0.E+000));
#10690 = DIRECTION('',(-1.,-1.224646799147E-016,0.E+000));
#10691 = ORIENTED_EDGE('',*,*,#10692,.F.);
#10692 = EDGE_CURVE('',#10693,#10684,#10695,.T.);
#10693 = VERTEX_POINT('',#10694);
#10694 = CARTESIAN_POINT('',(-0.995812381937,1.219518446091E-016,
    0.697008844241));
#10695 = CIRCLE('',#10696,0.995812381937);
#10696 = AXIS2_PLACEMENT_3D('',#10697,#10698,#10699);
#10697 = CARTESIAN_POINT('',(0.E+000,0.E+000,0.697008844241));
#10698 = DIRECTION('',(0.E+000,0.E+000,-1.));
#10699 = DIRECTION('',(-1.,0.E+000,0.E+000));
#10700 = ORIENTED_EDGE('',*,*,#10701,.F.);
#10701 = EDGE_CURVE('',#10675,#10693,#10702,.T.);
#10702 = CIRCLE('',#10703,1.E-002);
#10703 = AXIS2_PLACEMENT_3D('',#10704,#10705,#10706);
#10704 = CARTESIAN_POINT('',(-0.99,0.E+000,0.705146178953));
#10705 = DIRECTION('',(0.E+000,-1.,-0.E+000));
#10706 = DIRECTION('',(0.E+000,0.E+000,-1.));
#10707 = TOROIDAL_SURFACE('',#10708,0.99,1.E-002);
#10708 = AXIS2_PLACEMENT_3D('',#10709,#10710,#10711);
#10709 = CARTESIAN_POINT('',(0.E+000,0.E+000,0.705146178953));
#10710 = DIRECTION('',(0.E+000,0.E+000,-1.));
#10711 = DIRECTION('',(-1.,0.E+000,0.E+000));
#10712 = ADVANCED_FACE('',(#10713),#10751,.T.);
#10713 = FACE_BOUND('',#10714,.T.);
#10714 = EDGE_LOOP('',(#10715,#10726,#10735,#10744));
#10715 = ORIENTED_EDGE('',*,*,#10716,.F.);
#10716 = EDGE_CURVE('',#10717,#10719,#10721,.T.);
#10717 = VERTEX_POINT('',#10718);
#10718 = CARTESIAN_POINT('',(-0.86,1.053196247267E-016,1.25));
#10719 = VERTEX_POINT('',#10720);
#10720 = CARTESIAN_POINT('',(0.86,0.E+000,1.25));
#10721 = CIRCLE('',#10722,0.86);
#10722 = AXIS2_PLACEMENT_3D('',#10723,#10724,#10725);
#10723 = CARTESIAN_POINT('',(0.E+000,0.E+000,1.25));
#10724 = DIRECTION('',(0.E+000,0.E+000,-1.));
#10725 = DIRECTION('',(1.,0.E+000,0.E+000));
#10726 = ORIENTED_EDGE('',*,*,#10727,.T.);
#10727 = EDGE_CURVE('',#10717,#10728,#10730,.T.);
#10728 = VERTEX_POINT('',#10729);
#10729 = CARTESIAN_POINT('',(-0.85,0.E+000,1.24));
#10730 = CIRCLE('',#10731,1.E-002);
#10731 = AXIS2_PLACEMENT_3D('',#10732,#10733,#10734);
#10732 = CARTESIAN_POINT('',(-0.86,1.053196247267E-016,1.24));
#10733 = DIRECTION('',(1.224646799147E-016,1.,-0.E+000));
#10734 = DIRECTION('',(-1.,1.224646799147E-016,0.E+000));
#10735 = ORIENTED_EDGE('',*,*,#10736,.F.);
#10736 = EDGE_CURVE('',#10737,#10728,#10739,.T.);
#10737 = VERTEX_POINT('',#10738);
#10738 = CARTESIAN_POINT('',(0.85,1.040949779275E-016,1.24));
#10739 = CIRCLE('',#10740,0.85);
#10740 = AXIS2_PLACEMENT_3D('',#10741,#10742,#10743);
#10741 = CARTESIAN_POINT('',(0.E+000,0.E+000,1.24));
#10742 = DIRECTION('',(0.E+000,0.E+000,1.));
#10743 = DIRECTION('',(1.,0.E+000,-0.E+000));
#10744 = ORIENTED_EDGE('',*,*,#10745,.F.);
#10745 = EDGE_CURVE('',#10719,#10737,#10746,.T.);
#10746 = CIRCLE('',#10747,1.E-002);
#10747 = AXIS2_PLACEMENT_3D('',#10748,#10749,#10750);
#10748 = CARTESIAN_POINT('',(0.86,0.E+000,1.24));
#10749 = DIRECTION('',(0.E+000,-1.,0.E+000));
#10750 = DIRECTION('',(0.E+000,0.E+000,-1.));
#10751 = TOROIDAL_SURFACE('',#10752,0.86,1.E-002);
#10752 = AXIS2_PLACEMENT_3D('',#10753,#10754,#10755);
#10753 = CARTESIAN_POINT('',(0.E+000,0.E+000,1.24));
#10754 = DIRECTION('',(0.E+000,0.E+000,1.));
#10755 = DIRECTION('',(1.,0.E+000,-0.E+000));
#10756 = ADVANCED_FACE('',(#10757),#10795,.T.);
#10757 = FACE_BOUND('',#10758,.T.);
#10758 = EDGE_LOOP('',(#10759,#10770,#10779,#10788));
#10759 = ORIENTED_EDGE('',*,*,#10760,.F.);
#10760 = EDGE_CURVE('',#10761,#10763,#10765,.T.);
#10761 = VERTEX_POINT('',#10762);
#10762 = CARTESIAN_POINT('',(4.020306624192E-017,0.25,1.));
#10763 = VERTEX_POINT('',#10764);
#10764 = CARTESIAN_POINT('',(0.25,3.061616997868E-017,1.));
#10765 = CIRCLE('',#10766,0.25);
#10766 = AXIS2_PLACEMENT_3D('',#10767,#10768,#10769);
#10767 = CARTESIAN_POINT('',(0.E+000,0.E+000,1.));
#10768 = DIRECTION('',(-0.E+000,0.E+000,-1.));
#10769 = DIRECTION('',(-1.,0.E+000,0.E+000));
#10770 = ORIENTED_EDGE('',*,*,#10771,.F.);
#10771 = EDGE_CURVE('',#10772,#10761,#10774,.T.);
#10772 = VERTEX_POINT('',#10773);
#10773 = CARTESIAN_POINT('',(-0.25,0.E+000,1.));
#10774 = CIRCLE('',#10775,0.25);
#10775 = AXIS2_PLACEMENT_3D('',#10776,#10777,#10778);
#10776 = CARTESIAN_POINT('',(0.E+000,0.E+000,1.));
#10777 = DIRECTION('',(-0.E+000,0.E+000,-1.));
#10778 = DIRECTION('',(-1.,0.E+000,0.E+000));
#10779 = ORIENTED_EDGE('',*,*,#10780,.T.);
#10780 = EDGE_CURVE('',#10772,#10781,#10783,.T.);
#10781 = VERTEX_POINT('',#10782);
#10782 = CARTESIAN_POINT('',(1.530808498934E-017,0.E+000,1.25));
#10783 = CIRCLE('',#10784,0.25);
#10784 = AXIS2_PLACEMENT_3D('',#10785,#10786,#10787);
#10785 = CARTESIAN_POINT('',(0.E+000,0.E+000,1.));
#10786 = DIRECTION('',(1.224646799147E-016,1.,-0.E+000));
#10787 = DIRECTION('',(-1.,1.224646799147E-016,0.E+000));
#10788 = ORIENTED_EDGE('',*,*,#10789,.F.);
#10789 = EDGE_CURVE('',#10763,#10781,#10790,.T.);
#10790 = CIRCLE('',#10791,0.25);
#10791 = AXIS2_PLACEMENT_3D('',#10792,#10793,#10794);
#10792 = CARTESIAN_POINT('',(0.E+000,0.E+000,1.));
#10793 = DIRECTION('',(0.E+000,-1.,0.E+000));
#10794 = DIRECTION('',(0.E+000,0.E+000,-1.));
#10795 = SPHERICAL_SURFACE('',#10796,0.25);
#10796 = AXIS2_PLACEMENT_3D('',#10797,#10798,#10799);
#10797 = CARTESIAN_POINT('',(0.E+000,0.E+000,1.));
#10798 = DIRECTION('',(0.E+000,1.,0.E+000));
#10799 = DIRECTION('',(1.,0.E+000,0.E+000));
#10800 = ADVANCED_FACE('',(#10801),#10823,.F.);
#10801 = FACE_BOUND('',#10802,.F.);
#10802 = EDGE_LOOP('',(#10803,#10809,#10810,#10816));
#10803 = ORIENTED_EDGE('',*,*,#10804,.T.);
#10804 = EDGE_CURVE('',#10728,#10453,#10805,.T.);
#10805 = LINE('',#10806,#10807);
#10806 = CARTESIAN_POINT('',(-0.85,0.E+000,1.25));
#10807 = VECTOR('',#10808,1.);
#10808 = DIRECTION('',(-0.E+000,-0.E+000,-1.));
#10809 = ORIENTED_EDGE('',*,*,#10481,.F.);
#10810 = ORIENTED_EDGE('',*,*,#10811,.F.);
#10811 = EDGE_CURVE('',#10737,#10473,#10812,.T.);
#10812 = LINE('',#10813,#10814);
#10813 = CARTESIAN_POINT('',(0.85,1.040949779275E-016,1.25));
#10814 = VECTOR('',#10815,1.);
#10815 = DIRECTION('',(-0.E+000,-0.E+000,-1.));
#10816 = ORIENTED_EDGE('',*,*,#10817,.F.);
#10817 = EDGE_CURVE('',#10728,#10737,#10818,.T.);
#10818 = CIRCLE('',#10819,0.85);
#10819 = AXIS2_PLACEMENT_3D('',#10820,#10821,#10822);
#10820 = CARTESIAN_POINT('',(0.E+000,0.E+000,1.24));
#10821 = DIRECTION('',(0.E+000,0.E+000,1.));
#10822 = DIRECTION('',(1.,0.E+000,-0.E+000));
#10823 = CYLINDRICAL_SURFACE('',#10824,0.85);
#10824 = AXIS2_PLACEMENT_3D('',#10825,#10826,#10827);
#10825 = CARTESIAN_POINT('',(0.E+000,0.E+000,1.25));
#10826 = DIRECTION('',(-0.E+000,-0.E+000,-1.));
#10827 = DIRECTION('',(-1.,0.E+000,0.E+000));
#10828 = ADVANCED_FACE('',(#10829),#10852,.T.);
#10829 = FACE_BOUND('',#10830,.T.);
#10830 = EDGE_LOOP('',(#10831,#10832,#10838,#10845,#10851));
#10831 = ORIENTED_EDGE('',*,*,#10760,.T.);
#10832 = ORIENTED_EDGE('',*,*,#10833,.T.);
#10833 = EDGE_CURVE('',#10763,#10508,#10834,.T.);
#10834 = LINE('',#10835,#10836);
#10835 = CARTESIAN_POINT('',(0.25,3.061616997868E-017,1.25));
#10836 = VECTOR('',#10837,1.);
#10837 = DIRECTION('',(-0.E+000,-0.E+000,-1.));
#10838 = ORIENTED_EDGE('',*,*,#10839,.T.);
#10839 = EDGE_CURVE('',#10508,#10499,#10840,.T.);
#10840 = CIRCLE('',#10841,0.25);
#10841 = AXIS2_PLACEMENT_3D('',#10842,#10843,#10844);
#10842 = CARTESIAN_POINT('',(0.E+000,0.E+000,0.36));
#10843 = DIRECTION('',(0.E+000,0.E+000,1.));
#10844 = DIRECTION('',(-1.,0.E+000,0.E+000));
#10845 = ORIENTED_EDGE('',*,*,#10846,.F.);
#10846 = EDGE_CURVE('',#10772,#10499,#10847,.T.);
#10847 = LINE('',#10848,#10849);
#10848 = CARTESIAN_POINT('',(-0.25,0.E+000,1.25));
#10849 = VECTOR('',#10850,1.);
#10850 = DIRECTION('',(-0.E+000,-0.E+000,-1.));
#10851 = ORIENTED_EDGE('',*,*,#10771,.T.);
#10852 = CYLINDRICAL_SURFACE('',#10853,0.25);
#10853 = AXIS2_PLACEMENT_3D('',#10854,#10855,#10856);
#10854 = CARTESIAN_POINT('',(0.E+000,0.E+000,1.25));
#10855 = DIRECTION('',(-0.E+000,-0.E+000,-1.));
#10856 = DIRECTION('',(-1.,0.E+000,0.E+000));
#10857 = ADVANCED_FACE('',(#10858),#10874,.T.);
#10858 = FACE_BOUND('',#10859,.T.);
#10859 = EDGE_LOOP('',(#10860,#10861,#10867,#10868));
#10860 = ORIENTED_EDGE('',*,*,#10540,.T.);
#10861 = ORIENTED_EDGE('',*,*,#10862,.T.);
#10862 = EDGE_CURVE('',#10543,#10585,#10863,.T.);
#10863 = LINE('',#10864,#10865);
#10864 = CARTESIAN_POINT('',(1.,1.224646799147E-016,1.18));
#10865 = VECTOR('',#10866,1.);
#10866 = DIRECTION('',(0.707106781187,8.659560562355E-017,
    -0.707106781187));
#10867 = ORIENTED_EDGE('',*,*,#10584,.T.);
#10868 = ORIENTED_EDGE('',*,*,#10869,.F.);
#10869 = EDGE_CURVE('',#10541,#10587,#10870,.T.);
#10870 = LINE('',#10871,#10872);
#10871 = CARTESIAN_POINT('',(-1.,0.E+000,1.18));
#10872 = VECTOR('',#10873,1.);
#10873 = DIRECTION('',(-0.707106781187,0.E+000,-0.707106781187));
#10874 = CONICAL_SURFACE('',#10875,1.,0.785398163397);
#10875 = AXIS2_PLACEMENT_3D('',#10876,#10877,#10878);
#10876 = CARTESIAN_POINT('',(0.E+000,0.E+000,1.18));
#10877 = DIRECTION('',(0.E+000,0.E+000,-1.));
#10878 = DIRECTION('',(-1.,0.E+000,0.E+000));
#10879 = ADVANCED_FACE('',(#10880),#10944,.T.);
#10880 = FACE_BOUND('',#10881,.T.);
#10881 = EDGE_LOOP('',(#10882,#10883,#10891,#10900,#10921,#10929,#10938)
  );
#10882 = ORIENTED_EDGE('',*,*,#10648,.T.);
#10883 = ORIENTED_EDGE('',*,*,#10884,.T.);
#10884 = EDGE_CURVE('',#10640,#10885,#10887,.T.);
#10885 = VERTEX_POINT('',#10886);
#10886 = CARTESIAN_POINT('',(1.,1.224646799147E-016,0.49));
#10887 = LINE('',#10888,#10889);
#10888 = CARTESIAN_POINT('',(1.,1.224646799147E-016,1.25));
#10889 = VECTOR('',#10890,1.);
#10890 = DIRECTION('',(-0.E+000,-0.E+000,-1.));
#10891 = ORIENTED_EDGE('',*,*,#10892,.T.);
#10892 = EDGE_CURVE('',#10885,#10893,#10895,.T.);
#10893 = VERTEX_POINT('',#10894);
#10894 = CARTESIAN_POINT('',(0.957026645397,0.29,0.49));
#10895 = CIRCLE('',#10896,1.);
#10896 = AXIS2_PLACEMENT_3D('',#10897,#10898,#10899);
#10897 = CARTESIAN_POINT('',(0.E+000,0.E+000,0.49));
#10898 = DIRECTION('',(-0.E+000,0.E+000,1.));
#10899 = DIRECTION('',(1.,0.E+000,0.E+000));
#10900 = ORIENTED_EDGE('',*,*,#10901,.T.);
#10901 = EDGE_CURVE('',#10893,#10902,#10904,.T.);
#10902 = VERTEX_POINT('',#10903);
#10903 = CARTESIAN_POINT('',(0.953939201417,0.3,0.48));
#10904 = B_SPLINE_CURVE_WITH_KNOTS('',3,(#10905,#10906,#10907,#10908,
    #10909,#10910,#10911,#10912,#10913,#10914,#10915,#10916,#10917,
    #10918,#10919,#10920),.UNSPECIFIED.,.F.,.F.,(4,3,3,3,3,4),(0.E+000,
    3.6368938695E-006,7.278159980498E-006,1.084421739063E-005,
    1.425122980217E-005,1.598630098424E-005),.UNSPECIFIED.);
#10905 = CARTESIAN_POINT('',(0.957026645397,0.29,0.49));
#10906 = CARTESIAN_POINT('',(0.95667507899,0.291160201447,0.49));
#10907 = CARTESIAN_POINT('',(0.95631642066,0.292335789138,0.489792903576
    ));
#10908 = CARTESIAN_POINT('',(0.955980570305,0.293429973247,
    0.489393363828));
#10909 = CARTESIAN_POINT('',(0.955644498704,0.294524878164,
    0.488993560878));
#10910 = CARTESIAN_POINT('',(0.955321771052,0.2955692848,0.488389075577)
  );
#10911 = CARTESIAN_POINT('',(0.955042339604,0.296469441199,
    0.487625374183));
#10912 = CARTESIAN_POINT('',(0.954768760855,0.297350743796,
    0.486877668537));
#10913 = CARTESIAN_POINT('',(0.95452886782,0.298119118326,0.485954634332
    ));
#10914 = CARTESIAN_POINT('',(0.954347616789,0.298698219499,
    0.484933657728));
#10915 = CARTESIAN_POINT('',(0.954174356989,0.299251788507,
    0.483957695266));
#10916 = CARTESIAN_POINT('',(0.954049819382,0.299648102362,0.48286342558
    ));
#10917 = CARTESIAN_POINT('',(0.953987564102,0.299846173133,
    0.481747247914));
#10918 = CARTESIAN_POINT('',(0.953955491712,0.299948214325,
    0.481172220616));
#10919 = CARTESIAN_POINT('',(0.953939201417,0.3,0.480584890961));
#10920 = CARTESIAN_POINT('',(0.953939201417,0.3,0.48));
#10921 = ORIENTED_EDGE('',*,*,#10922,.T.);
#10922 = EDGE_CURVE('',#10902,#10923,#10925,.T.);
#10923 = VERTEX_POINT('',#10924);
#10924 = CARTESIAN_POINT('',(0.953939201417,0.3,0.35));
#10925 = LINE('',#10926,#10927);
#10926 = CARTESIAN_POINT('',(0.953939201417,0.3,1.25));
#10927 = VECTOR('',#10928,1.);
#10928 = DIRECTION('',(-0.E+000,-0.E+000,-1.));
#10929 = ORIENTED_EDGE('',*,*,#10930,.T.);
#10930 = EDGE_CURVE('',#10923,#10931,#10933,.T.);
#10931 = VERTEX_POINT('',#10932);
#10932 = CARTESIAN_POINT('',(-1.,0.E+000,0.35));
#10933 = CIRCLE('',#10934,1.);
#10934 = AXIS2_PLACEMENT_3D('',#10935,#10936,#10937);
#10935 = CARTESIAN_POINT('',(0.E+000,0.E+000,0.35));
#10936 = DIRECTION('',(0.E+000,0.E+000,1.));
#10937 = DIRECTION('',(-1.,0.E+000,0.E+000));
#10938 = ORIENTED_EDGE('',*,*,#10939,.F.);
#10939 = EDGE_CURVE('',#10649,#10931,#10940,.T.);
#10940 = LINE('',#10941,#10942);
#10941 = CARTESIAN_POINT('',(-1.,0.E+000,1.25));
#10942 = VECTOR('',#10943,1.);
#10943 = DIRECTION('',(-0.E+000,-0.E+000,-1.));
#10944 = CYLINDRICAL_SURFACE('',#10945,1.);
#10945 = AXIS2_PLACEMENT_3D('',#10946,#10947,#10948);
#10946 = CARTESIAN_POINT('',(0.E+000,0.E+000,1.25));
#10947 = DIRECTION('',(-0.E+000,-0.E+000,-1.));
#10948 = DIRECTION('',(-1.,0.E+000,0.E+000));
#10949 = ADVANCED_FACE('',(#10950),#10976,.T.);
#10950 = FACE_BOUND('',#10951,.T.);
#10951 = EDGE_LOOP('',(#10952,#10963,#10969,#10970));
#10952 = ORIENTED_EDGE('',*,*,#10953,.F.);
#10953 = EDGE_CURVE('',#10954,#10956,#10958,.T.);
#10954 = VERTEX_POINT('',#10955);
#10955 = CARTESIAN_POINT('',(0.93,0.E+000,0.55));
#10956 = VERTEX_POINT('',#10957);
#10957 = CARTESIAN_POINT('',(-0.93,1.138921523207E-016,0.55));
#10958 = CIRCLE('',#10959,0.93);
#10959 = AXIS2_PLACEMENT_3D('',#10960,#10961,#10962);
#10960 = CARTESIAN_POINT('',(0.E+000,0.E+000,0.55));
#10961 = DIRECTION('',(0.E+000,-0.E+000,1.));
#10962 = DIRECTION('',(1.,0.E+000,0.E+000));
#10963 = ORIENTED_EDGE('',*,*,#10964,.T.);
#10964 = EDGE_CURVE('',#10954,#10629,#10965,.T.);
#10965 = LINE('',#10966,#10967);
#10966 = CARTESIAN_POINT('',(1.,1.224646799147E-016,0.5));
#10967 = VECTOR('',#10968,1.);
#10968 = DIRECTION('',(0.813733471207,9.965360908724E-017,
    -0.581238193719));
#10969 = ORIENTED_EDGE('',*,*,#10628,.T.);
#10970 = ORIENTED_EDGE('',*,*,#10971,.F.);
#10971 = EDGE_CURVE('',#10956,#10631,#10972,.T.);
#10972 = LINE('',#10973,#10974);
#10973 = CARTESIAN_POINT('',(-1.,0.E+000,0.5));
#10974 = VECTOR('',#10975,1.);
#10975 = DIRECTION('',(-0.813733471207,0.E+000,-0.581238193719));
#10976 = CONICAL_SURFACE('',#10977,1.,0.950546840812);
#10977 = AXIS2_PLACEMENT_3D('',#10978,#10979,#10980);
#10978 = CARTESIAN_POINT('',(0.E+000,0.E+000,0.5));
#10979 = DIRECTION('',(0.E+000,0.E+000,-1.));
#10980 = DIRECTION('',(-1.,0.E+000,0.E+000));
#10981 = ADVANCED_FACE('',(#10982),#11008,.T.);
#10982 = FACE_BOUND('',#10983,.T.);
#10983 = EDGE_LOOP('',(#10984,#10985,#10993,#11002));
#10984 = ORIENTED_EDGE('',*,*,#10953,.T.);
#10985 = ORIENTED_EDGE('',*,*,#10986,.T.);
#10986 = EDGE_CURVE('',#10956,#10987,#10989,.T.);
#10987 = VERTEX_POINT('',#10988);
#10988 = CARTESIAN_POINT('',(-0.93,1.179219984649E-016,0.65));
#10989 = LINE('',#10990,#10991);
#10990 = CARTESIAN_POINT('',(-0.93,1.138921523207E-016,0.E+000));
#10991 = VECTOR('',#10992,1.);
#10992 = DIRECTION('',(-0.E+000,-0.E+000,1.));
#10993 = ORIENTED_EDGE('',*,*,#10994,.F.);
#10994 = EDGE_CURVE('',#10995,#10987,#10997,.T.);
#10995 = VERTEX_POINT('',#10996);
#10996 = CARTESIAN_POINT('',(0.93,0.E+000,0.65));
#10997 = CIRCLE('',#10998,0.93);
#10998 = AXIS2_PLACEMENT_3D('',#10999,#11000,#11001);
#10999 = CARTESIAN_POINT('',(0.E+000,0.E+000,0.65));
#11000 = DIRECTION('',(0.E+000,-0.E+000,1.));
#11001 = DIRECTION('',(1.,0.E+000,0.E+000));
#11002 = ORIENTED_EDGE('',*,*,#11003,.F.);
#11003 = EDGE_CURVE('',#10954,#10995,#11004,.T.);
#11004 = LINE('',#11005,#11006);
#11005 = CARTESIAN_POINT('',(0.93,0.E+000,0.E+000));
#11006 = VECTOR('',#11007,1.);
#11007 = DIRECTION('',(-0.E+000,-0.E+000,1.));
#11008 = CYLINDRICAL_SURFACE('',#11009,0.93);
#11009 = AXIS2_PLACEMENT_3D('',#11010,#11011,#11012);
#11010 = CARTESIAN_POINT('',(0.E+000,0.E+000,0.E+000));
#11011 = DIRECTION('',(-0.E+000,-0.E+000,1.));
#11012 = DIRECTION('',(1.,0.E+000,0.E+000));
#11013 = ADVANCED_FACE('',(#11014),#11030,.T.);
#11014 = FACE_BOUND('',#11015,.T.);
#11015 = EDGE_LOOP('',(#11016,#11017,#11023,#11024));
#11016 = ORIENTED_EDGE('',*,*,#10994,.T.);
#11017 = ORIENTED_EDGE('',*,*,#11018,.T.);
#11018 = EDGE_CURVE('',#10987,#10693,#11019,.T.);
#11019 = LINE('',#11020,#11021);
#11020 = CARTESIAN_POINT('',(-0.93,1.138921523207E-016,0.65));
#11021 = VECTOR('',#11022,1.);
#11022 = DIRECTION('',(-0.813733471207,9.965360908724E-017,
    0.581238193719));
#11023 = ORIENTED_EDGE('',*,*,#10692,.T.);
#11024 = ORIENTED_EDGE('',*,*,#11025,.F.);
#11025 = EDGE_CURVE('',#10995,#10684,#11026,.T.);
#11026 = LINE('',#11027,#11028);
#11027 = CARTESIAN_POINT('',(0.93,0.E+000,0.65));
#11028 = VECTOR('',#11029,1.);
#11029 = DIRECTION('',(0.813733471207,0.E+000,0.581238193719));
#11030 = CONICAL_SURFACE('',#11031,0.93,0.950546840812);
#11031 = AXIS2_PLACEMENT_3D('',#11032,#11033,#11034);
#11032 = CARTESIAN_POINT('',(0.E+000,0.E+000,0.65));
#11033 = DIRECTION('',(-0.E+000,-0.E+000,1.));
#11034 = DIRECTION('',(1.,0.E+000,0.E+000));
#11035 = ADVANCED_FACE('',(#11036),#11052,.T.);
#11036 = FACE_BOUND('',#11037,.T.);
#11037 = EDGE_LOOP('',(#11038,#11039,#11045,#11046));
#11038 = ORIENTED_EDGE('',*,*,#10604,.T.);
#11039 = ORIENTED_EDGE('',*,*,#11040,.T.);
#11040 = EDGE_CURVE('',#10596,#10673,#11041,.T.);
#11041 = LINE('',#11042,#11043);
#11042 = CARTESIAN_POINT('',(1.,1.224646799147E-016,1.25));
#11043 = VECTOR('',#11044,1.);
#11044 = DIRECTION('',(-0.E+000,-0.E+000,-1.));
#11045 = ORIENTED_EDGE('',*,*,#10672,.T.);
#11046 = ORIENTED_EDGE('',*,*,#11047,.F.);
#11047 = EDGE_CURVE('',#10605,#10675,#11048,.T.);
#11048 = LINE('',#11049,#11050);
#11049 = CARTESIAN_POINT('',(-1.,0.E+000,1.25));
#11050 = VECTOR('',#11051,1.);
#11051 = DIRECTION('',(-0.E+000,-0.E+000,-1.));
#11052 = CYLINDRICAL_SURFACE('',#11053,1.);
#11053 = AXIS2_PLACEMENT_3D('',#11054,#11055,#11056);
#11054 = CARTESIAN_POINT('',(0.E+000,0.E+000,1.25));
#11055 = DIRECTION('',(-0.E+000,-0.E+000,-1.));
#11056 = DIRECTION('',(-1.,0.E+000,0.E+000));
#11057 = ADVANCED_FACE('',(#11058),#11260,.T.);
#11058 = FACE_BOUND('',#11059,.T.);
#11059 = EDGE_LOOP('',(#11060,#11070,#11078,#11096,#11104,#11112,#11120,
    #11129,#11137,#11146,#11154,#11162,#11170,#11179,#11187,#11196,
    #11204,#11213,#11221,#11229,#11237,#11245,#11253));
#11060 = ORIENTED_EDGE('',*,*,#11061,.F.);
#11061 = EDGE_CURVE('',#11062,#11064,#11066,.T.);
#11062 = VERTEX_POINT('',#11063);
#11063 = CARTESIAN_POINT('',(-1.3,-0.31,0.E+000));
#11064 = VERTEX_POINT('',#11065);
#11065 = CARTESIAN_POINT('',(-1.3,-1.05,0.E+000));
#11066 = LINE('',#11067,#11068);
#11067 = CARTESIAN_POINT('',(-1.3,1.05,0.E+000));
#11068 = VECTOR('',#11069,1.);
#11069 = DIRECTION('',(2.06514699521E-016,-1.,0.E+000));
#11070 = ORIENTED_EDGE('',*,*,#11071,.T.);
#11071 = EDGE_CURVE('',#11062,#11072,#11074,.T.);
#11072 = VERTEX_POINT('',#11073);
#11073 = CARTESIAN_POINT('',(0.44,-0.31,0.E+000));
#11074 = LINE('',#11075,#11076);
#11075 = CARTESIAN_POINT('',(-1.05,-0.31,0.E+000));
#11076 = VECTOR('',#11077,1.);
#11077 = DIRECTION('',(1.,0.E+000,0.E+000));
#11078 = ORIENTED_EDGE('',*,*,#11079,.T.);
#11079 = EDGE_CURVE('',#11072,#11080,#11082,.T.);
#11080 = VERTEX_POINT('',#11081);
#11081 = CARTESIAN_POINT('',(0.45,-0.292679491924,-3.388131789017E-018)
  );
#11082 = B_SPLINE_CURVE_WITH_KNOTS('',3,(#11083,#11084,#11085,#11086,
    #11087,#11088,#11089,#11090,#11091,#11092,#11093,#11094,#11095),
  .UNSPECIFIED.,.F.,.F.,(4,3,3,3,4),(-6.324555872942E-007,0.E+000,
    7.840856666124E-006,1.483400100655E-005,1.993728362545E-005),
  .UNSPECIFIED.);
#11083 = CARTESIAN_POINT('',(0.44,-0.31,0.E+000));
#11084 = CARTESIAN_POINT('',(0.440149034001,-0.309850891587,0.E+000));
#11085 = CARTESIAN_POINT('',(0.440298142698,-0.309701857796,0.E+000));
#11086 = CARTESIAN_POINT('',(0.440447102003,-0.309552674761,0.E+000));
#11087 = CARTESIAN_POINT('',(0.442293822276,-0.307703180796,0.E+000));
#11088 = CARTESIAN_POINT('',(0.444132929091,-0.305825605081,0.E+000));
#11089 = CARTESIAN_POINT('',(0.445715943618,-0.303745925129,0.E+000));
#11090 = CARTESIAN_POINT('',(0.447119020071,-0.301902638211,0.E+000));
#11091 = CARTESIAN_POINT('',(0.448336681162,-0.299864400513,0.E+000));
#11092 = CARTESIAN_POINT('',(0.4491064244,-0.297679491924,0.E+000));
#11093 = CARTESIAN_POINT('',(0.449669002691,-0.296082618996,0.E+000));
#11094 = CARTESIAN_POINT('',(0.45,-0.294372565308,0.E+000));
#11095 = CARTESIAN_POINT('',(0.45,-0.292679491924,-3.388131789017E-018)
  );
#11096 = ORIENTED_EDGE('',*,*,#11097,.T.);
#11097 = EDGE_CURVE('',#11080,#11098,#11100,.T.);
#11098 = VERTEX_POINT('',#11099);
#11099 = CARTESIAN_POINT('',(0.45,0.3,0.E+000));
#11100 = LINE('',#11101,#11102);
#11101 = CARTESIAN_POINT('',(0.45,1.05,0.E+000));
#11102 = VECTOR('',#11103,1.);
#11103 = DIRECTION('',(0.E+000,1.,0.E+000));
#11104 = ORIENTED_EDGE('',*,*,#11105,.T.);
#11105 = EDGE_CURVE('',#11098,#11106,#11108,.T.);
#11106 = VERTEX_POINT('',#11107);
#11107 = CARTESIAN_POINT('',(-1.3,0.3,0.E+000));
#11108 = LINE('',#11109,#11110);
#11109 = CARTESIAN_POINT('',(-1.05,0.3,0.E+000));
#11110 = VECTOR('',#11111,1.);
#11111 = DIRECTION('',(-1.,0.E+000,0.E+000));
#11112 = ORIENTED_EDGE('',*,*,#11113,.F.);
#11113 = EDGE_CURVE('',#11114,#11106,#11116,.T.);
#11114 = VERTEX_POINT('',#11115);
#11115 = CARTESIAN_POINT('',(-1.3,1.05,0.E+000));
#11116 = LINE('',#11117,#11118);
#11117 = CARTESIAN_POINT('',(-1.3,1.05,0.E+000));
#11118 = VECTOR('',#11119,1.);
#11119 = DIRECTION('',(2.06514699521E-016,-1.,0.E+000));
#11120 = ORIENTED_EDGE('',*,*,#11121,.F.);
#11121 = EDGE_CURVE('',#11122,#11114,#11124,.T.);
#11122 = VERTEX_POINT('',#11123);
#11123 = CARTESIAN_POINT('',(-1.05,1.3,0.E+000));
#11124 = CIRCLE('',#11125,0.25);
#11125 = AXIS2_PLACEMENT_3D('',#11126,#11127,#11128);
#11126 = CARTESIAN_POINT('',(-1.05,1.05,0.E+000));
#11127 = DIRECTION('',(0.E+000,0.E+000,1.));
#11128 = DIRECTION('',(-1.,0.E+000,0.E+000));
#11129 = ORIENTED_EDGE('',*,*,#11130,.F.);
#11130 = EDGE_CURVE('',#11131,#11122,#11133,.T.);
#11131 = VERTEX_POINT('',#11132);
#11132 = CARTESIAN_POINT('',(-0.91,1.3,0.E+000));
#11133 = LINE('',#11134,#11135);
#11134 = CARTESIAN_POINT('',(-1.05,1.3,0.E+000));
#11135 = VECTOR('',#11136,1.);
#11136 = DIRECTION('',(-1.,-1.032573497605E-016,-0.E+000));
#11137 = ORIENTED_EDGE('',*,*,#11138,.T.);
#11138 = EDGE_CURVE('',#11131,#11139,#11141,.T.);
#11139 = VERTEX_POINT('',#11140);
#11140 = CARTESIAN_POINT('',(-0.9,1.31,0.E+000));
#11141 = CIRCLE('',#11142,1.E-002);
#11142 = AXIS2_PLACEMENT_3D('',#11143,#11144,#11145);
#11143 = CARTESIAN_POINT('',(-0.91,1.31,0.E+000));
#11144 = DIRECTION('',(0.E+000,0.E+000,1.));
#11145 = DIRECTION('',(-1.,0.E+000,0.E+000));
#11146 = ORIENTED_EDGE('',*,*,#11147,.T.);
#11147 = EDGE_CURVE('',#11139,#11148,#11150,.T.);
#11148 = VERTEX_POINT('',#11149);
#11149 = CARTESIAN_POINT('',(-0.9,1.04,0.E+000));
#11150 = LINE('',#11151,#11152);
#11151 = CARTESIAN_POINT('',(-0.9,1.05,0.E+000));
#11152 = VECTOR('',#11153,1.);
#11153 = DIRECTION('',(-9.637352644316E-016,-1.,0.E+000));
#11154 = ORIENTED_EDGE('',*,*,#11155,.T.);
#11155 = EDGE_CURVE('',#11148,#11156,#11158,.T.);
#11156 = VERTEX_POINT('',#11157);
#11157 = CARTESIAN_POINT('',(0.9,1.04,0.E+000));
#11158 = LINE('',#11159,#11160);
#11159 = CARTESIAN_POINT('',(-1.05,1.04,0.E+000));
#11160 = VECTOR('',#11161,1.);
#11161 = DIRECTION('',(1.,0.E+000,0.E+000));
#11162 = ORIENTED_EDGE('',*,*,#11163,.T.);
#11163 = EDGE_CURVE('',#11156,#11164,#11166,.T.);
#11164 = VERTEX_POINT('',#11165);
#11165 = CARTESIAN_POINT('',(0.9,1.31,0.E+000));
#11166 = LINE('',#11167,#11168);
#11167 = CARTESIAN_POINT('',(0.9,1.05,0.E+000));
#11168 = VECTOR('',#11169,1.);
#11169 = DIRECTION('',(-9.637352644316E-016,1.,0.E+000));
#11170 = ORIENTED_EDGE('',*,*,#11171,.T.);
#11171 = EDGE_CURVE('',#11164,#11172,#11174,.T.);
#11172 = VERTEX_POINT('',#11173);
#11173 = CARTESIAN_POINT('',(0.91,1.3,0.E+000));
#11174 = CIRCLE('',#11175,1.E-002);
#11175 = AXIS2_PLACEMENT_3D('',#11176,#11177,#11178);
#11176 = CARTESIAN_POINT('',(0.91,1.31,0.E+000));
#11177 = DIRECTION('',(0.E+000,0.E+000,1.));
#11178 = DIRECTION('',(-1.,0.E+000,0.E+000));
#11179 = ORIENTED_EDGE('',*,*,#11180,.F.);
#11180 = EDGE_CURVE('',#11181,#11172,#11183,.T.);
#11181 = VERTEX_POINT('',#11182);
#11182 = CARTESIAN_POINT('',(1.05,1.3,0.E+000));
#11183 = LINE('',#11184,#11185);
#11184 = CARTESIAN_POINT('',(-1.05,1.3,0.E+000));
#11185 = VECTOR('',#11186,1.);
#11186 = DIRECTION('',(-1.,-1.032573497605E-016,-0.E+000));
#11187 = ORIENTED_EDGE('',*,*,#11188,.F.);
#11188 = EDGE_CURVE('',#11189,#11181,#11191,.T.);
#11189 = VERTEX_POINT('',#11190);
#11190 = CARTESIAN_POINT('',(1.3,1.05,0.E+000));
#11191 = CIRCLE('',#11192,0.25);
#11192 = AXIS2_PLACEMENT_3D('',#11193,#11194,#11195);
#11193 = CARTESIAN_POINT('',(1.05,1.05,0.E+000));
#11194 = DIRECTION('',(0.E+000,0.E+000,1.));
#11195 = DIRECTION('',(1.,0.E+000,-0.E+000));
#11196 = ORIENTED_EDGE('',*,*,#11197,.F.);
#11197 = EDGE_CURVE('',#11198,#11189,#11200,.T.);
#11198 = VERTEX_POINT('',#11199);
#11199 = CARTESIAN_POINT('',(1.3,-1.05,0.E+000));
#11200 = LINE('',#11201,#11202);
#11201 = CARTESIAN_POINT('',(1.3,1.05,0.E+000));
#11202 = VECTOR('',#11203,1.);
#11203 = DIRECTION('',(-0.E+000,1.,-0.E+000));
#11204 = ORIENTED_EDGE('',*,*,#11205,.F.);
#11205 = EDGE_CURVE('',#11206,#11198,#11208,.T.);
#11206 = VERTEX_POINT('',#11207);
#11207 = CARTESIAN_POINT('',(1.05,-1.3,0.E+000));
#11208 = CIRCLE('',#11209,0.25);
#11209 = AXIS2_PLACEMENT_3D('',#11210,#11211,#11212);
#11210 = CARTESIAN_POINT('',(1.05,-1.05,0.E+000));
#11211 = DIRECTION('',(0.E+000,0.E+000,1.));
#11212 = DIRECTION('',(-1.,0.E+000,0.E+000));
#11213 = ORIENTED_EDGE('',*,*,#11214,.F.);
#11214 = EDGE_CURVE('',#11215,#11206,#11217,.T.);
#11215 = VERTEX_POINT('',#11216);
#11216 = CARTESIAN_POINT('',(0.9,-1.3,0.E+000));
#11217 = LINE('',#11218,#11219);
#11218 = CARTESIAN_POINT('',(1.05,-1.3,0.E+000));
#11219 = VECTOR('',#11220,1.);
#11220 = DIRECTION('',(1.,1.032573497605E-016,-0.E+000));
#11221 = ORIENTED_EDGE('',*,*,#11222,.T.);
#11222 = EDGE_CURVE('',#11215,#11223,#11225,.T.);
#11223 = VERTEX_POINT('',#11224);
#11224 = CARTESIAN_POINT('',(0.9,-1.05,0.E+000));
#11225 = LINE('',#11226,#11227);
#11226 = CARTESIAN_POINT('',(0.9,1.05,0.E+000));
#11227 = VECTOR('',#11228,1.);
#11228 = DIRECTION('',(9.637352644316E-016,1.,0.E+000));
#11229 = ORIENTED_EDGE('',*,*,#11230,.T.);
#11230 = EDGE_CURVE('',#11223,#11231,#11233,.T.);
#11231 = VERTEX_POINT('',#11232);
#11232 = CARTESIAN_POINT('',(-0.9,-1.05,0.E+000));
#11233 = LINE('',#11234,#11235);
#11234 = CARTESIAN_POINT('',(-1.05,-1.05,0.E+000));
#11235 = VECTOR('',#11236,1.);
#11236 = DIRECTION('',(-1.,0.E+000,0.E+000));
#11237 = ORIENTED_EDGE('',*,*,#11238,.T.);
#11238 = EDGE_CURVE('',#11231,#11239,#11241,.T.);
#11239 = VERTEX_POINT('',#11240);
#11240 = CARTESIAN_POINT('',(-0.9,-1.3,0.E+000));
#11241 = LINE('',#11242,#11243);
#11242 = CARTESIAN_POINT('',(-0.9,1.05,0.E+000));
#11243 = VECTOR('',#11244,1.);
#11244 = DIRECTION('',(9.637352644316E-016,-1.,0.E+000));
#11245 = ORIENTED_EDGE('',*,*,#11246,.F.);
#11246 = EDGE_CURVE('',#11247,#11239,#11249,.T.);
#11247 = VERTEX_POINT('',#11248);
#11248 = CARTESIAN_POINT('',(-1.05,-1.3,0.E+000));
#11249 = LINE('',#11250,#11251);
#11250 = CARTESIAN_POINT('',(1.05,-1.3,0.E+000));
#11251 = VECTOR('',#11252,1.);
#11252 = DIRECTION('',(1.,1.032573497605E-016,-0.E+000));
#11253 = ORIENTED_EDGE('',*,*,#11254,.F.);
#11254 = EDGE_CURVE('',#11064,#11247,#11255,.T.);
#11255 = CIRCLE('',#11256,0.25);
#11256 = AXIS2_PLACEMENT_3D('',#11257,#11258,#11259);
#11257 = CARTESIAN_POINT('',(-1.05,-1.05,0.E+000));
#11258 = DIRECTION('',(0.E+000,0.E+000,1.));
#11259 = DIRECTION('',(1.,0.E+000,-0.E+000));
#11260 = PLANE('',#11261);
#11261 = AXIS2_PLACEMENT_3D('',#11262,#11263,#11264);
#11262 = CARTESIAN_POINT('',(-1.05,1.05,0.E+000));
#11263 = DIRECTION('',(-0.E+000,0.E+000,-1.));
#11264 = DIRECTION('',(-1.,0.E+000,0.E+000));
#11265 = ADVANCED_FACE('',(#11266),#11341,.F.);
#11266 = FACE_BOUND('',#11267,.T.);
#11267 = EDGE_LOOP('',(#11268,#11276,#11284,#11290,#11291,#11299,#11308,
    #11316,#11334,#11340));
#11268 = ORIENTED_EDGE('',*,*,#11269,.F.);
#11269 = EDGE_CURVE('',#11270,#11064,#11272,.T.);
#11270 = VERTEX_POINT('',#11271);
#11271 = CARTESIAN_POINT('',(-1.3,-1.05,0.34));
#11272 = LINE('',#11273,#11274);
#11273 = CARTESIAN_POINT('',(-1.3,-1.05,0.35));
#11274 = VECTOR('',#11275,1.);
#11275 = DIRECTION('',(-0.E+000,-0.E+000,-1.));
#11276 = ORIENTED_EDGE('',*,*,#11277,.T.);
#11277 = EDGE_CURVE('',#11270,#11278,#11280,.T.);
#11278 = VERTEX_POINT('',#11279);
#11279 = CARTESIAN_POINT('',(-1.3,1.05,0.34));
#11280 = LINE('',#11281,#11282);
#11281 = CARTESIAN_POINT('',(-1.3,1.05,0.34));
#11282 = VECTOR('',#11283,1.);
#11283 = DIRECTION('',(-2.06514699521E-016,1.,-0.E+000));
#11284 = ORIENTED_EDGE('',*,*,#11285,.T.);
#11285 = EDGE_CURVE('',#11278,#11114,#11286,.T.);
#11286 = LINE('',#11287,#11288);
#11287 = CARTESIAN_POINT('',(-1.3,1.05,0.35));
#11288 = VECTOR('',#11289,1.);
#11289 = DIRECTION('',(-0.E+000,-0.E+000,-1.));
#11290 = ORIENTED_EDGE('',*,*,#11113,.T.);
#11291 = ORIENTED_EDGE('',*,*,#11292,.F.);
#11292 = EDGE_CURVE('',#11293,#11106,#11295,.T.);
#11293 = VERTEX_POINT('',#11294);
#11294 = CARTESIAN_POINT('',(-1.3,0.3,0.13));
#11295 = LINE('',#11296,#11297);
#11296 = CARTESIAN_POINT('',(-1.3,0.3,0.35));
#11297 = VECTOR('',#11298,1.);
#11298 = DIRECTION('',(0.E+000,0.E+000,-1.));
#11299 = ORIENTED_EDGE('',*,*,#11300,.T.);
#11300 = EDGE_CURVE('',#11293,#11301,#11303,.T.);
#11301 = VERTEX_POINT('',#11302);
#11302 = CARTESIAN_POINT('',(-1.3,0.29,0.14));
#11303 = CIRCLE('',#11304,1.E-002);
#11304 = AXIS2_PLACEMENT_3D('',#11305,#11306,#11307);
#11305 = CARTESIAN_POINT('',(-1.3,0.29,0.13));
#11306 = DIRECTION('',(1.,2.06514699521E-016,-0.E+000));
#11307 = DIRECTION('',(-2.06514699521E-016,1.,0.E+000));
#11308 = ORIENTED_EDGE('',*,*,#11309,.F.);
#11309 = EDGE_CURVE('',#11310,#11301,#11312,.T.);
#11310 = VERTEX_POINT('',#11311);
#11311 = CARTESIAN_POINT('',(-1.3,-0.292679491924,0.14));
#11312 = LINE('',#11313,#11314);
#11313 = CARTESIAN_POINT('',(-1.3,1.05,0.14));
#11314 = VECTOR('',#11315,1.);
#11315 = DIRECTION('',(-2.06514699521E-016,1.,0.E+000));
#11316 = ORIENTED_EDGE('',*,*,#11317,.T.);
#11317 = EDGE_CURVE('',#11310,#11318,#11320,.T.);
#11318 = VERTEX_POINT('',#11319);
#11319 = CARTESIAN_POINT('',(-1.3,-0.31,0.13));
#11320 = B_SPLINE_CURVE_WITH_KNOTS('',3,(#11321,#11322,#11323,#11324,
    #11325,#11326,#11327,#11328,#11329,#11330,#11331,#11332,#11333),
  .UNSPECIFIED.,.F.,.F.,(4,3,3,3,4),(1.11757001917E-019,
    5.079220152013E-006,1.203939114632E-005,1.984327742143E-005,
    2.047573300872E-005),.UNSPECIFIED.);
#11321 = CARTESIAN_POINT('',(-1.3,-0.292679491924,0.14));
#11322 = CARTESIAN_POINT('',(-1.3,-0.294372565308,0.14));
#11323 = CARTESIAN_POINT('',(-1.3,-0.296082618996,0.139669002691));
#11324 = CARTESIAN_POINT('',(-1.3,-0.297679491924,0.1391064244));
#11325 = CARTESIAN_POINT('',(-1.3,-0.299864400513,0.138336681162));
#11326 = CARTESIAN_POINT('',(-1.3,-0.301902638211,0.137119020071));
#11327 = CARTESIAN_POINT('',(-1.3,-0.303745925129,0.135715943618));
#11328 = CARTESIAN_POINT('',(-1.3,-0.305825605081,0.134132929091));
#11329 = CARTESIAN_POINT('',(-1.3,-0.307703180796,0.132293822276));
#11330 = CARTESIAN_POINT('',(-1.3,-0.309552674761,0.130447102003));
#11331 = CARTESIAN_POINT('',(-1.3,-0.309701857796,0.130298142698));
#11332 = CARTESIAN_POINT('',(-1.3,-0.309850891587,0.130149034001));
#11333 = CARTESIAN_POINT('',(-1.3,-0.31,0.13));
#11334 = ORIENTED_EDGE('',*,*,#11335,.T.);
#11335 = EDGE_CURVE('',#11318,#11062,#11336,.T.);
#11336 = LINE('',#11337,#11338);
#11337 = CARTESIAN_POINT('',(-1.3,-0.31,0.E+000));
#11338 = VECTOR('',#11339,1.);
#11339 = DIRECTION('',(-0.E+000,-0.E+000,-1.));
#11340 = ORIENTED_EDGE('',*,*,#11061,.T.);
#11341 = PLANE('',#11342);
#11342 = AXIS2_PLACEMENT_3D('',#11343,#11344,#11345);
#11343 = CARTESIAN_POINT('',(-1.3,1.05,0.35));
#11344 = DIRECTION('',(1.,2.06514699521E-016,-0.E+000));
#11345 = DIRECTION('',(-2.06514699521E-016,1.,0.E+000));
#11346 = ADVANCED_FACE('',(#11347),#11413,.F.);
#11347 = FACE_BOUND('',#11348,.T.);
#11348 = EDGE_LOOP('',(#11349,#11357,#11365,#11371,#11372,#11380,#11389,
    #11397,#11406,#11412));
#11349 = ORIENTED_EDGE('',*,*,#11350,.F.);
#11350 = EDGE_CURVE('',#11351,#11122,#11353,.T.);
#11351 = VERTEX_POINT('',#11352);
#11352 = CARTESIAN_POINT('',(-1.05,1.3,0.34));
#11353 = LINE('',#11354,#11355);
#11354 = CARTESIAN_POINT('',(-1.05,1.3,0.35));
#11355 = VECTOR('',#11356,1.);
#11356 = DIRECTION('',(-0.E+000,-0.E+000,-1.));
#11357 = ORIENTED_EDGE('',*,*,#11358,.T.);
#11358 = EDGE_CURVE('',#11351,#11359,#11361,.T.);
#11359 = VERTEX_POINT('',#11360);
#11360 = CARTESIAN_POINT('',(1.05,1.3,0.34));
#11361 = LINE('',#11362,#11363);
#11362 = CARTESIAN_POINT('',(-1.05,1.3,0.34));
#11363 = VECTOR('',#11364,1.);
#11364 = DIRECTION('',(1.,1.032573497605E-016,-0.E+000));
#11365 = ORIENTED_EDGE('',*,*,#11366,.T.);
#11366 = EDGE_CURVE('',#11359,#11181,#11367,.T.);
#11367 = LINE('',#11368,#11369);
#11368 = CARTESIAN_POINT('',(1.05,1.3,0.35));
#11369 = VECTOR('',#11370,1.);
#11370 = DIRECTION('',(-0.E+000,-0.E+000,-1.));
#11371 = ORIENTED_EDGE('',*,*,#11180,.T.);
#11372 = ORIENTED_EDGE('',*,*,#11373,.T.);
#11373 = EDGE_CURVE('',#11172,#11374,#11376,.T.);
#11374 = VERTEX_POINT('',#11375);
#11375 = CARTESIAN_POINT('',(0.91,1.3,0.13));
#11376 = LINE('',#11377,#11378);
#11377 = CARTESIAN_POINT('',(0.91,1.3,0.14));
#11378 = VECTOR('',#11379,1.);
#11379 = DIRECTION('',(-0.E+000,-0.E+000,1.));
#11380 = ORIENTED_EDGE('',*,*,#11381,.F.);
#11381 = EDGE_CURVE('',#11382,#11374,#11384,.T.);
#11382 = VERTEX_POINT('',#11383);
#11383 = CARTESIAN_POINT('',(0.89,1.3,0.15));
#11384 = CIRCLE('',#11385,2.E-002);
#11385 = AXIS2_PLACEMENT_3D('',#11386,#11387,#11388);
#11386 = CARTESIAN_POINT('',(0.89,1.3,0.13));
#11387 = DIRECTION('',(-1.032573497605E-016,1.,0.E+000));
#11388 = DIRECTION('',(1.,1.032573497605E-016,0.E+000));
#11389 = ORIENTED_EDGE('',*,*,#11390,.T.);
#11390 = EDGE_CURVE('',#11382,#11391,#11393,.T.);
#11391 = VERTEX_POINT('',#11392);
#11392 = CARTESIAN_POINT('',(-0.89,1.3,0.15));
#11393 = LINE('',#11394,#11395);
#11394 = CARTESIAN_POINT('',(-0.9,1.3,0.15));
#11395 = VECTOR('',#11396,1.);
#11396 = DIRECTION('',(-1.,-1.032573497605E-016,0.E+000));
#11397 = ORIENTED_EDGE('',*,*,#11398,.F.);
#11398 = EDGE_CURVE('',#11399,#11391,#11401,.T.);
#11399 = VERTEX_POINT('',#11400);
#11400 = CARTESIAN_POINT('',(-0.91,1.3,0.13));
#11401 = CIRCLE('',#11402,2.E-002);
#11402 = AXIS2_PLACEMENT_3D('',#11403,#11404,#11405);
#11403 = CARTESIAN_POINT('',(-0.89,1.3,0.13));
#11404 = DIRECTION('',(-1.032573497605E-016,1.,0.E+000));
#11405 = DIRECTION('',(1.,1.032573497605E-016,0.E+000));
#11406 = ORIENTED_EDGE('',*,*,#11407,.T.);
#11407 = EDGE_CURVE('',#11399,#11131,#11408,.T.);
#11408 = LINE('',#11409,#11410);
#11409 = CARTESIAN_POINT('',(-0.91,1.3,0.E+000));
#11410 = VECTOR('',#11411,1.);
#11411 = DIRECTION('',(-0.E+000,-0.E+000,-1.));
#11412 = ORIENTED_EDGE('',*,*,#11130,.T.);
#11413 = PLANE('',#11414);
#11414 = AXIS2_PLACEMENT_3D('',#11415,#11416,#11417);
#11415 = CARTESIAN_POINT('',(-1.05,1.3,0.35));
#11416 = DIRECTION('',(1.032573497605E-016,-1.,0.E+000));
#11417 = DIRECTION('',(1.,1.032573497605E-016,0.E+000));
#11418 = ADVANCED_FACE('',(#11419),#11485,.F.);
#11419 = FACE_BOUND('',#11420,.T.);
#11420 = EDGE_LOOP('',(#11421,#11429,#11437,#11443,#11444,#11452,#11461,
    #11469,#11478,#11484));
#11421 = ORIENTED_EDGE('',*,*,#11422,.F.);
#11422 = EDGE_CURVE('',#11423,#11206,#11425,.T.);
#11423 = VERTEX_POINT('',#11424);
#11424 = CARTESIAN_POINT('',(1.05,-1.3,0.34));
#11425 = LINE('',#11426,#11427);
#11426 = CARTESIAN_POINT('',(1.05,-1.3,0.35));
#11427 = VECTOR('',#11428,1.);
#11428 = DIRECTION('',(-0.E+000,-0.E+000,-1.));
#11429 = ORIENTED_EDGE('',*,*,#11430,.T.);
#11430 = EDGE_CURVE('',#11423,#11431,#11433,.T.);
#11431 = VERTEX_POINT('',#11432);
#11432 = CARTESIAN_POINT('',(-1.05,-1.3,0.34));
#11433 = LINE('',#11434,#11435);
#11434 = CARTESIAN_POINT('',(1.05,-1.3,0.34));
#11435 = VECTOR('',#11436,1.);
#11436 = DIRECTION('',(-1.,-1.032573497605E-016,-0.E+000));
#11437 = ORIENTED_EDGE('',*,*,#11438,.T.);
#11438 = EDGE_CURVE('',#11431,#11247,#11439,.T.);
#11439 = LINE('',#11440,#11441);
#11440 = CARTESIAN_POINT('',(-1.05,-1.3,0.35));
#11441 = VECTOR('',#11442,1.);
#11442 = DIRECTION('',(-0.E+000,-0.E+000,-1.));
#11443 = ORIENTED_EDGE('',*,*,#11246,.T.);
#11444 = ORIENTED_EDGE('',*,*,#11445,.F.);
#11445 = EDGE_CURVE('',#11446,#11239,#11448,.T.);
#11446 = VERTEX_POINT('',#11447);
#11447 = CARTESIAN_POINT('',(-0.9,-1.3,0.13));
#11448 = LINE('',#11449,#11450);
#11449 = CARTESIAN_POINT('',(-0.9,-1.3,0.35));
#11450 = VECTOR('',#11451,1.);
#11451 = DIRECTION('',(0.E+000,0.E+000,-1.));
#11452 = ORIENTED_EDGE('',*,*,#11453,.T.);
#11453 = EDGE_CURVE('',#11446,#11454,#11456,.T.);
#11454 = VERTEX_POINT('',#11455);
#11455 = CARTESIAN_POINT('',(-0.89,-1.3,0.14));
#11456 = CIRCLE('',#11457,1.E-002);
#11457 = AXIS2_PLACEMENT_3D('',#11458,#11459,#11460);
#11458 = CARTESIAN_POINT('',(-0.89,-1.3,0.13));
#11459 = DIRECTION('',(-1.032573497605E-016,1.,0.E+000));
#11460 = DIRECTION('',(-1.,-1.032573497605E-016,-0.E+000));
#11461 = ORIENTED_EDGE('',*,*,#11462,.F.);
#11462 = EDGE_CURVE('',#11463,#11454,#11465,.T.);
#11463 = VERTEX_POINT('',#11464);
#11464 = CARTESIAN_POINT('',(0.89,-1.3,0.14));
#11465 = LINE('',#11466,#11467);
#11466 = CARTESIAN_POINT('',(1.05,-1.3,0.14));
#11467 = VECTOR('',#11468,1.);
#11468 = DIRECTION('',(-1.,-1.032573497605E-016,0.E+000));
#11469 = ORIENTED_EDGE('',*,*,#11470,.T.);
#11470 = EDGE_CURVE('',#11463,#11471,#11473,.T.);
#11471 = VERTEX_POINT('',#11472);
#11472 = CARTESIAN_POINT('',(0.9,-1.3,0.13));
#11473 = CIRCLE('',#11474,1.E-002);
#11474 = AXIS2_PLACEMENT_3D('',#11475,#11476,#11477);
#11475 = CARTESIAN_POINT('',(0.89,-1.3,0.13));
#11476 = DIRECTION('',(-1.032573497605E-016,1.,0.E+000));
#11477 = DIRECTION('',(-1.,-1.032573497605E-016,-0.E+000));
#11478 = ORIENTED_EDGE('',*,*,#11479,.F.);
#11479 = EDGE_CURVE('',#11215,#11471,#11480,.T.);
#11480 = LINE('',#11481,#11482);
#11481 = CARTESIAN_POINT('',(0.9,-1.3,0.35));
#11482 = VECTOR('',#11483,1.);
#11483 = DIRECTION('',(0.E+000,0.E+000,1.));
#11484 = ORIENTED_EDGE('',*,*,#11214,.T.);
#11485 = PLANE('',#11486);
#11486 = AXIS2_PLACEMENT_3D('',#11487,#11488,#11489);
#11487 = CARTESIAN_POINT('',(1.05,-1.3,0.35));
#11488 = DIRECTION('',(-1.032573497605E-016,1.,0.E+000));
#11489 = DIRECTION('',(-1.,-1.032573497605E-016,0.E+000));
#11490 = ADVANCED_FACE('',(#11491),#11509,.T.);
#11491 = FACE_BOUND('',#11492,.T.);
#11492 = EDGE_LOOP('',(#11493,#11494,#11501,#11502));
#11493 = ORIENTED_EDGE('',*,*,#11040,.F.);
#11494 = ORIENTED_EDGE('',*,*,#11495,.T.);
#11495 = EDGE_CURVE('',#10596,#10605,#11496,.T.);
#11496 = CIRCLE('',#11497,1.);
#11497 = AXIS2_PLACEMENT_3D('',#11498,#11499,#11500);
#11498 = CARTESIAN_POINT('',(0.E+000,0.E+000,1.175857864376));
#11499 = DIRECTION('',(0.E+000,0.E+000,-1.));
#11500 = DIRECTION('',(-1.,0.E+000,0.E+000));
#11501 = ORIENTED_EDGE('',*,*,#11047,.T.);
#11502 = ORIENTED_EDGE('',*,*,#11503,.T.);
#11503 = EDGE_CURVE('',#10675,#10673,#11504,.T.);
#11504 = CIRCLE('',#11505,1.);
#11505 = AXIS2_PLACEMENT_3D('',#11506,#11507,#11508);
#11506 = CARTESIAN_POINT('',(0.E+000,0.E+000,0.705146178953));
#11507 = DIRECTION('',(0.E+000,-0.E+000,1.));
#11508 = DIRECTION('',(-1.,0.E+000,0.E+000));
#11509 = CYLINDRICAL_SURFACE('',#11510,1.);
#11510 = AXIS2_PLACEMENT_3D('',#11511,#11512,#11513);
#11511 = CARTESIAN_POINT('',(0.E+000,0.E+000,1.25));
#11512 = DIRECTION('',(-0.E+000,-0.E+000,-1.));
#11513 = DIRECTION('',(-1.,0.E+000,0.E+000));
#11514 = ADVANCED_FACE('',(#11515),#11533,.T.);
#11515 = FACE_BOUND('',#11516,.T.);
#11516 = EDGE_LOOP('',(#11517,#11518,#11525,#11526));
#11517 = ORIENTED_EDGE('',*,*,#11018,.F.);
#11518 = ORIENTED_EDGE('',*,*,#11519,.T.);
#11519 = EDGE_CURVE('',#10987,#10995,#11520,.T.);
#11520 = CIRCLE('',#11521,0.93);
#11521 = AXIS2_PLACEMENT_3D('',#11522,#11523,#11524);
#11522 = CARTESIAN_POINT('',(0.E+000,0.E+000,0.65));
#11523 = DIRECTION('',(0.E+000,-0.E+000,1.));
#11524 = DIRECTION('',(1.,0.E+000,0.E+000));
#11525 = ORIENTED_EDGE('',*,*,#11025,.T.);
#11526 = ORIENTED_EDGE('',*,*,#11527,.T.);
#11527 = EDGE_CURVE('',#10684,#10693,#11528,.T.);
#11528 = CIRCLE('',#11529,0.995812381937);
#11529 = AXIS2_PLACEMENT_3D('',#11530,#11531,#11532);
#11530 = CARTESIAN_POINT('',(0.E+000,0.E+000,0.697008844241));
#11531 = DIRECTION('',(0.E+000,0.E+000,-1.));
#11532 = DIRECTION('',(-1.,0.E+000,0.E+000));
#11533 = CONICAL_SURFACE('',#11534,0.93,0.950546840812);
#11534 = AXIS2_PLACEMENT_3D('',#11535,#11536,#11537);
#11535 = CARTESIAN_POINT('',(0.E+000,0.E+000,0.65));
#11536 = DIRECTION('',(-0.E+000,-0.E+000,1.));
#11537 = DIRECTION('',(1.,0.E+000,0.E+000));
#11538 = ADVANCED_FACE('',(#11539),#11551,.T.);
#11539 = FACE_BOUND('',#11540,.T.);
#11540 = EDGE_LOOP('',(#11541,#11542,#11549,#11550));
#11541 = ORIENTED_EDGE('',*,*,#10986,.F.);
#11542 = ORIENTED_EDGE('',*,*,#11543,.T.);
#11543 = EDGE_CURVE('',#10956,#10954,#11544,.T.);
#11544 = CIRCLE('',#11545,0.93);
#11545 = AXIS2_PLACEMENT_3D('',#11546,#11547,#11548);
#11546 = CARTESIAN_POINT('',(0.E+000,0.E+000,0.55));
#11547 = DIRECTION('',(0.E+000,-0.E+000,1.));
#11548 = DIRECTION('',(1.,0.E+000,0.E+000));
#11549 = ORIENTED_EDGE('',*,*,#11003,.T.);
#11550 = ORIENTED_EDGE('',*,*,#11519,.F.);
#11551 = CYLINDRICAL_SURFACE('',#11552,0.93);
#11552 = AXIS2_PLACEMENT_3D('',#11553,#11554,#11555);
#11553 = CARTESIAN_POINT('',(0.E+000,0.E+000,0.E+000));
#11554 = DIRECTION('',(-0.E+000,-0.E+000,1.));
#11555 = DIRECTION('',(1.,0.E+000,0.E+000));
#11556 = ADVANCED_FACE('',(#11557),#11569,.T.);
#11557 = FACE_BOUND('',#11558,.T.);
#11558 = EDGE_LOOP('',(#11559,#11560,#11561,#11562));
#11559 = ORIENTED_EDGE('',*,*,#10964,.F.);
#11560 = ORIENTED_EDGE('',*,*,#11543,.F.);
#11561 = ORIENTED_EDGE('',*,*,#10971,.T.);
#11562 = ORIENTED_EDGE('',*,*,#11563,.T.);
#11563 = EDGE_CURVE('',#10631,#10629,#11564,.T.);
#11564 = CIRCLE('',#11565,0.995812381937);
#11565 = AXIS2_PLACEMENT_3D('',#11566,#11567,#11568);
#11566 = CARTESIAN_POINT('',(0.E+000,0.E+000,0.502991155759));
#11567 = DIRECTION('',(0.E+000,-0.E+000,1.));
#11568 = DIRECTION('',(1.,0.E+000,0.E+000));
#11569 = CONICAL_SURFACE('',#11570,1.,0.950546840812);
#11570 = AXIS2_PLACEMENT_3D('',#11571,#11572,#11573);
#11571 = CARTESIAN_POINT('',(0.E+000,0.E+000,0.5));
#11572 = DIRECTION('',(0.E+000,0.E+000,-1.));
#11573 = DIRECTION('',(-1.,0.E+000,0.E+000));
#11574 = ADVANCED_FACE('',(#11575),#11594,.T.);
#11575 = FACE_BOUND('',#11576,.T.);
#11576 = EDGE_LOOP('',(#11577,#11578,#11587,#11593));
#11577 = ORIENTED_EDGE('',*,*,#11366,.F.);
#11578 = ORIENTED_EDGE('',*,*,#11579,.T.);
#11579 = EDGE_CURVE('',#11359,#11580,#11582,.T.);
#11580 = VERTEX_POINT('',#11581);
#11581 = CARTESIAN_POINT('',(1.3,1.05,0.34));
#11582 = CIRCLE('',#11583,0.25);
#11583 = AXIS2_PLACEMENT_3D('',#11584,#11585,#11586);
#11584 = CARTESIAN_POINT('',(1.05,1.05,0.34));
#11585 = DIRECTION('',(-0.E+000,0.E+000,-1.));
#11586 = DIRECTION('',(-1.,0.E+000,0.E+000));
#11587 = ORIENTED_EDGE('',*,*,#11588,.T.);
#11588 = EDGE_CURVE('',#11580,#11189,#11589,.T.);
#11589 = LINE('',#11590,#11591);
#11590 = CARTESIAN_POINT('',(1.3,1.05,0.35));
#11591 = VECTOR('',#11592,1.);
#11592 = DIRECTION('',(-0.E+000,-0.E+000,-1.));
#11593 = ORIENTED_EDGE('',*,*,#11188,.T.);
#11594 = CYLINDRICAL_SURFACE('',#11595,0.25);
#11595 = AXIS2_PLACEMENT_3D('',#11596,#11597,#11598);
#11596 = CARTESIAN_POINT('',(1.05,1.05,0.35));
#11597 = DIRECTION('',(-0.E+000,-0.E+000,-1.));
#11598 = DIRECTION('',(-1.,0.E+000,0.E+000));
#11599 = ADVANCED_FACE('',(#11600),#11634,.F.);
#11600 = FACE_BOUND('',#11601,.T.);
#11601 = EDGE_LOOP('',(#11602,#11603,#11611,#11619,#11627,#11633));
#11602 = ORIENTED_EDGE('',*,*,#11588,.F.);
#11603 = ORIENTED_EDGE('',*,*,#11604,.T.);
#11604 = EDGE_CURVE('',#11580,#11605,#11607,.T.);
#11605 = VERTEX_POINT('',#11606);
#11606 = CARTESIAN_POINT('',(1.3,0.3,0.34));
#11607 = LINE('',#11608,#11609);
#11608 = CARTESIAN_POINT('',(1.3,1.05,0.34));
#11609 = VECTOR('',#11610,1.);
#11610 = DIRECTION('',(-0.E+000,-1.,-0.E+000));
#11611 = ORIENTED_EDGE('',*,*,#11612,.F.);
#11612 = EDGE_CURVE('',#11613,#11605,#11615,.T.);
#11613 = VERTEX_POINT('',#11614);
#11614 = CARTESIAN_POINT('',(1.3,-0.3,0.34));
#11615 = LINE('',#11616,#11617);
#11616 = CARTESIAN_POINT('',(1.3,1.05,0.34));
#11617 = VECTOR('',#11618,1.);
#11618 = DIRECTION('',(0.E+000,1.,0.E+000));
#11619 = ORIENTED_EDGE('',*,*,#11620,.T.);
#11620 = EDGE_CURVE('',#11613,#11621,#11623,.T.);
#11621 = VERTEX_POINT('',#11622);
#11622 = CARTESIAN_POINT('',(1.3,-1.05,0.34));
#11623 = LINE('',#11624,#11625);
#11624 = CARTESIAN_POINT('',(1.3,1.05,0.34));
#11625 = VECTOR('',#11626,1.);
#11626 = DIRECTION('',(-0.E+000,-1.,-0.E+000));
#11627 = ORIENTED_EDGE('',*,*,#11628,.T.);
#11628 = EDGE_CURVE('',#11621,#11198,#11629,.T.);
#11629 = LINE('',#11630,#11631);
#11630 = CARTESIAN_POINT('',(1.3,-1.05,0.35));
#11631 = VECTOR('',#11632,1.);
#11632 = DIRECTION('',(-0.E+000,-0.E+000,-1.));
#11633 = ORIENTED_EDGE('',*,*,#11197,.T.);
#11634 = PLANE('',#11635);
#11635 = AXIS2_PLACEMENT_3D('',#11636,#11637,#11638);
#11636 = CARTESIAN_POINT('',(1.3,1.05,0.35));
#11637 = DIRECTION('',(-1.,0.E+000,0.E+000));
#11638 = DIRECTION('',(0.E+000,0.E+000,1.));
#11639 = ADVANCED_FACE('',(#11640),#11652,.T.);
#11640 = FACE_BOUND('',#11641,.T.);
#11641 = EDGE_LOOP('',(#11642,#11643,#11650,#11651));
#11642 = ORIENTED_EDGE('',*,*,#11628,.F.);
#11643 = ORIENTED_EDGE('',*,*,#11644,.T.);
#11644 = EDGE_CURVE('',#11621,#11423,#11645,.T.);
#11645 = CIRCLE('',#11646,0.25);
#11646 = AXIS2_PLACEMENT_3D('',#11647,#11648,#11649);
#11647 = CARTESIAN_POINT('',(1.05,-1.05,0.34));
#11648 = DIRECTION('',(-0.E+000,0.E+000,-1.));
#11649 = DIRECTION('',(-1.,0.E+000,0.E+000));
#11650 = ORIENTED_EDGE('',*,*,#11422,.T.);
#11651 = ORIENTED_EDGE('',*,*,#11205,.T.);
#11652 = CYLINDRICAL_SURFACE('',#11653,0.25);
#11653 = AXIS2_PLACEMENT_3D('',#11654,#11655,#11656);
#11654 = CARTESIAN_POINT('',(1.05,-1.05,0.35));
#11655 = DIRECTION('',(-0.E+000,-0.E+000,-1.));
#11656 = DIRECTION('',(-1.,0.E+000,0.E+000));
#11657 = ADVANCED_FACE('',(#11658),#11670,.T.);
#11658 = FACE_BOUND('',#11659,.T.);
#11659 = EDGE_LOOP('',(#11660,#11661,#11668,#11669));
#11660 = ORIENTED_EDGE('',*,*,#11438,.F.);
#11661 = ORIENTED_EDGE('',*,*,#11662,.T.);
#11662 = EDGE_CURVE('',#11431,#11270,#11663,.T.);
#11663 = CIRCLE('',#11664,0.25);
#11664 = AXIS2_PLACEMENT_3D('',#11665,#11666,#11667);
#11665 = CARTESIAN_POINT('',(-1.05,-1.05,0.34));
#11666 = DIRECTION('',(-0.E+000,0.E+000,-1.));
#11667 = DIRECTION('',(-1.,0.E+000,0.E+000));
#11668 = ORIENTED_EDGE('',*,*,#11269,.T.);
#11669 = ORIENTED_EDGE('',*,*,#11254,.T.);
#11670 = CYLINDRICAL_SURFACE('',#11671,0.25);
#11671 = AXIS2_PLACEMENT_3D('',#11672,#11673,#11674);
#11672 = CARTESIAN_POINT('',(-1.05,-1.05,0.35));
#11673 = DIRECTION('',(-0.E+000,-0.E+000,-1.));
#11674 = DIRECTION('',(-1.,0.E+000,0.E+000));
#11675 = ADVANCED_FACE('',(#11676),#11688,.T.);
#11676 = FACE_BOUND('',#11677,.T.);
#11677 = EDGE_LOOP('',(#11678,#11679,#11686,#11687));
#11678 = ORIENTED_EDGE('',*,*,#11285,.F.);
#11679 = ORIENTED_EDGE('',*,*,#11680,.T.);
#11680 = EDGE_CURVE('',#11278,#11351,#11681,.T.);
#11681 = CIRCLE('',#11682,0.25);
#11682 = AXIS2_PLACEMENT_3D('',#11683,#11684,#11685);
#11683 = CARTESIAN_POINT('',(-1.05,1.05,0.34));
#11684 = DIRECTION('',(-0.E+000,0.E+000,-1.));
#11685 = DIRECTION('',(-1.,0.E+000,0.E+000));
#11686 = ORIENTED_EDGE('',*,*,#11350,.T.);
#11687 = ORIENTED_EDGE('',*,*,#11121,.T.);
#11688 = CYLINDRICAL_SURFACE('',#11689,0.25);
#11689 = AXIS2_PLACEMENT_3D('',#11690,#11691,#11692);
#11690 = CARTESIAN_POINT('',(-1.05,1.05,0.35));
#11691 = DIRECTION('',(-0.E+000,-0.E+000,-1.));
#11692 = DIRECTION('',(-1.,0.E+000,0.E+000));
#11693 = ADVANCED_FACE('',(#11694),#11796,.F.);
#11694 = FACE_BOUND('',#11695,.T.);
#11695 = EDGE_LOOP('',(#11696,#11704,#11712,#11721,#11729,#11738,#11746,
    #11755,#11763,#11772,#11780,#11788,#11795));
#11696 = ORIENTED_EDGE('',*,*,#11697,.T.);
#11697 = EDGE_CURVE('',#10923,#11698,#11700,.T.);
#11698 = VERTEX_POINT('',#11699);
#11699 = CARTESIAN_POINT('',(1.29,0.3,0.35));
#11700 = LINE('',#11701,#11702);
#11701 = CARTESIAN_POINT('',(-1.05,0.3,0.35));
#11702 = VECTOR('',#11703,1.);
#11703 = DIRECTION('',(1.,0.E+000,0.E+000));
#11704 = ORIENTED_EDGE('',*,*,#11705,.T.);
#11705 = EDGE_CURVE('',#11698,#11706,#11708,.T.);
#11706 = VERTEX_POINT('',#11707);
#11707 = CARTESIAN_POINT('',(1.29,1.05,0.35));
#11708 = LINE('',#11709,#11710);
#11709 = CARTESIAN_POINT('',(1.29,1.05,0.35));
#11710 = VECTOR('',#11711,1.);
#11711 = DIRECTION('',(0.E+000,1.,0.E+000));
#11712 = ORIENTED_EDGE('',*,*,#11713,.T.);
#11713 = EDGE_CURVE('',#11706,#11714,#11716,.T.);
#11714 = VERTEX_POINT('',#11715);
#11715 = CARTESIAN_POINT('',(1.05,1.29,0.35));
#11716 = CIRCLE('',#11717,0.24);
#11717 = AXIS2_PLACEMENT_3D('',#11718,#11719,#11720);
#11718 = CARTESIAN_POINT('',(1.05,1.05,0.35));
#11719 = DIRECTION('',(0.E+000,0.E+000,1.));
#11720 = DIRECTION('',(-1.,0.E+000,0.E+000));
#11721 = ORIENTED_EDGE('',*,*,#11722,.T.);
#11722 = EDGE_CURVE('',#11714,#11723,#11725,.T.);
#11723 = VERTEX_POINT('',#11724);
#11724 = CARTESIAN_POINT('',(-1.05,1.29,0.35));
#11725 = LINE('',#11726,#11727);
#11726 = CARTESIAN_POINT('',(-1.05,1.29,0.35));
#11727 = VECTOR('',#11728,1.);
#11728 = DIRECTION('',(-1.,-1.032573497605E-016,0.E+000));
#11729 = ORIENTED_EDGE('',*,*,#11730,.T.);
#11730 = EDGE_CURVE('',#11723,#11731,#11733,.T.);
#11731 = VERTEX_POINT('',#11732);
#11732 = CARTESIAN_POINT('',(-1.29,1.05,0.35));
#11733 = CIRCLE('',#11734,0.24);
#11734 = AXIS2_PLACEMENT_3D('',#11735,#11736,#11737);
#11735 = CARTESIAN_POINT('',(-1.05,1.05,0.35));
#11736 = DIRECTION('',(0.E+000,0.E+000,1.));
#11737 = DIRECTION('',(-1.,0.E+000,0.E+000));
#11738 = ORIENTED_EDGE('',*,*,#11739,.T.);
#11739 = EDGE_CURVE('',#11731,#11740,#11742,.T.);
#11740 = VERTEX_POINT('',#11741);
#11741 = CARTESIAN_POINT('',(-1.29,-1.05,0.35));
#11742 = LINE('',#11743,#11744);
#11743 = CARTESIAN_POINT('',(-1.29,1.05,0.35));
#11744 = VECTOR('',#11745,1.);
#11745 = DIRECTION('',(2.06514699521E-016,-1.,0.E+000));
#11746 = ORIENTED_EDGE('',*,*,#11747,.T.);
#11747 = EDGE_CURVE('',#11740,#11748,#11750,.T.);
#11748 = VERTEX_POINT('',#11749);
#11749 = CARTESIAN_POINT('',(-1.05,-1.29,0.35));
#11750 = CIRCLE('',#11751,0.24);
#11751 = AXIS2_PLACEMENT_3D('',#11752,#11753,#11754);
#11752 = CARTESIAN_POINT('',(-1.05,-1.05,0.35));
#11753 = DIRECTION('',(0.E+000,0.E+000,1.));
#11754 = DIRECTION('',(-1.,-1.807003620809E-015,0.E+000));
#11755 = ORIENTED_EDGE('',*,*,#11756,.T.);
#11756 = EDGE_CURVE('',#11748,#11757,#11759,.T.);
#11757 = VERTEX_POINT('',#11758);
#11758 = CARTESIAN_POINT('',(1.05,-1.29,0.35));
#11759 = LINE('',#11760,#11761);
#11760 = CARTESIAN_POINT('',(-1.05,-1.29,0.35));
#11761 = VECTOR('',#11762,1.);
#11762 = DIRECTION('',(1.,1.032573497605E-016,0.E+000));
#11763 = ORIENTED_EDGE('',*,*,#11764,.T.);
#11764 = EDGE_CURVE('',#11757,#11765,#11767,.T.);
#11765 = VERTEX_POINT('',#11766);
#11766 = CARTESIAN_POINT('',(1.29,-1.05,0.35));
#11767 = CIRCLE('',#11768,0.24);
#11768 = AXIS2_PLACEMENT_3D('',#11769,#11770,#11771);
#11769 = CARTESIAN_POINT('',(1.05,-1.05,0.35));
#11770 = DIRECTION('',(0.E+000,0.E+000,1.));
#11771 = DIRECTION('',(-1.,0.E+000,0.E+000));
#11772 = ORIENTED_EDGE('',*,*,#11773,.T.);
#11773 = EDGE_CURVE('',#11765,#11774,#11776,.T.);
#11774 = VERTEX_POINT('',#11775);
#11775 = CARTESIAN_POINT('',(1.29,-0.3,0.35));
#11776 = LINE('',#11777,#11778);
#11777 = CARTESIAN_POINT('',(1.29,1.05,0.35));
#11778 = VECTOR('',#11779,1.);
#11779 = DIRECTION('',(0.E+000,1.,0.E+000));
#11780 = ORIENTED_EDGE('',*,*,#11781,.T.);
#11781 = EDGE_CURVE('',#11774,#11782,#11784,.T.);
#11782 = VERTEX_POINT('',#11783);
#11783 = CARTESIAN_POINT('',(0.953939201417,-0.3,0.35));
#11784 = LINE('',#11785,#11786);
#11785 = CARTESIAN_POINT('',(-1.05,-0.3,0.35));
#11786 = VECTOR('',#11787,1.);
#11787 = DIRECTION('',(-1.,0.E+000,0.E+000));
#11788 = ORIENTED_EDGE('',*,*,#11789,.F.);
#11789 = EDGE_CURVE('',#10931,#11782,#11790,.T.);
#11790 = CIRCLE('',#11791,1.);
#11791 = AXIS2_PLACEMENT_3D('',#11792,#11793,#11794);
#11792 = CARTESIAN_POINT('',(0.E+000,0.E+000,0.35));
#11793 = DIRECTION('',(0.E+000,0.E+000,1.));
#11794 = DIRECTION('',(-1.,0.E+000,0.E+000));
#11795 = ORIENTED_EDGE('',*,*,#10930,.F.);
#11796 = PLANE('',#11797);
#11797 = AXIS2_PLACEMENT_3D('',#11798,#11799,#11800);
#11798 = CARTESIAN_POINT('',(-1.05,1.05,0.35));
#11799 = DIRECTION('',(-0.E+000,0.E+000,-1.));
#11800 = DIRECTION('',(-1.,0.E+000,0.E+000));
#11801 = ADVANCED_FACE('',(#11802),#11850,.T.);
#11802 = FACE_BOUND('',#11803,.T.);
#11803 = EDGE_LOOP('',(#11804,#11805,#11812,#11813,#11814,#11822,#11843)
  );
#11804 = ORIENTED_EDGE('',*,*,#10884,.F.);
#11805 = ORIENTED_EDGE('',*,*,#11806,.T.);
#11806 = EDGE_CURVE('',#10640,#10649,#11807,.T.);
#11807 = CIRCLE('',#11808,1.);
#11808 = AXIS2_PLACEMENT_3D('',#11809,#11810,#11811);
#11809 = CARTESIAN_POINT('',(0.E+000,0.E+000,0.494853821047));
#11810 = DIRECTION('',(0.E+000,0.E+000,-1.));
#11811 = DIRECTION('',(-1.,0.E+000,0.E+000));
#11812 = ORIENTED_EDGE('',*,*,#10939,.T.);
#11813 = ORIENTED_EDGE('',*,*,#11789,.T.);
#11814 = ORIENTED_EDGE('',*,*,#11815,.T.);
#11815 = EDGE_CURVE('',#11782,#11816,#11818,.T.);
#11816 = VERTEX_POINT('',#11817);
#11817 = CARTESIAN_POINT('',(0.953939201417,-0.3,0.48));
#11818 = LINE('',#11819,#11820);
#11819 = CARTESIAN_POINT('',(0.953939201417,-0.3,1.25));
#11820 = VECTOR('',#11821,1.);
#11821 = DIRECTION('',(0.E+000,0.E+000,1.));
#11822 = ORIENTED_EDGE('',*,*,#11823,.T.);
#11823 = EDGE_CURVE('',#11816,#11824,#11826,.T.);
#11824 = VERTEX_POINT('',#11825);
#11825 = CARTESIAN_POINT('',(0.957026645397,-0.29,0.49));
#11826 = B_SPLINE_CURVE_WITH_KNOTS('',3,(#11827,#11828,#11829,#11830,
    #11831,#11832,#11833,#11834,#11835,#11836,#11837,#11838,#11839,
    #11840,#11841,#11842),.UNSPECIFIED.,.F.,.F.,(4,3,3,3,3,4),(0.E+000,
    3.244421891806E-006,6.48463893758E-006,9.789932679116E-006,
    1.324094222038E-005,1.598599931093E-005),.UNSPECIFIED.);
#11827 = CARTESIAN_POINT('',(0.953939201417,-0.3,0.48));
#11828 = CARTESIAN_POINT('',(0.953939201417,-0.3,0.481081473964));
#11829 = CARTESIAN_POINT('',(0.953996137786,-0.29981911069,
    0.482177840311));
#11830 = CARTESIAN_POINT('',(0.95410413297,-0.299475046459,
    0.483197420019));
#11831 = CARTESIAN_POINT('',(0.954212049916,-0.299131231488,
    0.484216261087));
#11832 = CARTESIAN_POINT('',(0.95437363545,-0.298615830937,0.48518607244
    ));
#11833 = CARTESIAN_POINT('',(0.95457364032,-0.29797510837,0.486033046211
    ));
#11834 = CARTESIAN_POINT('',(0.95477771124,-0.297321360066,
    0.486897238757));
#11835 = CARTESIAN_POINT('',(0.955026902185,-0.296520604915,
    0.487656566793));
#11836 = CARTESIAN_POINT('',(0.95529995365,-0.295638290073,
    0.488258915494));
#11837 = CARTESIAN_POINT('',(0.955584918723,-0.294717478627,
    0.488887545492));
#11838 = CARTESIAN_POINT('',(0.955903223908,-0.293683958126,
    0.489361970303));
#11839 = CARTESIAN_POINT('',(0.956229167446,-0.292618829411,
    0.489650996459));
#11840 = CARTESIAN_POINT('',(0.956489720867,-0.29176738461,
    0.489882038787));
#11841 = CARTESIAN_POINT('',(0.956759872682,-0.290880374473,0.49));
#11842 = CARTESIAN_POINT('',(0.957026645397,-0.29,0.49));
#11843 = ORIENTED_EDGE('',*,*,#11844,.T.);
#11844 = EDGE_CURVE('',#11824,#10885,#11845,.T.);
#11845 = CIRCLE('',#11846,1.);
#11846 = AXIS2_PLACEMENT_3D('',#11847,#11848,#11849);
#11847 = CARTESIAN_POINT('',(0.E+000,0.E+000,0.49));
#11848 = DIRECTION('',(-0.E+000,0.E+000,1.));
#11849 = DIRECTION('',(1.,0.E+000,0.E+000));
#11850 = CYLINDRICAL_SURFACE('',#11851,1.);
#11851 = AXIS2_PLACEMENT_3D('',#11852,#11853,#11854);
#11852 = CARTESIAN_POINT('',(0.E+000,0.E+000,1.25));
#11853 = DIRECTION('',(-0.E+000,-0.E+000,-1.));
#11854 = DIRECTION('',(-1.,0.E+000,0.E+000));
#11855 = ADVANCED_FACE('',(#11856),#11874,.T.);
#11856 = FACE_BOUND('',#11857,.T.);
#11857 = EDGE_LOOP('',(#11858,#11859,#11866,#11867));
#11858 = ORIENTED_EDGE('',*,*,#10862,.F.);
#11859 = ORIENTED_EDGE('',*,*,#11860,.T.);
#11860 = EDGE_CURVE('',#10543,#10541,#11861,.T.);
#11861 = CIRCLE('',#11862,0.932928932188);
#11862 = AXIS2_PLACEMENT_3D('',#11863,#11864,#11865);
#11863 = CARTESIAN_POINT('',(0.E+000,0.E+000,1.247071067812));
#11864 = DIRECTION('',(0.E+000,0.E+000,-1.));
#11865 = DIRECTION('',(-1.,0.E+000,0.E+000));
#11866 = ORIENTED_EDGE('',*,*,#10869,.T.);
#11867 = ORIENTED_EDGE('',*,*,#11868,.T.);
#11868 = EDGE_CURVE('',#10587,#10585,#11869,.T.);
#11869 = CIRCLE('',#11870,0.997071067812);
#11870 = AXIS2_PLACEMENT_3D('',#11871,#11872,#11873);
#11871 = CARTESIAN_POINT('',(0.E+000,0.E+000,1.182928932188));
#11872 = DIRECTION('',(0.E+000,-0.E+000,1.));
#11873 = DIRECTION('',(1.,0.E+000,0.E+000));
#11874 = CONICAL_SURFACE('',#11875,1.,0.785398163397);
#11875 = AXIS2_PLACEMENT_3D('',#11876,#11877,#11878);
#11876 = CARTESIAN_POINT('',(0.E+000,0.E+000,1.18));
#11877 = DIRECTION('',(0.E+000,0.E+000,-1.));
#11878 = DIRECTION('',(-1.,0.E+000,0.E+000));
#11879 = ADVANCED_FACE('',(#11880),#11901,.T.);
#11880 = FACE_BOUND('',#11881,.T.);
#11881 = EDGE_LOOP('',(#11882,#11883,#11892,#11899,#11900));
#11882 = ORIENTED_EDGE('',*,*,#10833,.F.);
#11883 = ORIENTED_EDGE('',*,*,#11884,.T.);
#11884 = EDGE_CURVE('',#10763,#11885,#11887,.T.);
#11885 = VERTEX_POINT('',#11886);
#11886 = CARTESIAN_POINT('',(4.592425496803E-017,-0.25,1.));
#11887 = CIRCLE('',#11888,0.25);
#11888 = AXIS2_PLACEMENT_3D('',#11889,#11890,#11891);
#11889 = CARTESIAN_POINT('',(0.E+000,0.E+000,1.));
#11890 = DIRECTION('',(-0.E+000,0.E+000,-1.));
#11891 = DIRECTION('',(-1.,0.E+000,0.E+000));
#11892 = ORIENTED_EDGE('',*,*,#11893,.T.);
#11893 = EDGE_CURVE('',#11885,#10772,#11894,.T.);
#11894 = CIRCLE('',#11895,0.25);
#11895 = AXIS2_PLACEMENT_3D('',#11896,#11897,#11898);
#11896 = CARTESIAN_POINT('',(0.E+000,0.E+000,1.));
#11897 = DIRECTION('',(-0.E+000,0.E+000,-1.));
#11898 = DIRECTION('',(-1.,0.E+000,0.E+000));
#11899 = ORIENTED_EDGE('',*,*,#10846,.T.);
#11900 = ORIENTED_EDGE('',*,*,#10507,.T.);
#11901 = CYLINDRICAL_SURFACE('',#11902,0.25);
#11902 = AXIS2_PLACEMENT_3D('',#11903,#11904,#11905);
#11903 = CARTESIAN_POINT('',(0.E+000,0.E+000,1.25));
#11904 = DIRECTION('',(-0.E+000,-0.E+000,-1.));
#11905 = DIRECTION('',(-1.,0.E+000,0.E+000));
#11906 = ADVANCED_FACE('',(#11907,#11917),#11927,.F.);
#11907 = FACE_BOUND('',#11908,.T.);
#11908 = EDGE_LOOP('',(#11909,#11916));
#11909 = ORIENTED_EDGE('',*,*,#11910,.T.);
#11910 = EDGE_CURVE('',#10497,#10517,#11911,.T.);
#11911 = CIRCLE('',#11912,0.26);
#11912 = AXIS2_PLACEMENT_3D('',#11913,#11914,#11915);
#11913 = CARTESIAN_POINT('',(0.E+000,0.E+000,0.35));
#11914 = DIRECTION('',(-0.E+000,0.E+000,-1.));
#11915 = DIRECTION('',(-1.,0.E+000,0.E+000));
#11916 = ORIENTED_EDGE('',*,*,#10525,.T.);
#11917 = FACE_BOUND('',#11918,.T.);
#11918 = EDGE_LOOP('',(#11919,#11920));
#11919 = ORIENTED_EDGE('',*,*,#10463,.T.);
#11920 = ORIENTED_EDGE('',*,*,#11921,.T.);
#11921 = EDGE_CURVE('',#10464,#10455,#11922,.T.);
#11922 = CIRCLE('',#11923,0.84);
#11923 = AXIS2_PLACEMENT_3D('',#11924,#11925,#11926);
#11924 = CARTESIAN_POINT('',(0.E+000,0.E+000,0.35));
#11925 = DIRECTION('',(0.E+000,0.E+000,1.));
#11926 = DIRECTION('',(-1.,0.E+000,0.E+000));
#11927 = PLANE('',#11928);
#11928 = AXIS2_PLACEMENT_3D('',#11929,#11930,#11931);
#11929 = CARTESIAN_POINT('',(-1.05,1.05,0.35));
#11930 = DIRECTION('',(-0.E+000,0.E+000,-1.));
#11931 = DIRECTION('',(-1.,0.E+000,0.E+000));
#11932 = ADVANCED_FACE('',(#11933),#11945,.F.);
#11933 = FACE_BOUND('',#11934,.F.);
#11934 = EDGE_LOOP('',(#11935,#11942,#11943,#11944));
#11935 = ORIENTED_EDGE('',*,*,#11936,.F.);
#11936 = EDGE_CURVE('',#10453,#10473,#11937,.T.);
#11937 = CIRCLE('',#11938,0.85);
#11938 = AXIS2_PLACEMENT_3D('',#11939,#11940,#11941);
#11939 = CARTESIAN_POINT('',(0.E+000,0.E+000,0.36));
#11940 = DIRECTION('',(-0.E+000,0.E+000,-1.));
#11941 = DIRECTION('',(-1.,0.E+000,0.E+000));
#11942 = ORIENTED_EDGE('',*,*,#10804,.F.);
#11943 = ORIENTED_EDGE('',*,*,#10736,.F.);
#11944 = ORIENTED_EDGE('',*,*,#10811,.T.);
#11945 = CYLINDRICAL_SURFACE('',#11946,0.85);
#11946 = AXIS2_PLACEMENT_3D('',#11947,#11948,#11949);
#11947 = CARTESIAN_POINT('',(0.E+000,0.E+000,1.25));
#11948 = DIRECTION('',(-0.E+000,-0.E+000,-1.));
#11949 = DIRECTION('',(-1.,0.E+000,0.E+000));
#11950 = ADVANCED_FACE('',(#11951,#11961),#11971,.T.);
#11951 = FACE_BOUND('',#11952,.T.);
#11952 = EDGE_LOOP('',(#11953,#11960));
#11953 = ORIENTED_EDGE('',*,*,#11954,.T.);
#11954 = EDGE_CURVE('',#10719,#10717,#11955,.T.);
#11955 = CIRCLE('',#11956,0.86);
#11956 = AXIS2_PLACEMENT_3D('',#11957,#11958,#11959);
#11957 = CARTESIAN_POINT('',(0.E+000,0.E+000,1.25));
#11958 = DIRECTION('',(0.E+000,0.E+000,-1.));
#11959 = DIRECTION('',(1.,0.E+000,0.E+000));
#11960 = ORIENTED_EDGE('',*,*,#10716,.T.);
#11961 = FACE_BOUND('',#11962,.T.);
#11962 = EDGE_LOOP('',(#11963,#11964));
#11963 = ORIENTED_EDGE('',*,*,#10560,.T.);
#11964 = ORIENTED_EDGE('',*,*,#11965,.T.);
#11965 = EDGE_CURVE('',#10552,#10561,#11966,.T.);
#11966 = CIRCLE('',#11967,0.925857864376);
#11967 = AXIS2_PLACEMENT_3D('',#11968,#11969,#11970);
#11968 = CARTESIAN_POINT('',(0.E+000,0.E+000,1.25));
#11969 = DIRECTION('',(0.E+000,0.E+000,1.));
#11970 = DIRECTION('',(1.,0.E+000,-0.E+000));
#11971 = PLANE('',#11972);
#11972 = AXIS2_PLACEMENT_3D('',#11973,#11974,#11975);
#11973 = CARTESIAN_POINT('',(0.E+000,0.E+000,1.25));
#11974 = DIRECTION('',(0.E+000,0.E+000,1.));
#11975 = DIRECTION('',(1.,0.E+000,-0.E+000));
#11976 = ADVANCED_FACE('',(#11977),#12002,.F.);
#11977 = FACE_BOUND('',#11978,.T.);
#11978 = EDGE_LOOP('',(#11979,#11989,#11995,#11996));
#11979 = ORIENTED_EDGE('',*,*,#11980,.T.);
#11980 = EDGE_CURVE('',#11981,#11983,#11985,.T.);
#11981 = VERTEX_POINT('',#11982);
#11982 = CARTESIAN_POINT('',(-0.89,-1.49,0.14));
#11983 = VERTEX_POINT('',#11984);
#11984 = CARTESIAN_POINT('',(0.89,-1.49,0.14));
#11985 = LINE('',#11986,#11987);
#11986 = CARTESIAN_POINT('',(0.E+000,-1.49,0.14));
#11987 = VECTOR('',#11988,1.);
#11988 = DIRECTION('',(1.,-0.E+000,-0.E+000));
#11989 = ORIENTED_EDGE('',*,*,#11990,.T.);
#11990 = EDGE_CURVE('',#11983,#11463,#11991,.T.);
#11991 = LINE('',#11992,#11993);
#11992 = CARTESIAN_POINT('',(0.89,-8.577243853441E-016,0.14));
#11993 = VECTOR('',#11994,1.);
#11994 = DIRECTION('',(9.637352644316E-016,1.,-0.E+000));
#11995 = ORIENTED_EDGE('',*,*,#11462,.T.);
#11996 = ORIENTED_EDGE('',*,*,#11997,.T.);
#11997 = EDGE_CURVE('',#11454,#11981,#11998,.T.);
#11998 = LINE('',#11999,#12000);
#11999 = CARTESIAN_POINT('',(-0.89,-8.577243853441E-016,0.14));
#12000 = VECTOR('',#12001,1.);
#12001 = DIRECTION('',(9.637352644316E-016,-1.,-0.E+000));
#12002 = PLANE('',#12003);
#12003 = AXIS2_PLACEMENT_3D('',#12004,#12005,#12006);
#12004 = CARTESIAN_POINT('',(0.E+000,0.E+000,0.14));
#12005 = DIRECTION('',(0.E+000,0.E+000,-1.));
#12006 = DIRECTION('',(-1.,0.E+000,0.E+000));
#12007 = ADVANCED_FACE('',(#12008),#12033,.F.);
#12008 = FACE_BOUND('',#12009,.T.);
#12009 = EDGE_LOOP('',(#12010,#12011,#12019,#12027));
#12010 = ORIENTED_EDGE('',*,*,#11479,.T.);
#12011 = ORIENTED_EDGE('',*,*,#12012,.T.);
#12012 = EDGE_CURVE('',#11471,#12013,#12015,.T.);
#12013 = VERTEX_POINT('',#12014);
#12014 = CARTESIAN_POINT('',(0.9,-1.49,0.13));
#12015 = LINE('',#12016,#12017);
#12016 = CARTESIAN_POINT('',(0.9,-1.05,0.13));
#12017 = VECTOR('',#12018,1.);
#12018 = DIRECTION('',(-9.637352644316E-016,-1.,0.E+000));
#12019 = ORIENTED_EDGE('',*,*,#12020,.T.);
#12020 = EDGE_CURVE('',#12013,#12021,#12023,.T.);
#12021 = VERTEX_POINT('',#12022);
#12022 = CARTESIAN_POINT('',(0.9,-1.49,0.E+000));
#12023 = LINE('',#12024,#12025);
#12024 = CARTESIAN_POINT('',(0.9,-1.49,-1.E-002));
#12025 = VECTOR('',#12026,1.);
#12026 = DIRECTION('',(-0.E+000,-0.E+000,-1.));
#12027 = ORIENTED_EDGE('',*,*,#12028,.T.);
#12028 = EDGE_CURVE('',#12021,#11215,#12029,.T.);
#12029 = LINE('',#12030,#12031);
#12030 = CARTESIAN_POINT('',(0.9,-1.05,0.E+000));
#12031 = VECTOR('',#12032,1.);
#12032 = DIRECTION('',(9.637352644316E-016,1.,-0.E+000));
#12033 = PLANE('',#12034);
#12034 = AXIS2_PLACEMENT_3D('',#12035,#12036,#12037);
#12035 = CARTESIAN_POINT('',(0.9,-1.05,-1.E-002));
#12036 = DIRECTION('',(-1.,9.637352644316E-016,0.E+000));
#12037 = DIRECTION('',(-9.637352644316E-016,-1.,0.E+000));
#12038 = ADVANCED_FACE('',(#12039),#12073,.F.);
#12039 = FACE_BOUND('',#12040,.T.);
#12040 = EDGE_LOOP('',(#12041,#12051,#12059,#12067));
#12041 = ORIENTED_EDGE('',*,*,#12042,.T.);
#12042 = EDGE_CURVE('',#12043,#12045,#12047,.T.);
#12043 = VERTEX_POINT('',#12044);
#12044 = CARTESIAN_POINT('',(-0.89,-1.5,0.13));
#12045 = VERTEX_POINT('',#12046);
#12046 = CARTESIAN_POINT('',(-0.89,-1.5,0.E+000));
#12047 = LINE('',#12048,#12049);
#12048 = CARTESIAN_POINT('',(-0.89,-1.5,-1.E-002));
#12049 = VECTOR('',#12050,1.);
#12050 = DIRECTION('',(-0.E+000,0.E+000,-1.));
#12051 = ORIENTED_EDGE('',*,*,#12052,.T.);
#12052 = EDGE_CURVE('',#12045,#12053,#12055,.T.);
#12053 = VERTEX_POINT('',#12054);
#12054 = CARTESIAN_POINT('',(0.89,-1.5,0.E+000));
#12055 = LINE('',#12056,#12057);
#12056 = CARTESIAN_POINT('',(0.9,-1.5,0.E+000));
#12057 = VECTOR('',#12058,1.);
#12058 = DIRECTION('',(1.,-0.E+000,-0.E+000));
#12059 = ORIENTED_EDGE('',*,*,#12060,.T.);
#12060 = EDGE_CURVE('',#12053,#12061,#12063,.T.);
#12061 = VERTEX_POINT('',#12062);
#12062 = CARTESIAN_POINT('',(0.89,-1.5,0.13));
#12063 = LINE('',#12064,#12065);
#12064 = CARTESIAN_POINT('',(0.89,-1.5,-1.E-002));
#12065 = VECTOR('',#12066,1.);
#12066 = DIRECTION('',(0.E+000,-0.E+000,1.));
#12067 = ORIENTED_EDGE('',*,*,#12068,.T.);
#12068 = EDGE_CURVE('',#12061,#12043,#12069,.T.);
#12069 = LINE('',#12070,#12071);
#12070 = CARTESIAN_POINT('',(0.9,-1.5,0.13));
#12071 = VECTOR('',#12072,1.);
#12072 = DIRECTION('',(-1.,0.E+000,0.E+000));
#12073 = PLANE('',#12074);
#12074 = AXIS2_PLACEMENT_3D('',#12075,#12076,#12077);
#12075 = CARTESIAN_POINT('',(0.9,-1.5,-1.E-002));
#12076 = DIRECTION('',(0.E+000,1.,0.E+000));
#12077 = DIRECTION('',(0.E+000,-0.E+000,1.));
#12078 = ADVANCED_FACE('',(#12079),#12104,.F.);
#12079 = FACE_BOUND('',#12080,.T.);
#12080 = EDGE_LOOP('',(#12081,#12082,#12090,#12098));
#12081 = ORIENTED_EDGE('',*,*,#11445,.T.);
#12082 = ORIENTED_EDGE('',*,*,#12083,.T.);
#12083 = EDGE_CURVE('',#11239,#12084,#12086,.T.);
#12084 = VERTEX_POINT('',#12085);
#12085 = CARTESIAN_POINT('',(-0.9,-1.49,0.E+000));
#12086 = LINE('',#12087,#12088);
#12087 = CARTESIAN_POINT('',(-0.9,-1.5,0.E+000));
#12088 = VECTOR('',#12089,1.);
#12089 = DIRECTION('',(9.637352644316E-016,-1.,0.E+000));
#12090 = ORIENTED_EDGE('',*,*,#12091,.T.);
#12091 = EDGE_CURVE('',#12084,#12092,#12094,.T.);
#12092 = VERTEX_POINT('',#12093);
#12093 = CARTESIAN_POINT('',(-0.9,-1.49,0.13));
#12094 = LINE('',#12095,#12096);
#12095 = CARTESIAN_POINT('',(-0.9,-1.49,-1.E-002));
#12096 = VECTOR('',#12097,1.);
#12097 = DIRECTION('',(0.E+000,-0.E+000,1.));
#12098 = ORIENTED_EDGE('',*,*,#12099,.T.);
#12099 = EDGE_CURVE('',#12092,#11446,#12100,.T.);
#12100 = LINE('',#12101,#12102);
#12101 = CARTESIAN_POINT('',(-0.9,-1.05,0.13));
#12102 = VECTOR('',#12103,1.);
#12103 = DIRECTION('',(-9.637352644316E-016,1.,0.E+000));
#12104 = PLANE('',#12105);
#12105 = AXIS2_PLACEMENT_3D('',#12106,#12107,#12108);
#12106 = CARTESIAN_POINT('',(-0.9,-1.05,-1.E-002));
#12107 = DIRECTION('',(1.,9.637352644316E-016,0.E+000));
#12108 = DIRECTION('',(-9.637352644316E-016,1.,0.E+000));
#12109 = ADVANCED_FACE('',(#12110),#12137,.F.);
#12110 = FACE_BOUND('',#12111,.T.);
#12111 = EDGE_LOOP('',(#12112,#12122,#12129,#12130));
#12112 = ORIENTED_EDGE('',*,*,#12113,.F.);
#12113 = EDGE_CURVE('',#12114,#12116,#12118,.T.);
#12114 = VERTEX_POINT('',#12115);
#12115 = CARTESIAN_POINT('',(-0.89,-1.05,-1.E-002));
#12116 = VERTEX_POINT('',#12117);
#12117 = CARTESIAN_POINT('',(0.89,-1.05,-1.E-002));
#12118 = LINE('',#12119,#12120);
#12119 = CARTESIAN_POINT('',(0.9,-1.05,-1.E-002));
#12120 = VECTOR('',#12121,1.);
#12121 = DIRECTION('',(1.,-0.E+000,-0.E+000));
#12122 = ORIENTED_EDGE('',*,*,#12123,.T.);
#12123 = EDGE_CURVE('',#12114,#11231,#12124,.T.);
#12124 = CIRCLE('',#12125,1.E-002);
#12125 = AXIS2_PLACEMENT_3D('',#12126,#12127,#12128);
#12126 = CARTESIAN_POINT('',(-0.89,-1.05,0.E+000));
#12127 = DIRECTION('',(0.E+000,1.,0.E+000));
#12128 = DIRECTION('',(0.E+000,0.E+000,-1.));
#12129 = ORIENTED_EDGE('',*,*,#11230,.F.);
#12130 = ORIENTED_EDGE('',*,*,#12131,.T.);
#12131 = EDGE_CURVE('',#11223,#12116,#12132,.T.);
#12132 = CIRCLE('',#12133,1.E-002);
#12133 = AXIS2_PLACEMENT_3D('',#12134,#12135,#12136);
#12134 = CARTESIAN_POINT('',(0.89,-1.05,0.E+000));
#12135 = DIRECTION('',(0.E+000,1.,0.E+000));
#12136 = DIRECTION('',(0.E+000,0.E+000,-1.));
#12137 = PLANE('',#12138);
#12138 = AXIS2_PLACEMENT_3D('',#12139,#12140,#12141);
#12139 = CARTESIAN_POINT('',(0.9,-1.05,-1.E-002));
#12140 = DIRECTION('',(0.E+000,-1.,-0.E+000));
#12141 = DIRECTION('',(0.E+000,0.E+000,-1.));
#12142 = ADVANCED_FACE('',(#12143),#12168,.T.);
#12143 = FACE_BOUND('',#12144,.T.);
#12144 = EDGE_LOOP('',(#12145,#12155,#12161,#12162));
#12145 = ORIENTED_EDGE('',*,*,#12146,.T.);
#12146 = EDGE_CURVE('',#12147,#12149,#12151,.T.);
#12147 = VERTEX_POINT('',#12148);
#12148 = CARTESIAN_POINT('',(0.89,-1.49,-1.E-002));
#12149 = VERTEX_POINT('',#12150);
#12150 = CARTESIAN_POINT('',(-0.89,-1.49,-1.E-002));
#12151 = LINE('',#12152,#12153);
#12152 = CARTESIAN_POINT('',(-0.9,-1.49,-1.E-002));
#12153 = VECTOR('',#12154,1.);
#12154 = DIRECTION('',(-1.,-0.E+000,0.E+000));
#12155 = ORIENTED_EDGE('',*,*,#12156,.T.);
#12156 = EDGE_CURVE('',#12149,#12114,#12157,.T.);
#12157 = LINE('',#12158,#12159);
#12158 = CARTESIAN_POINT('',(-0.89,-1.05,-1.E-002));
#12159 = VECTOR('',#12160,1.);
#12160 = DIRECTION('',(-9.637352644316E-016,1.,0.E+000));
#12161 = ORIENTED_EDGE('',*,*,#12113,.T.);
#12162 = ORIENTED_EDGE('',*,*,#12163,.T.);
#12163 = EDGE_CURVE('',#12116,#12147,#12164,.T.);
#12164 = LINE('',#12165,#12166);
#12165 = CARTESIAN_POINT('',(0.89,-1.5,-1.E-002));
#12166 = VECTOR('',#12167,1.);
#12167 = DIRECTION('',(-9.637352644316E-016,-1.,0.E+000));
#12168 = PLANE('',#12169);
#12169 = AXIS2_PLACEMENT_3D('',#12170,#12171,#12172);
#12170 = CARTESIAN_POINT('',(0.E+000,0.E+000,-1.E-002));
#12171 = DIRECTION('',(0.E+000,0.E+000,-1.));
#12172 = DIRECTION('',(-1.,0.E+000,0.E+000));
#12173 = ADVANCED_FACE('',(#12174),#12208,.F.);
#12174 = FACE_BOUND('',#12175,.T.);
#12175 = EDGE_LOOP('',(#12176,#12186,#12194,#12202));
#12176 = ORIENTED_EDGE('',*,*,#12177,.T.);
#12177 = EDGE_CURVE('',#12178,#12180,#12182,.T.);
#12178 = VERTEX_POINT('',#12179);
#12179 = CARTESIAN_POINT('',(0.89,1.31,0.14));
#12180 = VERTEX_POINT('',#12181);
#12181 = CARTESIAN_POINT('',(0.89,1.49,0.14));
#12182 = LINE('',#12183,#12184);
#12183 = CARTESIAN_POINT('',(0.89,8.577243853441E-016,0.14));
#12184 = VECTOR('',#12185,1.);
#12185 = DIRECTION('',(-9.637352644316E-016,1.,-0.E+000));
#12186 = ORIENTED_EDGE('',*,*,#12187,.T.);
#12187 = EDGE_CURVE('',#12180,#12188,#12190,.T.);
#12188 = VERTEX_POINT('',#12189);
#12189 = CARTESIAN_POINT('',(-0.89,1.49,0.14));
#12190 = LINE('',#12191,#12192);
#12191 = CARTESIAN_POINT('',(0.E+000,1.49,0.14));
#12192 = VECTOR('',#12193,1.);
#12193 = DIRECTION('',(-1.,-0.E+000,-0.E+000));
#12194 = ORIENTED_EDGE('',*,*,#12195,.T.);
#12195 = EDGE_CURVE('',#12188,#12196,#12198,.T.);
#12196 = VERTEX_POINT('',#12197);
#12197 = CARTESIAN_POINT('',(-0.89,1.31,0.14));
#12198 = LINE('',#12199,#12200);
#12199 = CARTESIAN_POINT('',(-0.89,8.577243853441E-016,0.14));
#12200 = VECTOR('',#12201,1.);
#12201 = DIRECTION('',(-9.637352644316E-016,-1.,-0.E+000));
#12202 = ORIENTED_EDGE('',*,*,#12203,.T.);
#12203 = EDGE_CURVE('',#12196,#12178,#12204,.T.);
#12204 = LINE('',#12205,#12206);
#12205 = CARTESIAN_POINT('',(0.9,1.31,0.14));
#12206 = VECTOR('',#12207,1.);
#12207 = DIRECTION('',(1.,1.032573497605E-016,0.E+000));
#12208 = PLANE('',#12209);
#12209 = AXIS2_PLACEMENT_3D('',#12210,#12211,#12212);
#12210 = CARTESIAN_POINT('',(0.E+000,0.E+000,0.14));
#12211 = DIRECTION('',(-0.E+000,0.E+000,-1.));
#12212 = DIRECTION('',(-1.,0.E+000,0.E+000));
#12213 = ADVANCED_FACE('',(#12214),#12265,.F.);
#12214 = FACE_BOUND('',#12215,.T.);
#12215 = EDGE_LOOP('',(#12216,#12224,#12225,#12234,#12242,#12251,#12259)
  );
#12216 = ORIENTED_EDGE('',*,*,#12217,.T.);
#12217 = EDGE_CURVE('',#12218,#11164,#12220,.T.);
#12218 = VERTEX_POINT('',#12219);
#12219 = CARTESIAN_POINT('',(0.9,1.31,0.13));
#12220 = LINE('',#12221,#12222);
#12221 = CARTESIAN_POINT('',(0.9,1.31,0.E+000));
#12222 = VECTOR('',#12223,1.);
#12223 = DIRECTION('',(0.E+000,0.E+000,-1.));
#12224 = ORIENTED_EDGE('',*,*,#11163,.F.);
#12225 = ORIENTED_EDGE('',*,*,#12226,.T.);
#12226 = EDGE_CURVE('',#11156,#12227,#12229,.T.);
#12227 = VERTEX_POINT('',#12228);
#12228 = CARTESIAN_POINT('',(0.9,1.05,-1.E-002));
#12229 = CIRCLE('',#12230,1.E-002);
#12230 = AXIS2_PLACEMENT_3D('',#12231,#12232,#12233);
#12231 = CARTESIAN_POINT('',(0.9,1.04,-1.E-002));
#12232 = DIRECTION('',(-1.,-9.637352644316E-016,0.E+000));
#12233 = DIRECTION('',(9.637352644316E-016,-1.,0.E+000));
#12234 = ORIENTED_EDGE('',*,*,#12235,.F.);
#12235 = EDGE_CURVE('',#12236,#12227,#12238,.T.);
#12236 = VERTEX_POINT('',#12237);
#12237 = CARTESIAN_POINT('',(0.9,1.49,-1.E-002));
#12238 = LINE('',#12239,#12240);
#12239 = CARTESIAN_POINT('',(0.9,1.5,-1.E-002));
#12240 = VECTOR('',#12241,1.);
#12241 = DIRECTION('',(9.637352644316E-016,-1.,0.E+000));
#12242 = ORIENTED_EDGE('',*,*,#12243,.T.);
#12243 = EDGE_CURVE('',#12236,#12244,#12246,.T.);
#12244 = VERTEX_POINT('',#12245);
#12245 = CARTESIAN_POINT('',(0.9,1.5,-3.388131789017E-018));
#12246 = CIRCLE('',#12247,1.E-002);
#12247 = AXIS2_PLACEMENT_3D('',#12248,#12249,#12250);
#12248 = CARTESIAN_POINT('',(0.9,1.49,0.E+000));
#12249 = DIRECTION('',(1.,9.637352644316E-016,0.E+000));
#12250 = DIRECTION('',(9.637352644316E-016,-1.,0.E+000));
#12251 = ORIENTED_EDGE('',*,*,#12252,.T.);
#12252 = EDGE_CURVE('',#12244,#12253,#12255,.T.);
#12253 = VERTEX_POINT('',#12254);
#12254 = CARTESIAN_POINT('',(0.9,1.5,0.13));
#12255 = LINE('',#12256,#12257);
#12256 = CARTESIAN_POINT('',(0.9,1.5,-1.E-002));
#12257 = VECTOR('',#12258,1.);
#12258 = DIRECTION('',(-0.E+000,-0.E+000,1.));
#12259 = ORIENTED_EDGE('',*,*,#12260,.T.);
#12260 = EDGE_CURVE('',#12253,#12218,#12261,.T.);
#12261 = LINE('',#12262,#12263);
#12262 = CARTESIAN_POINT('',(0.9,1.5,0.13));
#12263 = VECTOR('',#12264,1.);
#12264 = DIRECTION('',(9.637352644316E-016,-1.,0.E+000));
#12265 = PLANE('',#12266);
#12266 = AXIS2_PLACEMENT_3D('',#12267,#12268,#12269);
#12267 = CARTESIAN_POINT('',(0.9,1.5,-1.E-002));
#12268 = DIRECTION('',(-1.,-9.637352644316E-016,0.E+000));
#12269 = DIRECTION('',(9.637352644316E-016,-1.,0.E+000));
#12270 = ADVANCED_FACE('',(#12271),#12313,.F.);
#12271 = FACE_BOUND('',#12272,.T.);
#12272 = EDGE_LOOP('',(#12273,#12274,#12282,#12290,#12298,#12306));
#12273 = ORIENTED_EDGE('',*,*,#11147,.F.);
#12274 = ORIENTED_EDGE('',*,*,#12275,.T.);
#12275 = EDGE_CURVE('',#11139,#12276,#12278,.T.);
#12276 = VERTEX_POINT('',#12277);
#12277 = CARTESIAN_POINT('',(-0.9,1.31,0.13));
#12278 = LINE('',#12279,#12280);
#12279 = CARTESIAN_POINT('',(-0.9,1.31,0.14));
#12280 = VECTOR('',#12281,1.);
#12281 = DIRECTION('',(0.E+000,0.E+000,1.));
#12282 = ORIENTED_EDGE('',*,*,#12283,.T.);
#12283 = EDGE_CURVE('',#12276,#12284,#12286,.T.);
#12284 = VERTEX_POINT('',#12285);
#12285 = CARTESIAN_POINT('',(-0.9,1.49,0.13));
#12286 = LINE('',#12287,#12288);
#12287 = CARTESIAN_POINT('',(-0.9,1.5,0.13));
#12288 = VECTOR('',#12289,1.);
#12289 = DIRECTION('',(9.637352644316E-016,1.,0.E+000));
#12290 = ORIENTED_EDGE('',*,*,#12291,.T.);
#12291 = EDGE_CURVE('',#12284,#12292,#12294,.T.);
#12292 = VERTEX_POINT('',#12293);
#12293 = CARTESIAN_POINT('',(-0.9,1.49,-1.E-002));
#12294 = LINE('',#12295,#12296);
#12295 = CARTESIAN_POINT('',(-0.9,1.49,-1.E-002));
#12296 = VECTOR('',#12297,1.);
#12297 = DIRECTION('',(-0.E+000,-0.E+000,-1.));
#12298 = ORIENTED_EDGE('',*,*,#12299,.F.);
#12299 = EDGE_CURVE('',#12300,#12292,#12302,.T.);
#12300 = VERTEX_POINT('',#12301);
#12301 = CARTESIAN_POINT('',(-0.9,1.05,-1.E-002));
#12302 = LINE('',#12303,#12304);
#12303 = CARTESIAN_POINT('',(-0.9,1.5,-1.E-002));
#12304 = VECTOR('',#12305,1.);
#12305 = DIRECTION('',(9.637352644316E-016,1.,-0.E+000));
#12306 = ORIENTED_EDGE('',*,*,#12307,.T.);
#12307 = EDGE_CURVE('',#12300,#11148,#12308,.T.);
#12308 = CIRCLE('',#12309,1.E-002);
#12309 = AXIS2_PLACEMENT_3D('',#12310,#12311,#12312);
#12310 = CARTESIAN_POINT('',(-0.9,1.04,-1.E-002));
#12311 = DIRECTION('',(1.,-9.637352644316E-016,0.E+000));
#12312 = DIRECTION('',(9.637352644316E-016,1.,0.E+000));
#12313 = PLANE('',#12314);
#12314 = AXIS2_PLACEMENT_3D('',#12315,#12316,#12317);
#12315 = CARTESIAN_POINT('',(-0.9,1.5,-1.E-002));
#12316 = DIRECTION('',(1.,-9.637352644316E-016,0.E+000));
#12317 = DIRECTION('',(9.637352644316E-016,1.,0.E+000));
#12318 = ADVANCED_FACE('',(#12319),#12344,.F.);
#12319 = FACE_BOUND('',#12320,.T.);
#12320 = EDGE_LOOP('',(#12321,#12331,#12337,#12338));
#12321 = ORIENTED_EDGE('',*,*,#12322,.T.);
#12322 = EDGE_CURVE('',#12323,#12325,#12327,.T.);
#12323 = VERTEX_POINT('',#12324);
#12324 = CARTESIAN_POINT('',(-0.89,1.5,0.E+000));
#12325 = VERTEX_POINT('',#12326);
#12326 = CARTESIAN_POINT('',(-0.89,1.5,0.13));
#12327 = LINE('',#12328,#12329);
#12328 = CARTESIAN_POINT('',(-0.89,1.5,-1.E-002));
#12329 = VECTOR('',#12330,1.);
#12330 = DIRECTION('',(0.E+000,0.E+000,1.));
#12331 = ORIENTED_EDGE('',*,*,#12332,.T.);
#12332 = EDGE_CURVE('',#12325,#12253,#12333,.T.);
#12333 = LINE('',#12334,#12335);
#12334 = CARTESIAN_POINT('',(0.9,1.5,0.13));
#12335 = VECTOR('',#12336,1.);
#12336 = DIRECTION('',(1.,0.E+000,0.E+000));
#12337 = ORIENTED_EDGE('',*,*,#12252,.F.);
#12338 = ORIENTED_EDGE('',*,*,#12339,.T.);
#12339 = EDGE_CURVE('',#12244,#12323,#12340,.T.);
#12340 = LINE('',#12341,#12342);
#12341 = CARTESIAN_POINT('',(-0.9,1.5,0.E+000));
#12342 = VECTOR('',#12343,1.);
#12343 = DIRECTION('',(-1.,-0.E+000,-0.E+000));
#12344 = PLANE('',#12345);
#12345 = AXIS2_PLACEMENT_3D('',#12346,#12347,#12348);
#12346 = CARTESIAN_POINT('',(0.9,1.5,-1.E-002));
#12347 = DIRECTION('',(0.E+000,-1.,-0.E+000));
#12348 = DIRECTION('',(0.E+000,0.E+000,-1.));
#12349 = ADVANCED_FACE('',(#12350),#12366,.T.);
#12350 = FACE_BOUND('',#12351,.T.);
#12351 = EDGE_LOOP('',(#12352,#12353,#12359,#12360));
#12352 = ORIENTED_EDGE('',*,*,#12299,.T.);
#12353 = ORIENTED_EDGE('',*,*,#12354,.T.);
#12354 = EDGE_CURVE('',#12292,#12236,#12355,.T.);
#12355 = LINE('',#12356,#12357);
#12356 = CARTESIAN_POINT('',(0.9,1.49,-1.E-002));
#12357 = VECTOR('',#12358,1.);
#12358 = DIRECTION('',(1.,0.E+000,0.E+000));
#12359 = ORIENTED_EDGE('',*,*,#12235,.T.);
#12360 = ORIENTED_EDGE('',*,*,#12361,.T.);
#12361 = EDGE_CURVE('',#12227,#12300,#12362,.T.);
#12362 = LINE('',#12363,#12364);
#12363 = CARTESIAN_POINT('',(0.9,1.05,-1.E-002));
#12364 = VECTOR('',#12365,1.);
#12365 = DIRECTION('',(-1.,0.E+000,0.E+000));
#12366 = PLANE('',#12367);
#12367 = AXIS2_PLACEMENT_3D('',#12368,#12369,#12370);
#12368 = CARTESIAN_POINT('',(0.E+000,0.E+000,-1.E-002));
#12369 = DIRECTION('',(-0.E+000,0.E+000,-1.));
#12370 = DIRECTION('',(-1.,0.E+000,0.E+000));
#12371 = ADVANCED_FACE('',(#12372),#12406,.F.);
#12372 = FACE_BOUND('',#12373,.T.);
#12373 = EDGE_LOOP('',(#12374,#12384,#12391,#12392,#12400));
#12374 = ORIENTED_EDGE('',*,*,#12375,.T.);
#12375 = EDGE_CURVE('',#12376,#12378,#12380,.T.);
#12376 = VERTEX_POINT('',#12377);
#12377 = CARTESIAN_POINT('',(-1.54,-0.29,0.14));
#12378 = VERTEX_POINT('',#12379);
#12379 = CARTESIAN_POINT('',(-1.31,-0.29,0.14));
#12380 = LINE('',#12381,#12382);
#12381 = CARTESIAN_POINT('',(0.E+000,-0.29,0.14));
#12382 = VECTOR('',#12383,1.);
#12383 = DIRECTION('',(1.,-0.E+000,-0.E+000));
#12384 = ORIENTED_EDGE('',*,*,#12385,.T.);
#12385 = EDGE_CURVE('',#12378,#11310,#12386,.T.);
#12386 = CIRCLE('',#12387,2.E-002);
#12387 = AXIS2_PLACEMENT_3D('',#12388,#12389,#12390);
#12388 = CARTESIAN_POINT('',(-1.31,-0.31,0.14));
#12389 = DIRECTION('',(0.E+000,0.E+000,-1.));
#12390 = DIRECTION('',(-1.,0.E+000,0.E+000));
#12391 = ORIENTED_EDGE('',*,*,#11309,.T.);
#12392 = ORIENTED_EDGE('',*,*,#12393,.T.);
#12393 = EDGE_CURVE('',#11301,#12394,#12396,.T.);
#12394 = VERTEX_POINT('',#12395);
#12395 = CARTESIAN_POINT('',(-1.54,0.29,0.14));
#12396 = LINE('',#12397,#12398);
#12397 = CARTESIAN_POINT('',(0.E+000,0.29,0.14));
#12398 = VECTOR('',#12399,1.);
#12399 = DIRECTION('',(-1.,-0.E+000,-0.E+000));
#12400 = ORIENTED_EDGE('',*,*,#12401,.T.);
#12401 = EDGE_CURVE('',#12394,#12376,#12402,.T.);
#12402 = LINE('',#12403,#12404);
#12403 = CARTESIAN_POINT('',(-1.54,0.E+000,0.14));
#12404 = VECTOR('',#12405,1.);
#12405 = DIRECTION('',(-0.E+000,-1.,-0.E+000));
#12406 = PLANE('',#12407);
#12407 = AXIS2_PLACEMENT_3D('',#12408,#12409,#12410);
#12408 = CARTESIAN_POINT('',(0.E+000,0.E+000,0.14));
#12409 = DIRECTION('',(0.E+000,0.E+000,-1.));
#12410 = DIRECTION('',(-1.,0.E+000,-0.E+000));
#12411 = ADVANCED_FACE('',(#12412),#12438,.F.);
#12412 = FACE_BOUND('',#12413,.T.);
#12413 = EDGE_LOOP('',(#12414,#12415,#12424,#12432));
#12414 = ORIENTED_EDGE('',*,*,#11097,.F.);
#12415 = ORIENTED_EDGE('',*,*,#12416,.T.);
#12416 = EDGE_CURVE('',#11080,#12417,#12419,.T.);
#12417 = VERTEX_POINT('',#12418);
#12418 = CARTESIAN_POINT('',(0.45,-0.29,-1.E-002));
#12419 = CIRCLE('',#12420,2.E-002);
#12420 = AXIS2_PLACEMENT_3D('',#12421,#12422,#12423);
#12421 = CARTESIAN_POINT('',(0.45,-0.31,-1.E-002));
#12422 = DIRECTION('',(-1.,0.E+000,0.E+000));
#12423 = DIRECTION('',(0.E+000,0.E+000,1.));
#12424 = ORIENTED_EDGE('',*,*,#12425,.F.);
#12425 = EDGE_CURVE('',#12426,#12417,#12428,.T.);
#12426 = VERTEX_POINT('',#12427);
#12427 = CARTESIAN_POINT('',(0.45,0.3,-1.E-002));
#12428 = LINE('',#12429,#12430);
#12429 = CARTESIAN_POINT('',(0.45,0.3,-1.E-002));
#12430 = VECTOR('',#12431,1.);
#12431 = DIRECTION('',(0.E+000,-1.,-0.E+000));
#12432 = ORIENTED_EDGE('',*,*,#12433,.T.);
#12433 = EDGE_CURVE('',#12426,#11098,#12434,.T.);
#12434 = LINE('',#12435,#12436);
#12435 = CARTESIAN_POINT('',(0.45,0.3,-1.E-002));
#12436 = VECTOR('',#12437,1.);
#12437 = DIRECTION('',(-0.E+000,-0.E+000,1.));
#12438 = PLANE('',#12439);
#12439 = AXIS2_PLACEMENT_3D('',#12440,#12441,#12442);
#12440 = CARTESIAN_POINT('',(0.45,0.3,-1.E-002));
#12441 = DIRECTION('',(-1.,0.E+000,-0.E+000));
#12442 = DIRECTION('',(0.E+000,0.E+000,1.));
#12443 = ADVANCED_FACE('',(#12444),#12478,.F.);
#12444 = FACE_BOUND('',#12445,.T.);
#12445 = EDGE_LOOP('',(#12446,#12456,#12464,#12472));
#12446 = ORIENTED_EDGE('',*,*,#12447,.T.);
#12447 = EDGE_CURVE('',#12448,#12450,#12452,.T.);
#12448 = VERTEX_POINT('',#12449);
#12449 = CARTESIAN_POINT('',(-1.31,-0.3,0.E+000));
#12450 = VERTEX_POINT('',#12451);
#12451 = CARTESIAN_POINT('',(-1.31,-0.3,0.13));
#12452 = LINE('',#12453,#12454);
#12453 = CARTESIAN_POINT('',(-1.31,-0.3,0.14));
#12454 = VECTOR('',#12455,1.);
#12455 = DIRECTION('',(0.E+000,-0.E+000,1.));
#12456 = ORIENTED_EDGE('',*,*,#12457,.T.);
#12457 = EDGE_CURVE('',#12450,#12458,#12460,.T.);
#12458 = VERTEX_POINT('',#12459);
#12459 = CARTESIAN_POINT('',(-1.54,-0.3,0.13));
#12460 = LINE('',#12461,#12462);
#12461 = CARTESIAN_POINT('',(0.45,-0.3,0.13));
#12462 = VECTOR('',#12463,1.);
#12463 = DIRECTION('',(-1.,0.E+000,0.E+000));
#12464 = ORIENTED_EDGE('',*,*,#12465,.T.);
#12465 = EDGE_CURVE('',#12458,#12466,#12468,.T.);
#12466 = VERTEX_POINT('',#12467);
#12467 = CARTESIAN_POINT('',(-1.54,-0.3,0.E+000));
#12468 = LINE('',#12469,#12470);
#12469 = CARTESIAN_POINT('',(-1.54,-0.3,-1.E-002));
#12470 = VECTOR('',#12471,1.);
#12471 = DIRECTION('',(-0.E+000,0.E+000,-1.));
#12472 = ORIENTED_EDGE('',*,*,#12473,.T.);
#12473 = EDGE_CURVE('',#12466,#12448,#12474,.T.);
#12474 = LINE('',#12475,#12476);
#12475 = CARTESIAN_POINT('',(-1.31,-0.3,0.E+000));
#12476 = VECTOR('',#12477,1.);
#12477 = DIRECTION('',(1.,-0.E+000,0.E+000));
#12478 = PLANE('',#12479);
#12479 = AXIS2_PLACEMENT_3D('',#12480,#12481,#12482);
#12480 = CARTESIAN_POINT('',(0.45,-0.3,-1.E-002));
#12481 = DIRECTION('',(0.E+000,1.,0.E+000));
#12482 = DIRECTION('',(0.E+000,-0.E+000,1.));
#12483 = ADVANCED_FACE('',(#12484),#12518,.F.);
#12484 = FACE_BOUND('',#12485,.T.);
#12485 = EDGE_LOOP('',(#12486,#12496,#12504,#12512));
#12486 = ORIENTED_EDGE('',*,*,#12487,.F.);
#12487 = EDGE_CURVE('',#12488,#12490,#12492,.T.);
#12488 = VERTEX_POINT('',#12489);
#12489 = CARTESIAN_POINT('',(-1.55,-0.29,-1.E-002));
#12490 = VERTEX_POINT('',#12491);
#12491 = CARTESIAN_POINT('',(-1.55,0.29,-1.E-002));
#12492 = LINE('',#12493,#12494);
#12493 = CARTESIAN_POINT('',(-1.55,0.3,-1.E-002));
#12494 = VECTOR('',#12495,1.);
#12495 = DIRECTION('',(-0.E+000,1.,-0.E+000));
#12496 = ORIENTED_EDGE('',*,*,#12497,.T.);
#12497 = EDGE_CURVE('',#12488,#12498,#12500,.T.);
#12498 = VERTEX_POINT('',#12499);
#12499 = CARTESIAN_POINT('',(-1.55,-0.29,0.13));
#12500 = LINE('',#12501,#12502);
#12501 = CARTESIAN_POINT('',(-1.55,-0.29,-1.E-002));
#12502 = VECTOR('',#12503,1.);
#12503 = DIRECTION('',(0.E+000,0.E+000,1.));
#12504 = ORIENTED_EDGE('',*,*,#12505,.T.);
#12505 = EDGE_CURVE('',#12498,#12506,#12508,.T.);
#12506 = VERTEX_POINT('',#12507);
#12507 = CARTESIAN_POINT('',(-1.55,0.29,0.13));
#12508 = LINE('',#12509,#12510);
#12509 = CARTESIAN_POINT('',(-1.55,0.3,0.13));
#12510 = VECTOR('',#12511,1.);
#12511 = DIRECTION('',(-0.E+000,1.,0.E+000));
#12512 = ORIENTED_EDGE('',*,*,#12513,.T.);
#12513 = EDGE_CURVE('',#12506,#12490,#12514,.T.);
#12514 = LINE('',#12515,#12516);
#12515 = CARTESIAN_POINT('',(-1.55,0.29,-1.E-002));
#12516 = VECTOR('',#12517,1.);
#12517 = DIRECTION('',(-0.E+000,-0.E+000,-1.));
#12518 = PLANE('',#12519);
#12519 = AXIS2_PLACEMENT_3D('',#12520,#12521,#12522);
#12520 = CARTESIAN_POINT('',(-1.55,0.3,-1.E-002));
#12521 = DIRECTION('',(1.,0.E+000,0.E+000));
#12522 = DIRECTION('',(0.E+000,0.E+000,-1.));
#12523 = ADVANCED_FACE('',(#12524),#12551,.F.);
#12524 = FACE_BOUND('',#12525,.T.);
#12525 = EDGE_LOOP('',(#12526,#12534,#12542,#12548,#12549,#12550));
#12526 = ORIENTED_EDGE('',*,*,#12527,.F.);
#12527 = EDGE_CURVE('',#12528,#12426,#12530,.T.);
#12528 = VERTEX_POINT('',#12529);
#12529 = CARTESIAN_POINT('',(-1.54,0.3,-1.E-002));
#12530 = LINE('',#12531,#12532);
#12531 = CARTESIAN_POINT('',(0.45,0.3,-1.E-002));
#12532 = VECTOR('',#12533,1.);
#12533 = DIRECTION('',(1.,-0.E+000,-0.E+000));
#12534 = ORIENTED_EDGE('',*,*,#12535,.T.);
#12535 = EDGE_CURVE('',#12528,#12536,#12538,.T.);
#12536 = VERTEX_POINT('',#12537);
#12537 = CARTESIAN_POINT('',(-1.54,0.3,0.13));
#12538 = LINE('',#12539,#12540);
#12539 = CARTESIAN_POINT('',(-1.54,0.3,-1.E-002));
#12540 = VECTOR('',#12541,1.);
#12541 = DIRECTION('',(0.E+000,0.E+000,1.));
#12542 = ORIENTED_EDGE('',*,*,#12543,.T.);
#12543 = EDGE_CURVE('',#12536,#11293,#12544,.T.);
#12544 = LINE('',#12545,#12546);
#12545 = CARTESIAN_POINT('',(0.45,0.3,0.13));
#12546 = VECTOR('',#12547,1.);
#12547 = DIRECTION('',(1.,0.E+000,0.E+000));
#12548 = ORIENTED_EDGE('',*,*,#11292,.T.);
#12549 = ORIENTED_EDGE('',*,*,#11105,.F.);
#12550 = ORIENTED_EDGE('',*,*,#12433,.F.);
#12551 = PLANE('',#12552);
#12552 = AXIS2_PLACEMENT_3D('',#12553,#12554,#12555);
#12553 = CARTESIAN_POINT('',(0.45,0.3,-1.E-002));
#12554 = DIRECTION('',(0.E+000,-1.,-0.E+000));
#12555 = DIRECTION('',(0.E+000,0.E+000,-1.));
#12556 = ADVANCED_FACE('',(#12557),#12601,.T.);
#12557 = FACE_BOUND('',#12558,.T.);
#12558 = EDGE_LOOP('',(#12559,#12560,#12567,#12568,#12569,#12578,#12586,
    #12595));
#12559 = ORIENTED_EDGE('',*,*,#12487,.T.);
#12560 = ORIENTED_EDGE('',*,*,#12561,.T.);
#12561 = EDGE_CURVE('',#12490,#12528,#12562,.T.);
#12562 = CIRCLE('',#12563,1.E-002);
#12563 = AXIS2_PLACEMENT_3D('',#12564,#12565,#12566);
#12564 = CARTESIAN_POINT('',(-1.54,0.29,-1.E-002));
#12565 = DIRECTION('',(0.E+000,0.E+000,-1.));
#12566 = DIRECTION('',(-1.,0.E+000,0.E+000));
#12567 = ORIENTED_EDGE('',*,*,#12527,.T.);
#12568 = ORIENTED_EDGE('',*,*,#12425,.T.);
#12569 = ORIENTED_EDGE('',*,*,#12570,.T.);
#12570 = EDGE_CURVE('',#12417,#12571,#12573,.T.);
#12571 = VERTEX_POINT('',#12572);
#12572 = CARTESIAN_POINT('',(0.449634330441,-0.292679491924,-1.E-002));
#12573 = CIRCLE('',#12574,1.E-002);
#12574 = AXIS2_PLACEMENT_3D('',#12575,#12576,#12577);
#12575 = CARTESIAN_POINT('',(0.44,-0.29,-1.E-002));
#12576 = DIRECTION('',(0.E+000,0.E+000,-1.));
#12577 = DIRECTION('',(-1.,0.E+000,0.E+000));
#12578 = ORIENTED_EDGE('',*,*,#12579,.T.);
#12579 = EDGE_CURVE('',#12571,#12580,#12582,.T.);
#12580 = VERTEX_POINT('',#12581);
#12581 = CARTESIAN_POINT('',(-1.3,-0.292679491924,-1.E-002));
#12582 = LINE('',#12583,#12584);
#12583 = CARTESIAN_POINT('',(-1.31,-0.292679491924,-1.E-002));
#12584 = VECTOR('',#12585,1.);
#12585 = DIRECTION('',(-1.,0.E+000,0.E+000));
#12586 = ORIENTED_EDGE('',*,*,#12587,.T.);
#12587 = EDGE_CURVE('',#12580,#12588,#12590,.T.);
#12588 = VERTEX_POINT('',#12589);
#12589 = CARTESIAN_POINT('',(-1.31,-0.29,-1.E-002));
#12590 = CIRCLE('',#12591,2.E-002);
#12591 = AXIS2_PLACEMENT_3D('',#12592,#12593,#12594);
#12592 = CARTESIAN_POINT('',(-1.31,-0.31,-1.E-002));
#12593 = DIRECTION('',(0.E+000,-0.E+000,1.));
#12594 = DIRECTION('',(-1.,2.710505431214E-015,0.E+000));
#12595 = ORIENTED_EDGE('',*,*,#12596,.T.);
#12596 = EDGE_CURVE('',#12588,#12488,#12597,.T.);
#12597 = LINE('',#12598,#12599);
#12598 = CARTESIAN_POINT('',(-1.55,-0.29,-1.E-002));
#12599 = VECTOR('',#12600,1.);
#12600 = DIRECTION('',(-1.,0.E+000,0.E+000));
#12601 = PLANE('',#12602);
#12602 = AXIS2_PLACEMENT_3D('',#12603,#12604,#12605);
#12603 = CARTESIAN_POINT('',(0.E+000,0.E+000,-1.E-002));
#12604 = DIRECTION('',(0.E+000,0.E+000,-1.));
#12605 = DIRECTION('',(-1.,0.E+000,-0.E+000));
#12606 = ADVANCED_FACE('',(#12607),#12632,.F.);
#12607 = FACE_BOUND('',#12608,.T.);
#12608 = EDGE_LOOP('',(#12609,#12617,#12625,#12631));
#12609 = ORIENTED_EDGE('',*,*,#12610,.F.);
#12610 = EDGE_CURVE('',#12611,#11605,#12613,.T.);
#12611 = VERTEX_POINT('',#12612);
#12612 = CARTESIAN_POINT('',(1.54,0.3,0.34));
#12613 = LINE('',#12614,#12615);
#12614 = CARTESIAN_POINT('',(0.889400330073,0.3,0.34));
#12615 = VECTOR('',#12616,1.);
#12616 = DIRECTION('',(-1.,-0.E+000,-0.E+000));
#12617 = ORIENTED_EDGE('',*,*,#12618,.T.);
#12618 = EDGE_CURVE('',#12611,#12619,#12621,.T.);
#12619 = VERTEX_POINT('',#12620);
#12620 = CARTESIAN_POINT('',(1.54,-0.3,0.34));
#12621 = LINE('',#12622,#12623);
#12622 = CARTESIAN_POINT('',(1.54,-0.3,0.34));
#12623 = VECTOR('',#12624,1.);
#12624 = DIRECTION('',(-0.E+000,-1.,0.E+000));
#12625 = ORIENTED_EDGE('',*,*,#12626,.F.);
#12626 = EDGE_CURVE('',#11613,#12619,#12627,.T.);
#12627 = LINE('',#12628,#12629);
#12628 = CARTESIAN_POINT('',(0.889400330073,-0.3,0.34));
#12629 = VECTOR('',#12630,1.);
#12630 = DIRECTION('',(1.,0.E+000,0.E+000));
#12631 = ORIENTED_EDGE('',*,*,#11612,.T.);
#12632 = PLANE('',#12633);
#12633 = AXIS2_PLACEMENT_3D('',#12634,#12635,#12636);
#12634 = CARTESIAN_POINT('',(0.E+000,0.E+000,0.34));
#12635 = DIRECTION('',(-0.E+000,0.E+000,1.));
#12636 = DIRECTION('',(1.,0.E+000,0.E+000));
#12637 = ADVANCED_FACE('',(#12638),#12664,.T.);
#12638 = FACE_BOUND('',#12639,.T.);
#12639 = EDGE_LOOP('',(#12640,#12648,#12654,#12655,#12662,#12663));
#12640 = ORIENTED_EDGE('',*,*,#12641,.T.);
#12641 = EDGE_CURVE('',#10902,#12642,#12644,.T.);
#12642 = VERTEX_POINT('',#12643);
#12643 = CARTESIAN_POINT('',(1.54,0.3,0.48));
#12644 = LINE('',#12645,#12646);
#12645 = CARTESIAN_POINT('',(0.889400330073,0.3,0.48));
#12646 = VECTOR('',#12647,1.);
#12647 = DIRECTION('',(1.,-0.E+000,-0.E+000));
#12648 = ORIENTED_EDGE('',*,*,#12649,.T.);
#12649 = EDGE_CURVE('',#12642,#12611,#12650,.T.);
#12650 = LINE('',#12651,#12652);
#12651 = CARTESIAN_POINT('',(1.54,0.3,0.34));
#12652 = VECTOR('',#12653,1.);
#12653 = DIRECTION('',(-0.E+000,0.E+000,-1.));
#12654 = ORIENTED_EDGE('',*,*,#12610,.T.);
#12655 = ORIENTED_EDGE('',*,*,#12656,.T.);
#12656 = EDGE_CURVE('',#11605,#11698,#12657,.T.);
#12657 = CIRCLE('',#12658,1.E-002);
#12658 = AXIS2_PLACEMENT_3D('',#12659,#12660,#12661);
#12659 = CARTESIAN_POINT('',(1.29,0.3,0.34));
#12660 = DIRECTION('',(0.E+000,-1.,0.E+000));
#12661 = DIRECTION('',(0.E+000,0.E+000,1.));
#12662 = ORIENTED_EDGE('',*,*,#11697,.F.);
#12663 = ORIENTED_EDGE('',*,*,#10922,.F.);
#12664 = PLANE('',#12665);
#12665 = AXIS2_PLACEMENT_3D('',#12666,#12667,#12668);
#12666 = CARTESIAN_POINT('',(0.889400330073,0.3,0.34));
#12667 = DIRECTION('',(0.E+000,1.,0.E+000));
#12668 = DIRECTION('',(0.E+000,-0.E+000,1.));
#12669 = ADVANCED_FACE('',(#12670),#12696,.T.);
#12670 = FACE_BOUND('',#12671,.T.);
#12671 = EDGE_LOOP('',(#12672,#12673,#12681,#12687,#12688,#12689));
#12672 = ORIENTED_EDGE('',*,*,#12626,.T.);
#12673 = ORIENTED_EDGE('',*,*,#12674,.T.);
#12674 = EDGE_CURVE('',#12619,#12675,#12677,.T.);
#12675 = VERTEX_POINT('',#12676);
#12676 = CARTESIAN_POINT('',(1.54,-0.3,0.48));
#12677 = LINE('',#12678,#12679);
#12678 = CARTESIAN_POINT('',(1.54,-0.3,0.34));
#12679 = VECTOR('',#12680,1.);
#12680 = DIRECTION('',(0.E+000,0.E+000,1.));
#12681 = ORIENTED_EDGE('',*,*,#12682,.T.);
#12682 = EDGE_CURVE('',#12675,#11816,#12683,.T.);
#12683 = LINE('',#12684,#12685);
#12684 = CARTESIAN_POINT('',(0.889400330073,-0.3,0.48));
#12685 = VECTOR('',#12686,1.);
#12686 = DIRECTION('',(-1.,-0.E+000,-0.E+000));
#12687 = ORIENTED_EDGE('',*,*,#11815,.F.);
#12688 = ORIENTED_EDGE('',*,*,#11781,.F.);
#12689 = ORIENTED_EDGE('',*,*,#12690,.T.);
#12690 = EDGE_CURVE('',#11774,#11613,#12691,.T.);
#12691 = CIRCLE('',#12692,1.E-002);
#12692 = AXIS2_PLACEMENT_3D('',#12693,#12694,#12695);
#12693 = CARTESIAN_POINT('',(1.29,-0.3,0.34));
#12694 = DIRECTION('',(-0.E+000,1.,0.E+000));
#12695 = DIRECTION('',(0.E+000,0.E+000,-1.));
#12696 = PLANE('',#12697);
#12697 = AXIS2_PLACEMENT_3D('',#12698,#12699,#12700);
#12698 = CARTESIAN_POINT('',(0.889400330073,-0.3,0.34));
#12699 = DIRECTION('',(0.E+000,-1.,0.E+000));
#12700 = DIRECTION('',(0.E+000,-0.E+000,-1.));
#12701 = ADVANCED_FACE('',(#12702),#12728,.T.);
#12702 = FACE_BOUND('',#12703,.T.);
#12703 = EDGE_LOOP('',(#12704,#12714,#12720,#12721,#12722));
#12704 = ORIENTED_EDGE('',*,*,#12705,.T.);
#12705 = EDGE_CURVE('',#12706,#12708,#12710,.T.);
#12706 = VERTEX_POINT('',#12707);
#12707 = CARTESIAN_POINT('',(1.54,-0.29,0.49));
#12708 = VERTEX_POINT('',#12709);
#12709 = CARTESIAN_POINT('',(1.54,0.29,0.49));
#12710 = LINE('',#12711,#12712);
#12711 = CARTESIAN_POINT('',(1.54,0.E+000,0.49));
#12712 = VECTOR('',#12713,1.);
#12713 = DIRECTION('',(0.E+000,1.,0.E+000));
#12714 = ORIENTED_EDGE('',*,*,#12715,.T.);
#12715 = EDGE_CURVE('',#12708,#10893,#12716,.T.);
#12716 = LINE('',#12717,#12718);
#12717 = CARTESIAN_POINT('',(0.E+000,0.29,0.49));
#12718 = VECTOR('',#12719,1.);
#12719 = DIRECTION('',(-1.,0.E+000,-0.E+000));
#12720 = ORIENTED_EDGE('',*,*,#10892,.F.);
#12721 = ORIENTED_EDGE('',*,*,#11844,.F.);
#12722 = ORIENTED_EDGE('',*,*,#12723,.T.);
#12723 = EDGE_CURVE('',#11824,#12706,#12724,.T.);
#12724 = LINE('',#12725,#12726);
#12725 = CARTESIAN_POINT('',(0.E+000,-0.29,0.49));
#12726 = VECTOR('',#12727,1.);
#12727 = DIRECTION('',(1.,0.E+000,0.E+000));
#12728 = PLANE('',#12729);
#12729 = AXIS2_PLACEMENT_3D('',#12730,#12731,#12732);
#12730 = CARTESIAN_POINT('',(0.E+000,0.E+000,0.49));
#12731 = DIRECTION('',(-0.E+000,0.E+000,1.));
#12732 = DIRECTION('',(1.,0.E+000,0.E+000));
#12733 = ADVANCED_FACE('',(#12734),#12768,.T.);
#12734 = FACE_BOUND('',#12735,.T.);
#12735 = EDGE_LOOP('',(#12736,#12746,#12754,#12762));
#12736 = ORIENTED_EDGE('',*,*,#12737,.T.);
#12737 = EDGE_CURVE('',#12738,#12740,#12742,.T.);
#12738 = VERTEX_POINT('',#12739);
#12739 = CARTESIAN_POINT('',(1.55,-0.29,0.48));
#12740 = VERTEX_POINT('',#12741);
#12741 = CARTESIAN_POINT('',(1.55,-0.29,0.35));
#12742 = LINE('',#12743,#12744);
#12743 = CARTESIAN_POINT('',(1.55,-0.29,0.34));
#12744 = VECTOR('',#12745,1.);
#12745 = DIRECTION('',(-0.E+000,-0.E+000,-1.));
#12746 = ORIENTED_EDGE('',*,*,#12747,.T.);
#12747 = EDGE_CURVE('',#12740,#12748,#12750,.T.);
#12748 = VERTEX_POINT('',#12749);
#12749 = CARTESIAN_POINT('',(1.55,0.29,0.35));
#12750 = LINE('',#12751,#12752);
#12751 = CARTESIAN_POINT('',(1.55,0.3,0.35));
#12752 = VECTOR('',#12753,1.);
#12753 = DIRECTION('',(-0.E+000,1.,0.E+000));
#12754 = ORIENTED_EDGE('',*,*,#12755,.T.);
#12755 = EDGE_CURVE('',#12748,#12756,#12758,.T.);
#12756 = VERTEX_POINT('',#12757);
#12757 = CARTESIAN_POINT('',(1.55,0.29,0.48));
#12758 = LINE('',#12759,#12760);
#12759 = CARTESIAN_POINT('',(1.55,0.29,0.34));
#12760 = VECTOR('',#12761,1.);
#12761 = DIRECTION('',(0.E+000,-0.E+000,1.));
#12762 = ORIENTED_EDGE('',*,*,#12763,.T.);
#12763 = EDGE_CURVE('',#12756,#12738,#12764,.T.);
#12764 = LINE('',#12765,#12766);
#12765 = CARTESIAN_POINT('',(1.55,0.3,0.48));
#12766 = VECTOR('',#12767,1.);
#12767 = DIRECTION('',(-0.E+000,-1.,-0.E+000));
#12768 = PLANE('',#12769);
#12769 = AXIS2_PLACEMENT_3D('',#12770,#12771,#12772);
#12770 = CARTESIAN_POINT('',(1.55,0.3,0.34));
#12771 = DIRECTION('',(1.,0.E+000,-0.E+000));
#12772 = DIRECTION('',(-0.E+000,0.E+000,-1.));
#12773 = ADVANCED_FACE('',(#12774),#12780,.T.);
#12774 = FACE_BOUND('',#12775,.T.);
#12775 = EDGE_LOOP('',(#12776,#12777,#12778,#12779));
#12776 = ORIENTED_EDGE('',*,*,#10780,.F.);
#12777 = ORIENTED_EDGE('',*,*,#11893,.F.);
#12778 = ORIENTED_EDGE('',*,*,#11884,.F.);
#12779 = ORIENTED_EDGE('',*,*,#10789,.T.);
#12780 = SPHERICAL_SURFACE('',#12781,0.25);
#12781 = AXIS2_PLACEMENT_3D('',#12782,#12783,#12784);
#12782 = CARTESIAN_POINT('',(0.E+000,0.E+000,1.));
#12783 = DIRECTION('',(0.E+000,1.,0.E+000));
#12784 = DIRECTION('',(1.,0.E+000,0.E+000));
#12785 = ADVANCED_FACE('',(#12786),#12792,.F.);
#12786 = FACE_BOUND('',#12787,.F.);
#12787 = EDGE_LOOP('',(#12788,#12789,#12790,#12791));
#12788 = ORIENTED_EDGE('',*,*,#11155,.T.);
#12789 = ORIENTED_EDGE('',*,*,#12226,.T.);
#12790 = ORIENTED_EDGE('',*,*,#12361,.T.);
#12791 = ORIENTED_EDGE('',*,*,#12307,.T.);
#12792 = CYLINDRICAL_SURFACE('',#12793,1.E-002);
#12793 = AXIS2_PLACEMENT_3D('',#12794,#12795,#12796);
#12794 = CARTESIAN_POINT('',(-1.05,1.04,-1.E-002));
#12795 = DIRECTION('',(1.,0.E+000,0.E+000));
#12796 = DIRECTION('',(0.E+000,0.E+000,-1.));
#12797 = ADVANCED_FACE('',(#12798),#12837,.F.);
#12798 = FACE_BOUND('',#12799,.F.);
#12799 = EDGE_LOOP('',(#12800,#12821,#12822,#12831));
#12800 = ORIENTED_EDGE('',*,*,#12801,.F.);
#12801 = EDGE_CURVE('',#11062,#12802,#12804,.T.);
#12802 = VERTEX_POINT('',#12803);
#12803 = CARTESIAN_POINT('',(-1.302679491681,-0.301339745962,-5.E-003));
#12804 = B_SPLINE_CURVE_WITH_KNOTS('',3,(#12805,#12806,#12807,#12808,
    #12809,#12810,#12811,#12812,#12813,#12814,#12815,#12816,#12817,
    #12818,#12819,#12820),.UNSPECIFIED.,.F.,.F.,(4,3,3,3,3,4),(0.E+000,
    2.804750280371E-006,5.573341109629E-006,8.81754582971E-006,
    1.017356764559E-005,1.08220195113E-005),.UNSPECIFIED.);
#12805 = CARTESIAN_POINT('',(-1.3,-0.31,0.E+000));
#12806 = CARTESIAN_POINT('',(-1.3,-0.309065083242,0.E+000));
#12807 = CARTESIAN_POINT('',(-1.300139830029,-0.308116909207,
    -1.373879387983E-004));
#12808 = CARTESIAN_POINT('',(-1.300378412807,-0.307247855471,
    -3.861713925391E-004));
#12809 = CARTESIAN_POINT('',(-1.300615218496,-0.3063852749,
    -6.331017774926E-004));
#12810 = CARTESIAN_POINT('',(-1.300951574366,-0.305575516694,
    -9.913933120945E-004));
#12811 = CARTESIAN_POINT('',(-1.301312200325,-0.304842970162,
    -1.432325605618E-003));
#12812 = CARTESIAN_POINT('',(-1.301734367834,-0.303985413082,
    -1.948503887989E-003));
#12813 = CARTESIAN_POINT('',(-1.30221916619,-0.303207664076,
    -2.586774968253E-003));
#12814 = CARTESIAN_POINT('',(-1.302516381417,-0.302514804082,
    -3.368873242427E-003));
#12815 = CARTESIAN_POINT('',(-1.302641415915,-0.302223327087,
    -3.697891597559E-003));
#12816 = CARTESIAN_POINT('',(-1.302729764014,-0.301941932672,
    -4.060608182511E-003));
#12817 = CARTESIAN_POINT('',(-1.302734381935,-0.301687876298,
    -4.440449697272E-003));
#12818 = CARTESIAN_POINT('',(-1.302736609367,-0.301565333427,
    -4.623664426271E-003));
#12819 = CARTESIAN_POINT('',(-1.30271917432,-0.301448160286,
    -4.812220883548E-003));
#12820 = CARTESIAN_POINT('',(-1.302679491681,-0.301339745962,-5.E-003));
#12821 = ORIENTED_EDGE('',*,*,#11071,.T.);
#12822 = ORIENTED_EDGE('',*,*,#12823,.F.);
#12823 = EDGE_CURVE('',#12824,#11072,#12826,.T.);
#12824 = VERTEX_POINT('',#12825);
#12825 = CARTESIAN_POINT('',(0.44,-0.301339745962,-5.E-003));
#12826 = CIRCLE('',#12827,1.E-002);
#12827 = AXIS2_PLACEMENT_3D('',#12828,#12829,#12830);
#12828 = CARTESIAN_POINT('',(0.44,-0.31,-1.E-002));
#12829 = DIRECTION('',(1.,-0.E+000,0.E+000));
#12830 = DIRECTION('',(0.E+000,0.E+000,1.));
#12831 = ORIENTED_EDGE('',*,*,#12832,.F.);
#12832 = EDGE_CURVE('',#12802,#12824,#12833,.T.);
#12833 = LINE('',#12834,#12835);
#12834 = CARTESIAN_POINT('',(-1.05,-0.301339745962,-5.E-003));
#12835 = VECTOR('',#12836,1.);
#12836 = DIRECTION('',(1.,0.E+000,0.E+000));
#12837 = CYLINDRICAL_SURFACE('',#12838,1.E-002);
#12838 = AXIS2_PLACEMENT_3D('',#12839,#12840,#12841);
#12839 = CARTESIAN_POINT('',(-1.05,-0.31,-1.E-002));
#12840 = DIRECTION('',(1.,0.E+000,0.E+000));
#12841 = DIRECTION('',(0.E+000,0.E+000,-1.));
#12842 = ADVANCED_FACE('',(#12843),#12861,.F.);
#12843 = FACE_BOUND('',#12844,.F.);
#12844 = EDGE_LOOP('',(#12845,#12852,#12853,#12860));
#12845 = ORIENTED_EDGE('',*,*,#12846,.F.);
#12846 = EDGE_CURVE('',#12448,#11062,#12847,.T.);
#12847 = CIRCLE('',#12848,1.E-002);
#12848 = AXIS2_PLACEMENT_3D('',#12849,#12850,#12851);
#12849 = CARTESIAN_POINT('',(-1.31,-0.31,0.E+000));
#12850 = DIRECTION('',(0.E+000,0.E+000,-1.));
#12851 = DIRECTION('',(-1.,0.E+000,0.E+000));
#12852 = ORIENTED_EDGE('',*,*,#12447,.T.);
#12853 = ORIENTED_EDGE('',*,*,#12854,.F.);
#12854 = EDGE_CURVE('',#11318,#12450,#12855,.T.);
#12855 = CIRCLE('',#12856,1.E-002);
#12856 = AXIS2_PLACEMENT_3D('',#12857,#12858,#12859);
#12857 = CARTESIAN_POINT('',(-1.31,-0.31,0.13));
#12858 = DIRECTION('',(0.E+000,-0.E+000,1.));
#12859 = DIRECTION('',(-1.,0.E+000,0.E+000));
#12860 = ORIENTED_EDGE('',*,*,#11335,.T.);
#12861 = CYLINDRICAL_SURFACE('',#12862,1.E-002);
#12862 = AXIS2_PLACEMENT_3D('',#12863,#12864,#12865);
#12863 = CARTESIAN_POINT('',(-1.31,-0.31,-1.E-002));
#12864 = DIRECTION('',(-0.E+000,0.E+000,-1.));
#12865 = DIRECTION('',(-1.,0.E+000,0.E+000));
#12866 = ADVANCED_FACE('',(#12867),#12879,.T.);
#12867 = FACE_BOUND('',#12868,.T.);
#12868 = EDGE_LOOP('',(#12869,#12870,#12871,#12878));
#12869 = ORIENTED_EDGE('',*,*,#12243,.F.);
#12870 = ORIENTED_EDGE('',*,*,#12354,.F.);
#12871 = ORIENTED_EDGE('',*,*,#12872,.F.);
#12872 = EDGE_CURVE('',#12323,#12292,#12873,.T.);
#12873 = ( BOUNDED_CURVE() B_SPLINE_CURVE(3,(#12874,#12875,#12876,#12877
),.UNSPECIFIED.,.F.,.F.) B_SPLINE_CURVE_WITH_KNOTS((4,4),(1.570796326795
,3.14159265359),.PIECEWISE_BEZIER_KNOTS.) CURVE() 
GEOMETRIC_REPRESENTATION_ITEM() RATIONAL_B_SPLINE_CURVE((1.,
0.804737854124,0.804737854124,1.)) REPRESENTATION_ITEM('') );
#12874 = CARTESIAN_POINT('',(-0.89,1.5,0.E+000));
#12875 = CARTESIAN_POINT('',(-0.895857864376,1.5,-5.857864376269E-003));
#12876 = CARTESIAN_POINT('',(-0.9,1.495857864376,-1.E-002));
#12877 = CARTESIAN_POINT('',(-0.9,1.49,-1.E-002));
#12878 = ORIENTED_EDGE('',*,*,#12339,.F.);
#12879 = CYLINDRICAL_SURFACE('',#12880,1.E-002);
#12880 = AXIS2_PLACEMENT_3D('',#12881,#12882,#12883);
#12881 = CARTESIAN_POINT('',(0.E+000,1.49,0.E+000));
#12882 = DIRECTION('',(-1.,0.E+000,0.E+000));
#12883 = DIRECTION('',(0.E+000,0.E+000,1.));
#12884 = ADVANCED_FACE('',(#12885),#12897,.T.);
#12885 = FACE_BOUND('',#12886,.T.);
#12886 = EDGE_LOOP('',(#12887,#12888,#12889,#12896));
#12887 = ORIENTED_EDGE('',*,*,#12872,.T.);
#12888 = ORIENTED_EDGE('',*,*,#12291,.F.);
#12889 = ORIENTED_EDGE('',*,*,#12890,.F.);
#12890 = EDGE_CURVE('',#12325,#12284,#12891,.T.);
#12891 = CIRCLE('',#12892,1.E-002);
#12892 = AXIS2_PLACEMENT_3D('',#12893,#12894,#12895);
#12893 = CARTESIAN_POINT('',(-0.89,1.49,0.13));
#12894 = DIRECTION('',(0.E+000,-0.E+000,1.));
#12895 = DIRECTION('',(1.,0.E+000,0.E+000));
#12896 = ORIENTED_EDGE('',*,*,#12322,.F.);
#12897 = CYLINDRICAL_SURFACE('',#12898,1.E-002);
#12898 = AXIS2_PLACEMENT_3D('',#12899,#12900,#12901);
#12899 = CARTESIAN_POINT('',(-0.89,1.49,-1.E-002));
#12900 = DIRECTION('',(0.E+000,0.E+000,1.));
#12901 = DIRECTION('',(1.,0.E+000,-0.E+000));
#12902 = ADVANCED_FACE('',(#12903),#12915,.F.);
#12903 = FACE_BOUND('',#12904,.F.);
#12904 = EDGE_LOOP('',(#12905,#12906,#12913,#12914));
#12905 = ORIENTED_EDGE('',*,*,#12275,.T.);
#12906 = ORIENTED_EDGE('',*,*,#12907,.T.);
#12907 = EDGE_CURVE('',#12276,#11399,#12908,.T.);
#12908 = CIRCLE('',#12909,1.E-002);
#12909 = AXIS2_PLACEMENT_3D('',#12910,#12911,#12912);
#12910 = CARTESIAN_POINT('',(-0.91,1.31,0.13));
#12911 = DIRECTION('',(0.E+000,0.E+000,-1.));
#12912 = DIRECTION('',(-1.,0.E+000,0.E+000));
#12913 = ORIENTED_EDGE('',*,*,#11407,.T.);
#12914 = ORIENTED_EDGE('',*,*,#11138,.T.);
#12915 = CYLINDRICAL_SURFACE('',#12916,1.E-002);
#12916 = AXIS2_PLACEMENT_3D('',#12917,#12918,#12919);
#12917 = CARTESIAN_POINT('',(-0.91,1.31,-1.E-002));
#12918 = DIRECTION('',(0.E+000,0.E+000,-1.));
#12919 = DIRECTION('',(-1.,0.E+000,0.E+000));
#12920 = ADVANCED_FACE('',(#12921),#12939,.T.);
#12921 = FACE_BOUND('',#12922,.T.);
#12922 = EDGE_LOOP('',(#12923,#12930,#12931,#12938));
#12923 = ORIENTED_EDGE('',*,*,#12924,.F.);
#12924 = EDGE_CURVE('',#12284,#12188,#12925,.T.);
#12925 = CIRCLE('',#12926,1.E-002);
#12926 = AXIS2_PLACEMENT_3D('',#12927,#12928,#12929);
#12927 = CARTESIAN_POINT('',(-0.89,1.49,0.13));
#12928 = DIRECTION('',(0.E+000,1.,-0.E+000));
#12929 = DIRECTION('',(0.E+000,0.E+000,1.));
#12930 = ORIENTED_EDGE('',*,*,#12283,.F.);
#12931 = ORIENTED_EDGE('',*,*,#12932,.F.);
#12932 = EDGE_CURVE('',#12196,#12276,#12933,.T.);
#12933 = CIRCLE('',#12934,1.E-002);
#12934 = AXIS2_PLACEMENT_3D('',#12935,#12936,#12937);
#12935 = CARTESIAN_POINT('',(-0.89,1.31,0.13));
#12936 = DIRECTION('',(1.032573497605E-016,-1.,0.E+000));
#12937 = DIRECTION('',(1.,1.032573497605E-016,0.E+000));
#12938 = ORIENTED_EDGE('',*,*,#12195,.F.);
#12939 = CYLINDRICAL_SURFACE('',#12940,1.E-002);
#12940 = AXIS2_PLACEMENT_3D('',#12941,#12942,#12943);
#12941 = CARTESIAN_POINT('',(-0.89,1.5,0.13));
#12942 = DIRECTION('',(9.637352644316E-016,1.,0.E+000));
#12943 = DIRECTION('',(-1.,9.637352644316E-016,0.E+000));
#12944 = ADVANCED_FACE('',(#12945),#12956,.T.);
#12945 = FACE_BOUND('',#12946,.T.);
#12946 = EDGE_LOOP('',(#12947,#12948,#12949));
#12947 = ORIENTED_EDGE('',*,*,#12890,.T.);
#12948 = ORIENTED_EDGE('',*,*,#12924,.T.);
#12949 = ORIENTED_EDGE('',*,*,#12950,.F.);
#12950 = EDGE_CURVE('',#12325,#12188,#12951,.T.);
#12951 = CIRCLE('',#12952,1.E-002);
#12952 = AXIS2_PLACEMENT_3D('',#12953,#12954,#12955);
#12953 = CARTESIAN_POINT('',(-0.89,1.49,0.13));
#12954 = DIRECTION('',(1.,0.E+000,-0.E+000));
#12955 = DIRECTION('',(0.E+000,0.E+000,1.));
#12956 = SPHERICAL_SURFACE('',#12957,1.E-002);
#12957 = AXIS2_PLACEMENT_3D('',#12958,#12959,#12960);
#12958 = CARTESIAN_POINT('',(-0.89,1.49,0.13));
#12959 = DIRECTION('',(0.E+000,1.,0.E+000));
#12960 = DIRECTION('',(1.,0.E+000,0.E+000));
#12961 = ADVANCED_FACE('',(#12962),#12974,.F.);
#12962 = FACE_BOUND('',#12963,.F.);
#12963 = EDGE_LOOP('',(#12964,#12965,#12972,#12973));
#12964 = ORIENTED_EDGE('',*,*,#12932,.F.);
#12965 = ORIENTED_EDGE('',*,*,#12966,.T.);
#12966 = EDGE_CURVE('',#12196,#11391,#12967,.T.);
#12967 = CIRCLE('',#12968,1.E-002);
#12968 = AXIS2_PLACEMENT_3D('',#12969,#12970,#12971);
#12969 = CARTESIAN_POINT('',(-0.89,1.31,0.15));
#12970 = DIRECTION('',(-1.,-0.E+000,0.E+000));
#12971 = DIRECTION('',(0.E+000,-2.168404344971E-014,-1.));
#12972 = ORIENTED_EDGE('',*,*,#11398,.F.);
#12973 = ORIENTED_EDGE('',*,*,#12907,.F.);
#12974 = TOROIDAL_SURFACE('',#12975,2.E-002,1.E-002);
#12975 = AXIS2_PLACEMENT_3D('',#12976,#12977,#12978);
#12976 = CARTESIAN_POINT('',(-0.89,1.31,0.13));
#12977 = DIRECTION('',(1.032573497605E-016,-1.,0.E+000));
#12978 = DIRECTION('',(1.,1.032573497605E-016,0.E+000));
#12979 = ADVANCED_FACE('',(#12980),#12992,.T.);
#12980 = FACE_BOUND('',#12981,.T.);
#12981 = EDGE_LOOP('',(#12982,#12983,#12984,#12991));
#12982 = ORIENTED_EDGE('',*,*,#12950,.T.);
#12983 = ORIENTED_EDGE('',*,*,#12187,.F.);
#12984 = ORIENTED_EDGE('',*,*,#12985,.F.);
#12985 = EDGE_CURVE('',#12253,#12180,#12986,.T.);
#12986 = ( BOUNDED_CURVE() B_SPLINE_CURVE(3,(#12987,#12988,#12989,#12990
),.UNSPECIFIED.,.F.,.F.) B_SPLINE_CURVE_WITH_KNOTS((4,4),(3.14159265359,
4.712388980385),.PIECEWISE_BEZIER_KNOTS.) CURVE() 
GEOMETRIC_REPRESENTATION_ITEM() RATIONAL_B_SPLINE_CURVE((1.,
0.804737854124,0.804737854124,1.)) REPRESENTATION_ITEM('') );
#12987 = CARTESIAN_POINT('',(0.9,1.5,0.13));
#12988 = CARTESIAN_POINT('',(0.9,1.5,0.135857864376));
#12989 = CARTESIAN_POINT('',(0.895857864376,1.495857864376,0.14));
#12990 = CARTESIAN_POINT('',(0.89,1.49,0.14));
#12991 = ORIENTED_EDGE('',*,*,#12332,.F.);
#12992 = CYLINDRICAL_SURFACE('',#12993,1.E-002);
#12993 = AXIS2_PLACEMENT_3D('',#12994,#12995,#12996);
#12994 = CARTESIAN_POINT('',(0.9,1.49,0.13));
#12995 = DIRECTION('',(1.,0.E+000,0.E+000));
#12996 = DIRECTION('',(0.E+000,0.E+000,-1.));
#12997 = ADVANCED_FACE('',(#12998),#13010,.F.);
#12998 = FACE_BOUND('',#12999,.F.);
#12999 = EDGE_LOOP('',(#13000,#13001,#13008,#13009));
#13000 = ORIENTED_EDGE('',*,*,#12203,.T.);
#13001 = ORIENTED_EDGE('',*,*,#13002,.T.);
#13002 = EDGE_CURVE('',#12178,#11382,#13003,.T.);
#13003 = CIRCLE('',#13004,1.E-002);
#13004 = AXIS2_PLACEMENT_3D('',#13005,#13006,#13007);
#13005 = CARTESIAN_POINT('',(0.89,1.31,0.15));
#13006 = DIRECTION('',(-1.,0.E+000,-0.E+000));
#13007 = DIRECTION('',(-0.E+000,0.E+000,1.));
#13008 = ORIENTED_EDGE('',*,*,#11390,.T.);
#13009 = ORIENTED_EDGE('',*,*,#12966,.F.);
#13010 = CYLINDRICAL_SURFACE('',#13011,1.E-002);
#13011 = AXIS2_PLACEMENT_3D('',#13012,#13013,#13014);
#13012 = CARTESIAN_POINT('',(-1.352671281863E-016,1.31,0.15));
#13013 = DIRECTION('',(-1.,-1.032573497605E-016,0.E+000));
#13014 = DIRECTION('',(1.032573497605E-016,-1.,0.E+000));
#13015 = ADVANCED_FACE('',(#13016),#13028,.T.);
#13016 = FACE_BOUND('',#13017,.T.);
#13017 = EDGE_LOOP('',(#13018,#13019,#13020,#13027));
#13018 = ORIENTED_EDGE('',*,*,#12985,.T.);
#13019 = ORIENTED_EDGE('',*,*,#12177,.F.);
#13020 = ORIENTED_EDGE('',*,*,#13021,.F.);
#13021 = EDGE_CURVE('',#12218,#12178,#13022,.T.);
#13022 = CIRCLE('',#13023,1.E-002);
#13023 = AXIS2_PLACEMENT_3D('',#13024,#13025,#13026);
#13024 = CARTESIAN_POINT('',(0.89,1.31,0.13));
#13025 = DIRECTION('',(1.032573497605E-016,-1.,0.E+000));
#13026 = DIRECTION('',(1.,1.032573497605E-016,0.E+000));
#13027 = ORIENTED_EDGE('',*,*,#12260,.F.);
#13028 = CYLINDRICAL_SURFACE('',#13029,1.E-002);
#13029 = AXIS2_PLACEMENT_3D('',#13030,#13031,#13032);
#13030 = CARTESIAN_POINT('',(0.89,1.5,0.13));
#13031 = DIRECTION('',(9.637352644316E-016,-1.,0.E+000));
#13032 = DIRECTION('',(1.,9.637352644316E-016,0.E+000));
#13033 = ADVANCED_FACE('',(#13034),#13046,.F.);
#13034 = FACE_BOUND('',#13035,.F.);
#13035 = EDGE_LOOP('',(#13036,#13037,#13044,#13045));
#13036 = ORIENTED_EDGE('',*,*,#13021,.F.);
#13037 = ORIENTED_EDGE('',*,*,#13038,.T.);
#13038 = EDGE_CURVE('',#12218,#11374,#13039,.T.);
#13039 = CIRCLE('',#13040,1.E-002);
#13040 = AXIS2_PLACEMENT_3D('',#13041,#13042,#13043);
#13041 = CARTESIAN_POINT('',(0.91,1.31,0.13));
#13042 = DIRECTION('',(0.E+000,0.E+000,1.));
#13043 = DIRECTION('',(-1.,0.E+000,0.E+000));
#13044 = ORIENTED_EDGE('',*,*,#11381,.F.);
#13045 = ORIENTED_EDGE('',*,*,#13002,.F.);
#13046 = TOROIDAL_SURFACE('',#13047,2.E-002,1.E-002);
#13047 = AXIS2_PLACEMENT_3D('',#13048,#13049,#13050);
#13048 = CARTESIAN_POINT('',(0.89,1.31,0.13));
#13049 = DIRECTION('',(1.032573497605E-016,-1.,0.E+000));
#13050 = DIRECTION('',(1.,1.032573497605E-016,0.E+000));
#13051 = ADVANCED_FACE('',(#13052),#13058,.F.);
#13052 = FACE_BOUND('',#13053,.F.);
#13053 = EDGE_LOOP('',(#13054,#13055,#13056,#13057));
#13054 = ORIENTED_EDGE('',*,*,#12217,.T.);
#13055 = ORIENTED_EDGE('',*,*,#11171,.T.);
#13056 = ORIENTED_EDGE('',*,*,#11373,.T.);
#13057 = ORIENTED_EDGE('',*,*,#13038,.F.);
#13058 = CYLINDRICAL_SURFACE('',#13059,1.E-002);
#13059 = AXIS2_PLACEMENT_3D('',#13060,#13061,#13062);
#13060 = CARTESIAN_POINT('',(0.91,1.31,-1.E-002));
#13061 = DIRECTION('',(0.E+000,0.E+000,1.));
#13062 = DIRECTION('',(1.,0.E+000,-0.E+000));
#13063 = ADVANCED_FACE('',(#13064),#13076,.T.);
#13064 = FACE_BOUND('',#13065,.T.);
#13065 = EDGE_LOOP('',(#13066,#13067,#13068,#13075));
#13066 = ORIENTED_EDGE('',*,*,#12690,.F.);
#13067 = ORIENTED_EDGE('',*,*,#11773,.F.);
#13068 = ORIENTED_EDGE('',*,*,#13069,.F.);
#13069 = EDGE_CURVE('',#11621,#11765,#13070,.T.);
#13070 = CIRCLE('',#13071,1.E-002);
#13071 = AXIS2_PLACEMENT_3D('',#13072,#13073,#13074);
#13072 = CARTESIAN_POINT('',(1.29,-1.05,0.34));
#13073 = DIRECTION('',(0.E+000,-1.,0.E+000));
#13074 = DIRECTION('',(0.E+000,0.E+000,-1.));
#13075 = ORIENTED_EDGE('',*,*,#11620,.F.);
#13076 = CYLINDRICAL_SURFACE('',#13077,1.E-002);
#13077 = AXIS2_PLACEMENT_3D('',#13078,#13079,#13080);
#13078 = CARTESIAN_POINT('',(1.29,1.05,0.34));
#13079 = DIRECTION('',(0.E+000,1.,0.E+000));
#13080 = DIRECTION('',(0.E+000,-0.E+000,1.));
#13081 = ADVANCED_FACE('',(#13082),#13094,.T.);
#13082 = FACE_BOUND('',#13083,.T.);
#13083 = EDGE_LOOP('',(#13084,#13085,#13086,#13093));
#13084 = ORIENTED_EDGE('',*,*,#13069,.T.);
#13085 = ORIENTED_EDGE('',*,*,#11764,.F.);
#13086 = ORIENTED_EDGE('',*,*,#13087,.F.);
#13087 = EDGE_CURVE('',#11423,#11757,#13088,.T.);
#13088 = CIRCLE('',#13089,1.E-002);
#13089 = AXIS2_PLACEMENT_3D('',#13090,#13091,#13092);
#13090 = CARTESIAN_POINT('',(1.05,-1.29,0.34));
#13091 = DIRECTION('',(-1.,0.E+000,0.E+000));
#13092 = DIRECTION('',(0.E+000,0.E+000,1.));
#13093 = ORIENTED_EDGE('',*,*,#11644,.F.);
#13094 = TOROIDAL_SURFACE('',#13095,0.24,1.E-002);
#13095 = AXIS2_PLACEMENT_3D('',#13096,#13097,#13098);
#13096 = CARTESIAN_POINT('',(1.05,-1.05,0.34));
#13097 = DIRECTION('',(-0.E+000,-0.E+000,-1.));
#13098 = DIRECTION('',(-1.,0.E+000,0.E+000));
#13099 = ADVANCED_FACE('',(#13100),#13112,.T.);
#13100 = FACE_BOUND('',#13101,.T.);
#13101 = EDGE_LOOP('',(#13102,#13103,#13104,#13111));
#13102 = ORIENTED_EDGE('',*,*,#13087,.T.);
#13103 = ORIENTED_EDGE('',*,*,#11756,.F.);
#13104 = ORIENTED_EDGE('',*,*,#13105,.F.);
#13105 = EDGE_CURVE('',#11431,#11748,#13106,.T.);
#13106 = CIRCLE('',#13107,1.E-002);
#13107 = AXIS2_PLACEMENT_3D('',#13108,#13109,#13110);
#13108 = CARTESIAN_POINT('',(-1.05,-1.29,0.34));
#13109 = DIRECTION('',(-1.,0.E+000,0.E+000));
#13110 = DIRECTION('',(0.E+000,0.E+000,1.));
#13111 = ORIENTED_EDGE('',*,*,#11430,.F.);
#13112 = CYLINDRICAL_SURFACE('',#13113,1.E-002);
#13113 = AXIS2_PLACEMENT_3D('',#13114,#13115,#13116);
#13114 = CARTESIAN_POINT('',(-1.05,-1.29,0.34));
#13115 = DIRECTION('',(1.,1.032573497605E-016,0.E+000));
#13116 = DIRECTION('',(-1.032573497605E-016,1.,0.E+000));
#13117 = ADVANCED_FACE('',(#13118),#13130,.T.);
#13118 = FACE_BOUND('',#13119,.T.);
#13119 = EDGE_LOOP('',(#13120,#13121,#13122,#13129));
#13120 = ORIENTED_EDGE('',*,*,#13105,.T.);
#13121 = ORIENTED_EDGE('',*,*,#11747,.F.);
#13122 = ORIENTED_EDGE('',*,*,#13123,.F.);
#13123 = EDGE_CURVE('',#11270,#11740,#13124,.T.);
#13124 = CIRCLE('',#13125,1.E-002);
#13125 = AXIS2_PLACEMENT_3D('',#13126,#13127,#13128);
#13126 = CARTESIAN_POINT('',(-1.29,-1.05,0.34));
#13127 = DIRECTION('',(0.E+000,1.,0.E+000));
#13128 = DIRECTION('',(0.E+000,-0.E+000,1.));
#13129 = ORIENTED_EDGE('',*,*,#11662,.F.);
#13130 = TOROIDAL_SURFACE('',#13131,0.24,1.E-002);
#13131 = AXIS2_PLACEMENT_3D('',#13132,#13133,#13134);
#13132 = CARTESIAN_POINT('',(-1.05,-1.05,0.34));
#13133 = DIRECTION('',(-0.E+000,-0.E+000,-1.));
#13134 = DIRECTION('',(-1.,0.E+000,0.E+000));
#13135 = ADVANCED_FACE('',(#13136),#13148,.T.);
#13136 = FACE_BOUND('',#13137,.T.);
#13137 = EDGE_LOOP('',(#13138,#13139,#13140,#13147));
#13138 = ORIENTED_EDGE('',*,*,#13123,.T.);
#13139 = ORIENTED_EDGE('',*,*,#11739,.F.);
#13140 = ORIENTED_EDGE('',*,*,#13141,.F.);
#13141 = EDGE_CURVE('',#11278,#11731,#13142,.T.);
#13142 = CIRCLE('',#13143,1.E-002);
#13143 = AXIS2_PLACEMENT_3D('',#13144,#13145,#13146);
#13144 = CARTESIAN_POINT('',(-1.29,1.05,0.34));
#13145 = DIRECTION('',(0.E+000,1.,-0.E+000));
#13146 = DIRECTION('',(0.E+000,0.E+000,1.));
#13147 = ORIENTED_EDGE('',*,*,#11277,.F.);
#13148 = CYLINDRICAL_SURFACE('',#13149,1.E-002);
#13149 = AXIS2_PLACEMENT_3D('',#13150,#13151,#13152);
#13150 = CARTESIAN_POINT('',(-1.29,1.05,0.34));
#13151 = DIRECTION('',(2.06514699521E-016,-1.,0.E+000));
#13152 = DIRECTION('',(1.,2.06514699521E-016,0.E+000));
#13153 = ADVANCED_FACE('',(#13154),#13166,.T.);
#13154 = FACE_BOUND('',#13155,.T.);
#13155 = EDGE_LOOP('',(#13156,#13157,#13158,#13165));
#13156 = ORIENTED_EDGE('',*,*,#13141,.T.);
#13157 = ORIENTED_EDGE('',*,*,#11730,.F.);
#13158 = ORIENTED_EDGE('',*,*,#13159,.F.);
#13159 = EDGE_CURVE('',#11351,#11723,#13160,.T.);
#13160 = CIRCLE('',#13161,1.E-002);
#13161 = AXIS2_PLACEMENT_3D('',#13162,#13163,#13164);
#13162 = CARTESIAN_POINT('',(-1.05,1.29,0.34));
#13163 = DIRECTION('',(1.,0.E+000,0.E+000));
#13164 = DIRECTION('',(0.E+000,0.E+000,-1.));
#13165 = ORIENTED_EDGE('',*,*,#11680,.F.);
#13166 = TOROIDAL_SURFACE('',#13167,0.24,1.E-002);
#13167 = AXIS2_PLACEMENT_3D('',#13168,#13169,#13170);
#13168 = CARTESIAN_POINT('',(-1.05,1.05,0.34));
#13169 = DIRECTION('',(-0.E+000,-0.E+000,-1.));
#13170 = DIRECTION('',(-1.,0.E+000,0.E+000));
#13171 = ADVANCED_FACE('',(#13172),#13184,.T.);
#13172 = FACE_BOUND('',#13173,.T.);
#13173 = EDGE_LOOP('',(#13174,#13175,#13176,#13183));
#13174 = ORIENTED_EDGE('',*,*,#13159,.T.);
#13175 = ORIENTED_EDGE('',*,*,#11722,.F.);
#13176 = ORIENTED_EDGE('',*,*,#13177,.F.);
#13177 = EDGE_CURVE('',#11359,#11714,#13178,.T.);
#13178 = CIRCLE('',#13179,1.E-002);
#13179 = AXIS2_PLACEMENT_3D('',#13180,#13181,#13182);
#13180 = CARTESIAN_POINT('',(1.05,1.29,0.34));
#13181 = DIRECTION('',(1.,0.E+000,0.E+000));
#13182 = DIRECTION('',(0.E+000,0.E+000,-1.));
#13183 = ORIENTED_EDGE('',*,*,#11358,.F.);
#13184 = CYLINDRICAL_SURFACE('',#13185,1.E-002);
#13185 = AXIS2_PLACEMENT_3D('',#13186,#13187,#13188);
#13186 = CARTESIAN_POINT('',(-1.05,1.29,0.34));
#13187 = DIRECTION('',(-1.,-1.032573497605E-016,0.E+000));
#13188 = DIRECTION('',(1.032573497605E-016,-1.,0.E+000));
#13189 = ADVANCED_FACE('',(#13190),#13202,.T.);
#13190 = FACE_BOUND('',#13191,.T.);
#13191 = EDGE_LOOP('',(#13192,#13193,#13194,#13201));
#13192 = ORIENTED_EDGE('',*,*,#13177,.T.);
#13193 = ORIENTED_EDGE('',*,*,#11713,.F.);
#13194 = ORIENTED_EDGE('',*,*,#13195,.F.);
#13195 = EDGE_CURVE('',#11580,#11706,#13196,.T.);
#13196 = CIRCLE('',#13197,1.E-002);
#13197 = AXIS2_PLACEMENT_3D('',#13198,#13199,#13200);
#13198 = CARTESIAN_POINT('',(1.29,1.05,0.34));
#13199 = DIRECTION('',(0.E+000,-1.,0.E+000));
#13200 = DIRECTION('',(0.E+000,0.E+000,-1.));
#13201 = ORIENTED_EDGE('',*,*,#11579,.F.);
#13202 = TOROIDAL_SURFACE('',#13203,0.24,1.E-002);
#13203 = AXIS2_PLACEMENT_3D('',#13204,#13205,#13206);
#13204 = CARTESIAN_POINT('',(1.05,1.05,0.34));
#13205 = DIRECTION('',(-0.E+000,-0.E+000,-1.));
#13206 = DIRECTION('',(-1.,0.E+000,0.E+000));
#13207 = ADVANCED_FACE('',(#13208),#13214,.T.);
#13208 = FACE_BOUND('',#13209,.T.);
#13209 = EDGE_LOOP('',(#13210,#13211,#13212,#13213));
#13210 = ORIENTED_EDGE('',*,*,#12656,.F.);
#13211 = ORIENTED_EDGE('',*,*,#11604,.F.);
#13212 = ORIENTED_EDGE('',*,*,#13195,.T.);
#13213 = ORIENTED_EDGE('',*,*,#11705,.F.);
#13214 = CYLINDRICAL_SURFACE('',#13215,1.E-002);
#13215 = AXIS2_PLACEMENT_3D('',#13216,#13217,#13218);
#13216 = CARTESIAN_POINT('',(1.29,1.05,0.34));
#13217 = DIRECTION('',(0.E+000,1.,0.E+000));
#13218 = DIRECTION('',(0.E+000,-0.E+000,1.));
#13219 = ADVANCED_FACE('',(#13220),#13245,.T.);
#13220 = FACE_BOUND('',#13221,.T.);
#13221 = EDGE_LOOP('',(#13222,#13223,#13224,#13243,#13244));
#13222 = ORIENTED_EDGE('',*,*,#11079,.F.);
#13223 = ORIENTED_EDGE('',*,*,#12823,.F.);
#13224 = ORIENTED_EDGE('',*,*,#13225,.F.);
#13225 = EDGE_CURVE('',#12571,#12824,#13226,.T.);
#13226 = B_SPLINE_CURVE_WITH_KNOTS('',3,(#13227,#13228,#13229,#13230,
    #13231,#13232,#13233,#13234,#13235,#13236,#13237,#13238,#13239,
    #13240,#13241,#13242),.UNSPECIFIED.,.F.,.F.,(4,3,3,3,3,4),(
    3.388131789017E-021,3.003241378617E-006,6.660419858604E-006,
    1.277780600409E-005,1.383244825666E-005,1.446493901208E-005),
  .UNSPECIFIED.);
#13227 = CARTESIAN_POINT('',(0.449634330441,-0.292679491924,-1.E-002));
#13228 = CARTESIAN_POINT('',(0.44936609174,-0.293643965919,-1.E-002));
#13229 = CARTESIAN_POINT('',(0.448942205034,-0.294578432862,
    -9.855108772969E-003));
#13230 = CARTESIAN_POINT('',(0.448419694972,-0.295400123307,
    -9.622794041706E-003));
#13231 = CARTESIAN_POINT('',(0.447782716025,-0.296401825577,
    -9.339584963347E-003));
#13232 = CARTESIAN_POINT('',(0.446983936007,-0.297273169538,
    -8.924410300049E-003));
#13233 = CARTESIAN_POINT('',(0.446122317182,-0.298004705591,
    -8.464165796315E-003));
#13234 = CARTESIAN_POINT('',(0.444684946518,-0.299225069436,
    -7.696376225044E-003));
#13235 = CARTESIAN_POINT('',(0.44303475311,-0.30011621495,
    -6.790111161523E-003));
#13236 = CARTESIAN_POINT('',(0.441381161798,-0.300807978223,
    -5.824749822006E-003));
#13237 = CARTESIAN_POINT('',(0.441093647075,-0.300928257113,
    -5.656899642334E-003));
#13238 = CARTESIAN_POINT('',(0.440805130227,-0.301042591229,
    -5.486388547806E-003));
#13239 = CARTESIAN_POINT('',(0.440516311701,-0.301151331629,
    -5.312996520379E-003));
#13240 = CARTESIAN_POINT('',(0.440344294031,-0.301216096416,
    -5.209725815662E-003));
#13241 = CARTESIAN_POINT('',(0.440172113481,-0.301278864223,
    -5.105450266241E-003));
#13242 = CARTESIAN_POINT('',(0.44,-0.301339745962,-5.E-003));
#13243 = ORIENTED_EDGE('',*,*,#12570,.F.);
#13244 = ORIENTED_EDGE('',*,*,#12416,.F.);
#13245 = TOROIDAL_SURFACE('',#13246,2.E-002,1.E-002);
#13246 = AXIS2_PLACEMENT_3D('',#13247,#13248,#13249);
#13247 = CARTESIAN_POINT('',(0.44,-0.31,-1.E-002));
#13248 = DIRECTION('',(-1.,0.E+000,-0.E+000));
#13249 = DIRECTION('',(0.E+000,0.E+000,1.));
#13250 = ADVANCED_FACE('',(#13251),#13272,.T.);
#13251 = FACE_BOUND('',#13252,.T.);
#13252 = EDGE_LOOP('',(#13253,#13254,#13255,#13271));
#13253 = ORIENTED_EDGE('',*,*,#13225,.T.);
#13254 = ORIENTED_EDGE('',*,*,#12832,.F.);
#13255 = ORIENTED_EDGE('',*,*,#13256,.F.);
#13256 = EDGE_CURVE('',#12580,#12802,#13257,.T.);
#13257 = B_SPLINE_CURVE_WITH_KNOTS('',3,(#13258,#13259,#13260,#13261,
    #13262,#13263,#13264,#13265,#13266,#13267,#13268,#13269,#13270),
  .UNSPECIFIED.,.F.,.F.,(4,3,3,3,4),(-8.952098438515E-007,0.E+000,
    2.898456203172E-006,6.399810919943E-006,9.908398966066E-006),
  .UNSPECIFIED.);
#13258 = CARTESIAN_POINT('',(-1.3,-0.292679491924,-1.E-002));
#13259 = CARTESIAN_POINT('',(-1.30007808436,-0.292967497742,-1.E-002));
#13260 = CARTESIAN_POINT('',(-1.300155367965,-0.293255989056,
    -9.987517496392E-003));
#13261 = CARTESIAN_POINT('',(-1.300234049311,-0.293542757804,
    -9.962668966755E-003));
#13262 = CARTESIAN_POINT('',(-1.300488799008,-0.294471240283,
    -9.88221590275E-003));
#13263 = CARTESIAN_POINT('',(-1.300752503166,-0.295394729668,
    -9.669221072018E-003));
#13264 = CARTESIAN_POINT('',(-1.301011537386,-0.296263669694,
    -9.335613036431E-003));
#13265 = CARTESIAN_POINT('',(-1.301323123944,-0.297308898517,
    -8.934323276884E-003));
#13266 = CARTESIAN_POINT('',(-1.30163568453,-0.298299822401,
    -8.347543631074E-003));
#13267 = CARTESIAN_POINT('',(-1.301920332281,-0.299158141274,
    -7.617552318983E-003));
#13268 = CARTESIAN_POINT('',(-1.302205350898,-0.300017578449,
    -6.886609903591E-003));
#13269 = CARTESIAN_POINT('',(-1.302470003318,-0.300767413168,
    -5.991309478375E-003));
#13270 = CARTESIAN_POINT('',(-1.302679491681,-0.301339745962,-5.E-003));
#13271 = ORIENTED_EDGE('',*,*,#12579,.F.);
#13272 = CYLINDRICAL_SURFACE('',#13273,1.E-002);
#13273 = AXIS2_PLACEMENT_3D('',#13274,#13275,#13276);
#13274 = CARTESIAN_POINT('',(-1.05,-0.292679491924,0.E+000));
#13275 = DIRECTION('',(1.,0.E+000,0.E+000));
#13276 = DIRECTION('',(0.E+000,0.E+000,-1.));
#13277 = ADVANCED_FACE('',(#13278),#13291,.T.);
#13278 = FACE_BOUND('',#13279,.T.);
#13279 = EDGE_LOOP('',(#13280,#13281,#13282,#13289,#13290));
#13280 = ORIENTED_EDGE('',*,*,#12801,.F.);
#13281 = ORIENTED_EDGE('',*,*,#12846,.F.);
#13282 = ORIENTED_EDGE('',*,*,#13283,.F.);
#13283 = EDGE_CURVE('',#12588,#12448,#13284,.T.);
#13284 = CIRCLE('',#13285,1.E-002);
#13285 = AXIS2_PLACEMENT_3D('',#13286,#13287,#13288);
#13286 = CARTESIAN_POINT('',(-1.31,-0.29,0.E+000));
#13287 = DIRECTION('',(-1.,0.E+000,-0.E+000));
#13288 = DIRECTION('',(-0.E+000,0.E+000,1.));
#13289 = ORIENTED_EDGE('',*,*,#12587,.F.);
#13290 = ORIENTED_EDGE('',*,*,#13256,.T.);
#13291 = TOROIDAL_SURFACE('',#13292,2.E-002,1.E-002);
#13292 = AXIS2_PLACEMENT_3D('',#13293,#13294,#13295);
#13293 = CARTESIAN_POINT('',(-1.31,-0.31,0.E+000));
#13294 = DIRECTION('',(0.E+000,0.E+000,-1.));
#13295 = DIRECTION('',(-1.,0.E+000,0.E+000));
#13296 = ADVANCED_FACE('',(#13297),#13309,.T.);
#13297 = FACE_BOUND('',#13298,.T.);
#13298 = EDGE_LOOP('',(#13299,#13300,#13301,#13308));
#13299 = ORIENTED_EDGE('',*,*,#12561,.F.);
#13300 = ORIENTED_EDGE('',*,*,#12513,.F.);
#13301 = ORIENTED_EDGE('',*,*,#13302,.F.);
#13302 = EDGE_CURVE('',#12536,#12506,#13303,.T.);
#13303 = CIRCLE('',#13304,1.E-002);
#13304 = AXIS2_PLACEMENT_3D('',#13305,#13306,#13307);
#13305 = CARTESIAN_POINT('',(-1.54,0.29,0.13));
#13306 = DIRECTION('',(0.E+000,-0.E+000,1.));
#13307 = DIRECTION('',(1.,0.E+000,0.E+000));
#13308 = ORIENTED_EDGE('',*,*,#12535,.F.);
#13309 = CYLINDRICAL_SURFACE('',#13310,1.E-002);
#13310 = AXIS2_PLACEMENT_3D('',#13311,#13312,#13313);
#13311 = CARTESIAN_POINT('',(-1.54,0.29,-1.E-002));
#13312 = DIRECTION('',(0.E+000,0.E+000,1.));
#13313 = DIRECTION('',(1.,0.E+000,-0.E+000));
#13314 = ADVANCED_FACE('',(#13315),#13327,.T.);
#13315 = FACE_BOUND('',#13316,.T.);
#13316 = EDGE_LOOP('',(#13317,#13318,#13319,#13326));
#13317 = ORIENTED_EDGE('',*,*,#11300,.F.);
#13318 = ORIENTED_EDGE('',*,*,#12543,.F.);
#13319 = ORIENTED_EDGE('',*,*,#13320,.F.);
#13320 = EDGE_CURVE('',#12394,#12536,#13321,.T.);
#13321 = CIRCLE('',#13322,1.E-002);
#13322 = AXIS2_PLACEMENT_3D('',#13323,#13324,#13325);
#13323 = CARTESIAN_POINT('',(-1.54,0.29,0.13));
#13324 = DIRECTION('',(-1.,4.336808689942E-014,0.E+000));
#13325 = DIRECTION('',(-4.336808689942E-014,-1.,0.E+000));
#13326 = ORIENTED_EDGE('',*,*,#12393,.F.);
#13327 = CYLINDRICAL_SURFACE('',#13328,1.E-002);
#13328 = AXIS2_PLACEMENT_3D('',#13329,#13330,#13331);
#13329 = CARTESIAN_POINT('',(0.45,0.29,0.13));
#13330 = DIRECTION('',(1.,0.E+000,0.E+000));
#13331 = DIRECTION('',(0.E+000,0.E+000,-1.));
#13332 = ADVANCED_FACE('',(#13333),#13345,.T.);
#13333 = FACE_BOUND('',#13334,.T.);
#13334 = EDGE_LOOP('',(#13335,#13336,#13337,#13344));
#13335 = ORIENTED_EDGE('',*,*,#13283,.T.);
#13336 = ORIENTED_EDGE('',*,*,#12473,.F.);
#13337 = ORIENTED_EDGE('',*,*,#13338,.F.);
#13338 = EDGE_CURVE('',#12488,#12466,#13339,.T.);
#13339 = ( BOUNDED_CURVE() B_SPLINE_CURVE(3,(#13340,#13341,#13342,#13343
),.UNSPECIFIED.,.F.,.F.) B_SPLINE_CURVE_WITH_KNOTS((4,4),(3.14159265359,
4.712388980385),.PIECEWISE_BEZIER_KNOTS.) CURVE() 
GEOMETRIC_REPRESENTATION_ITEM() RATIONAL_B_SPLINE_CURVE((1.,
0.804737854124,0.804737854124,1.)) REPRESENTATION_ITEM('') );
#13340 = CARTESIAN_POINT('',(-1.55,-0.29,-1.E-002));
#13341 = CARTESIAN_POINT('',(-1.55,-0.295857864376,-1.E-002));
#13342 = CARTESIAN_POINT('',(-1.545857864376,-0.3,-5.857864376269E-003)
  );
#13343 = CARTESIAN_POINT('',(-1.54,-0.3,0.E+000));
#13344 = ORIENTED_EDGE('',*,*,#12596,.F.);
#13345 = CYLINDRICAL_SURFACE('',#13346,1.E-002);
#13346 = AXIS2_PLACEMENT_3D('',#13347,#13348,#13349);
#13347 = CARTESIAN_POINT('',(0.E+000,-0.29,0.E+000));
#13348 = DIRECTION('',(1.,-0.E+000,0.E+000));
#13349 = DIRECTION('',(0.E+000,0.E+000,-1.));
#13350 = ADVANCED_FACE('',(#13351),#13362,.T.);
#13351 = FACE_BOUND('',#13352,.T.);
#13352 = EDGE_LOOP('',(#13353,#13354,#13355));
#13353 = ORIENTED_EDGE('',*,*,#13320,.T.);
#13354 = ORIENTED_EDGE('',*,*,#13302,.T.);
#13355 = ORIENTED_EDGE('',*,*,#13356,.F.);
#13356 = EDGE_CURVE('',#12394,#12506,#13357,.T.);
#13357 = CIRCLE('',#13358,1.E-002);
#13358 = AXIS2_PLACEMENT_3D('',#13359,#13360,#13361);
#13359 = CARTESIAN_POINT('',(-1.54,0.29,0.13));
#13360 = DIRECTION('',(0.E+000,-1.,0.E+000));
#13361 = DIRECTION('',(0.E+000,0.E+000,1.));
#13362 = SPHERICAL_SURFACE('',#13363,1.E-002);
#13363 = AXIS2_PLACEMENT_3D('',#13364,#13365,#13366);
#13364 = CARTESIAN_POINT('',(-1.54,0.29,0.13));
#13365 = DIRECTION('',(0.E+000,1.,0.E+000));
#13366 = DIRECTION('',(1.,0.E+000,0.E+000));
#13367 = ADVANCED_FACE('',(#13368),#13380,.T.);
#13368 = FACE_BOUND('',#13369,.T.);
#13369 = EDGE_LOOP('',(#13370,#13371,#13372,#13379));
#13370 = ORIENTED_EDGE('',*,*,#13338,.T.);
#13371 = ORIENTED_EDGE('',*,*,#12465,.F.);
#13372 = ORIENTED_EDGE('',*,*,#13373,.F.);
#13373 = EDGE_CURVE('',#12498,#12458,#13374,.T.);
#13374 = CIRCLE('',#13375,1.E-002);
#13375 = AXIS2_PLACEMENT_3D('',#13376,#13377,#13378);
#13376 = CARTESIAN_POINT('',(-1.54,-0.29,0.13));
#13377 = DIRECTION('',(0.E+000,0.E+000,1.));
#13378 = DIRECTION('',(1.,0.E+000,-0.E+000));
#13379 = ORIENTED_EDGE('',*,*,#12497,.F.);
#13380 = CYLINDRICAL_SURFACE('',#13381,1.E-002);
#13381 = AXIS2_PLACEMENT_3D('',#13382,#13383,#13384);
#13382 = CARTESIAN_POINT('',(-1.54,-0.29,-1.E-002));
#13383 = DIRECTION('',(0.E+000,0.E+000,1.));
#13384 = DIRECTION('',(1.,0.E+000,-0.E+000));
#13385 = ADVANCED_FACE('',(#13386),#13398,.T.);
#13386 = FACE_BOUND('',#13387,.T.);
#13387 = EDGE_LOOP('',(#13388,#13389,#13390,#13397));
#13388 = ORIENTED_EDGE('',*,*,#13356,.T.);
#13389 = ORIENTED_EDGE('',*,*,#12505,.F.);
#13390 = ORIENTED_EDGE('',*,*,#13391,.F.);
#13391 = EDGE_CURVE('',#12376,#12498,#13392,.T.);
#13392 = CIRCLE('',#13393,1.E-002);
#13393 = AXIS2_PLACEMENT_3D('',#13394,#13395,#13396);
#13394 = CARTESIAN_POINT('',(-1.54,-0.29,0.13));
#13395 = DIRECTION('',(-5.421010862428E-015,-1.,0.E+000));
#13396 = DIRECTION('',(1.,-5.421010862428E-015,0.E+000));
#13397 = ORIENTED_EDGE('',*,*,#12401,.F.);
#13398 = CYLINDRICAL_SURFACE('',#13399,1.E-002);
#13399 = AXIS2_PLACEMENT_3D('',#13400,#13401,#13402);
#13400 = CARTESIAN_POINT('',(-1.54,0.3,0.13));
#13401 = DIRECTION('',(-0.E+000,1.,0.E+000));
#13402 = DIRECTION('',(0.E+000,0.E+000,1.));
#13403 = ADVANCED_FACE('',(#13404),#13415,.T.);
#13404 = FACE_BOUND('',#13405,.T.);
#13405 = EDGE_LOOP('',(#13406,#13407,#13408));
#13406 = ORIENTED_EDGE('',*,*,#13391,.T.);
#13407 = ORIENTED_EDGE('',*,*,#13373,.T.);
#13408 = ORIENTED_EDGE('',*,*,#13409,.F.);
#13409 = EDGE_CURVE('',#12376,#12458,#13410,.T.);
#13410 = CIRCLE('',#13411,1.E-002);
#13411 = AXIS2_PLACEMENT_3D('',#13412,#13413,#13414);
#13412 = CARTESIAN_POINT('',(-1.54,-0.29,0.13));
#13413 = DIRECTION('',(1.,0.E+000,-0.E+000));
#13414 = DIRECTION('',(0.E+000,-5.421010862428E-015,1.));
#13415 = SPHERICAL_SURFACE('',#13416,1.E-002);
#13416 = AXIS2_PLACEMENT_3D('',#13417,#13418,#13419);
#13417 = CARTESIAN_POINT('',(-1.54,-0.29,0.13));
#13418 = DIRECTION('',(0.E+000,1.,0.E+000));
#13419 = DIRECTION('',(1.,0.E+000,0.E+000));
#13420 = ADVANCED_FACE('',(#13421),#13433,.T.);
#13421 = FACE_BOUND('',#13422,.T.);
#13422 = EDGE_LOOP('',(#13423,#13424,#13425,#13432));
#13423 = ORIENTED_EDGE('',*,*,#13409,.T.);
#13424 = ORIENTED_EDGE('',*,*,#12457,.F.);
#13425 = ORIENTED_EDGE('',*,*,#13426,.F.);
#13426 = EDGE_CURVE('',#12378,#12450,#13427,.T.);
#13427 = CIRCLE('',#13428,1.E-002);
#13428 = AXIS2_PLACEMENT_3D('',#13429,#13430,#13431);
#13429 = CARTESIAN_POINT('',(-1.31,-0.29,0.13));
#13430 = DIRECTION('',(1.,0.E+000,0.E+000));
#13431 = DIRECTION('',(0.E+000,-0.E+000,-1.));
#13432 = ORIENTED_EDGE('',*,*,#12375,.F.);
#13433 = CYLINDRICAL_SURFACE('',#13434,1.E-002);
#13434 = AXIS2_PLACEMENT_3D('',#13435,#13436,#13437);
#13435 = CARTESIAN_POINT('',(0.45,-0.29,0.13));
#13436 = DIRECTION('',(-1.,0.E+000,0.E+000));
#13437 = DIRECTION('',(0.E+000,0.E+000,1.));
#13438 = ADVANCED_FACE('',(#13439),#13445,.T.);
#13439 = FACE_BOUND('',#13440,.T.);
#13440 = EDGE_LOOP('',(#13441,#13442,#13443,#13444));
#13441 = ORIENTED_EDGE('',*,*,#13426,.T.);
#13442 = ORIENTED_EDGE('',*,*,#12854,.F.);
#13443 = ORIENTED_EDGE('',*,*,#11317,.F.);
#13444 = ORIENTED_EDGE('',*,*,#12385,.F.);
#13445 = TOROIDAL_SURFACE('',#13446,2.E-002,1.E-002);
#13446 = AXIS2_PLACEMENT_3D('',#13447,#13448,#13449);
#13447 = CARTESIAN_POINT('',(-1.31,-0.31,0.13));
#13448 = DIRECTION('',(0.E+000,0.E+000,-1.));
#13449 = DIRECTION('',(-1.,0.E+000,0.E+000));
#13450 = ADVANCED_FACE('',(#13451),#13457,.T.);
#13451 = FACE_BOUND('',#13452,.T.);
#13452 = EDGE_LOOP('',(#13453,#13454,#13455,#13456));
#13453 = ORIENTED_EDGE('',*,*,#10727,.F.);
#13454 = ORIENTED_EDGE('',*,*,#11954,.F.);
#13455 = ORIENTED_EDGE('',*,*,#10745,.T.);
#13456 = ORIENTED_EDGE('',*,*,#10817,.F.);
#13457 = TOROIDAL_SURFACE('',#13458,0.86,1.E-002);
#13458 = AXIS2_PLACEMENT_3D('',#13459,#13460,#13461);
#13459 = CARTESIAN_POINT('',(0.E+000,0.E+000,1.24));
#13460 = DIRECTION('',(0.E+000,0.E+000,1.));
#13461 = DIRECTION('',(1.,0.E+000,-0.E+000));
#13462 = ADVANCED_FACE('',(#13463),#13469,.T.);
#13463 = FACE_BOUND('',#13464,.T.);
#13464 = EDGE_LOOP('',(#13465,#13466,#13467,#13468));
#13465 = ORIENTED_EDGE('',*,*,#10683,.F.);
#13466 = ORIENTED_EDGE('',*,*,#11503,.F.);
#13467 = ORIENTED_EDGE('',*,*,#10701,.T.);
#13468 = ORIENTED_EDGE('',*,*,#11527,.F.);
#13469 = TOROIDAL_SURFACE('',#13470,0.99,1.E-002);
#13470 = AXIS2_PLACEMENT_3D('',#13471,#13472,#13473);
#13471 = CARTESIAN_POINT('',(0.E+000,0.E+000,0.705146178953));
#13472 = DIRECTION('',(0.E+000,0.E+000,-1.));
#13473 = DIRECTION('',(-1.,0.E+000,0.E+000));
#13474 = ADVANCED_FACE('',(#13475),#13481,.T.);
#13475 = FACE_BOUND('',#13476,.T.);
#13476 = EDGE_LOOP('',(#13477,#13478,#13479,#13480));
#13477 = ORIENTED_EDGE('',*,*,#10639,.F.);
#13478 = ORIENTED_EDGE('',*,*,#11563,.F.);
#13479 = ORIENTED_EDGE('',*,*,#10657,.T.);
#13480 = ORIENTED_EDGE('',*,*,#11806,.F.);
#13481 = TOROIDAL_SURFACE('',#13482,0.99,1.E-002);
#13482 = AXIS2_PLACEMENT_3D('',#13483,#13484,#13485);
#13483 = CARTESIAN_POINT('',(0.E+000,0.E+000,0.494853821047));
#13484 = DIRECTION('',(0.E+000,0.E+000,-1.));
#13485 = DIRECTION('',(-1.,0.E+000,0.E+000));
#13486 = ADVANCED_FACE('',(#13487),#13499,.T.);
#13487 = FACE_BOUND('',#13488,.T.);
#13488 = EDGE_LOOP('',(#13489,#13490,#13491,#13498));
#13489 = ORIENTED_EDGE('',*,*,#11823,.F.);
#13490 = ORIENTED_EDGE('',*,*,#12682,.F.);
#13491 = ORIENTED_EDGE('',*,*,#13492,.F.);
#13492 = EDGE_CURVE('',#12706,#12675,#13493,.T.);
#13493 = CIRCLE('',#13494,1.E-002);
#13494 = AXIS2_PLACEMENT_3D('',#13495,#13496,#13497);
#13495 = CARTESIAN_POINT('',(1.54,-0.29,0.48));
#13496 = DIRECTION('',(1.,0.E+000,0.E+000));
#13497 = DIRECTION('',(0.E+000,-0.E+000,-1.));
#13498 = ORIENTED_EDGE('',*,*,#12723,.F.);
#13499 = CYLINDRICAL_SURFACE('',#13500,1.E-002);
#13500 = AXIS2_PLACEMENT_3D('',#13501,#13502,#13503);
#13501 = CARTESIAN_POINT('',(0.E+000,-0.29,0.48));
#13502 = DIRECTION('',(1.,0.E+000,0.E+000));
#13503 = DIRECTION('',(0.E+000,0.E+000,-1.));
#13504 = ADVANCED_FACE('',(#13505),#13523,.T.);
#13505 = FACE_BOUND('',#13506,.T.);
#13506 = EDGE_LOOP('',(#13507,#13514,#13515,#13522));
#13507 = ORIENTED_EDGE('',*,*,#13508,.F.);
#13508 = EDGE_CURVE('',#12708,#12756,#13509,.T.);
#13509 = CIRCLE('',#13510,1.E-002);
#13510 = AXIS2_PLACEMENT_3D('',#13511,#13512,#13513);
#13511 = CARTESIAN_POINT('',(1.54,0.29,0.48));
#13512 = DIRECTION('',(0.E+000,1.,0.E+000));
#13513 = DIRECTION('',(0.E+000,-0.E+000,1.));
#13514 = ORIENTED_EDGE('',*,*,#12705,.F.);
#13515 = ORIENTED_EDGE('',*,*,#13516,.F.);
#13516 = EDGE_CURVE('',#12738,#12706,#13517,.T.);
#13517 = CIRCLE('',#13518,1.E-002);
#13518 = AXIS2_PLACEMENT_3D('',#13519,#13520,#13521);
#13519 = CARTESIAN_POINT('',(1.54,-0.29,0.48));
#13520 = DIRECTION('',(0.E+000,-1.,0.E+000));
#13521 = DIRECTION('',(0.E+000,0.E+000,-1.));
#13522 = ORIENTED_EDGE('',*,*,#12763,.F.);
#13523 = CYLINDRICAL_SURFACE('',#13524,1.E-002);
#13524 = AXIS2_PLACEMENT_3D('',#13525,#13526,#13527);
#13525 = CARTESIAN_POINT('',(1.54,0.E+000,0.48));
#13526 = DIRECTION('',(0.E+000,1.,0.E+000));
#13527 = DIRECTION('',(0.E+000,-0.E+000,1.));
#13528 = ADVANCED_FACE('',(#13529),#13541,.T.);
#13529 = FACE_BOUND('',#13530,.T.);
#13530 = EDGE_LOOP('',(#13531,#13532,#13533,#13540));
#13531 = ORIENTED_EDGE('',*,*,#10901,.F.);
#13532 = ORIENTED_EDGE('',*,*,#12715,.F.);
#13533 = ORIENTED_EDGE('',*,*,#13534,.F.);
#13534 = EDGE_CURVE('',#12642,#12708,#13535,.T.);
#13535 = CIRCLE('',#13536,1.E-002);
#13536 = AXIS2_PLACEMENT_3D('',#13537,#13538,#13539);
#13537 = CARTESIAN_POINT('',(1.54,0.29,0.48));
#13538 = DIRECTION('',(1.,0.E+000,0.E+000));
#13539 = DIRECTION('',(0.E+000,0.E+000,-1.));
#13540 = ORIENTED_EDGE('',*,*,#12641,.F.);
#13541 = CYLINDRICAL_SURFACE('',#13542,1.E-002);
#13542 = AXIS2_PLACEMENT_3D('',#13543,#13544,#13545);
#13543 = CARTESIAN_POINT('',(0.E+000,0.29,0.48));
#13544 = DIRECTION('',(-1.,0.E+000,-0.E+000));
#13545 = DIRECTION('',(0.E+000,0.E+000,1.));
#13546 = ADVANCED_FACE('',(#13547),#13558,.T.);
#13547 = FACE_BOUND('',#13548,.T.);
#13548 = EDGE_LOOP('',(#13549,#13550,#13551));
#13549 = ORIENTED_EDGE('',*,*,#13516,.T.);
#13550 = ORIENTED_EDGE('',*,*,#13492,.T.);
#13551 = ORIENTED_EDGE('',*,*,#13552,.F.);
#13552 = EDGE_CURVE('',#12738,#12675,#13553,.T.);
#13553 = CIRCLE('',#13554,1.E-002);
#13554 = AXIS2_PLACEMENT_3D('',#13555,#13556,#13557);
#13555 = CARTESIAN_POINT('',(1.54,-0.29,0.48));
#13556 = DIRECTION('',(0.E+000,-0.E+000,-1.));
#13557 = DIRECTION('',(1.,-5.421010862428E-015,0.E+000));
#13558 = SPHERICAL_SURFACE('',#13559,1.E-002);
#13559 = AXIS2_PLACEMENT_3D('',#13560,#13561,#13562);
#13560 = CARTESIAN_POINT('',(1.54,-0.29,0.48));
#13561 = DIRECTION('',(0.E+000,1.,0.E+000));
#13562 = DIRECTION('',(1.,0.E+000,0.E+000));
#13563 = ADVANCED_FACE('',(#13564),#13575,.T.);
#13564 = FACE_BOUND('',#13565,.T.);
#13565 = EDGE_LOOP('',(#13566,#13567,#13568));
#13566 = ORIENTED_EDGE('',*,*,#13534,.T.);
#13567 = ORIENTED_EDGE('',*,*,#13508,.T.);
#13568 = ORIENTED_EDGE('',*,*,#13569,.F.);
#13569 = EDGE_CURVE('',#12642,#12756,#13570,.T.);
#13570 = CIRCLE('',#13571,1.E-002);
#13571 = AXIS2_PLACEMENT_3D('',#13572,#13573,#13574);
#13572 = CARTESIAN_POINT('',(1.54,0.29,0.48));
#13573 = DIRECTION('',(0.E+000,0.E+000,-1.));
#13574 = DIRECTION('',(1.,0.E+000,0.E+000));
#13575 = SPHERICAL_SURFACE('',#13576,1.E-002);
#13576 = AXIS2_PLACEMENT_3D('',#13577,#13578,#13579);
#13577 = CARTESIAN_POINT('',(1.54,0.29,0.48));
#13578 = DIRECTION('',(0.E+000,1.,0.E+000));
#13579 = DIRECTION('',(1.,0.E+000,0.E+000));
#13580 = ADVANCED_FACE('',(#13581),#13593,.T.);
#13581 = FACE_BOUND('',#13582,.T.);
#13582 = EDGE_LOOP('',(#13583,#13584,#13585,#13592));
#13583 = ORIENTED_EDGE('',*,*,#13552,.T.);
#13584 = ORIENTED_EDGE('',*,*,#12674,.F.);
#13585 = ORIENTED_EDGE('',*,*,#13586,.F.);
#13586 = EDGE_CURVE('',#12740,#12619,#13587,.T.);
#13587 = ( BOUNDED_CURVE() B_SPLINE_CURVE(3,(#13588,#13589,#13590,#13591
),.UNSPECIFIED.,.F.,.F.) B_SPLINE_CURVE_WITH_KNOTS((4,4),(1.570796326795
,3.14159265359),.PIECEWISE_BEZIER_KNOTS.) CURVE() 
GEOMETRIC_REPRESENTATION_ITEM() RATIONAL_B_SPLINE_CURVE((1.,
0.804737854124,0.804737854124,1.)) REPRESENTATION_ITEM('') );
#13588 = CARTESIAN_POINT('',(1.55,-0.29,0.35));
#13589 = CARTESIAN_POINT('',(1.55,-0.295857864376,0.344142135624));
#13590 = CARTESIAN_POINT('',(1.545857864376,-0.3,0.34));
#13591 = CARTESIAN_POINT('',(1.54,-0.3,0.34));
#13592 = ORIENTED_EDGE('',*,*,#12737,.F.);
#13593 = CYLINDRICAL_SURFACE('',#13594,1.E-002);
#13594 = AXIS2_PLACEMENT_3D('',#13595,#13596,#13597);
#13595 = CARTESIAN_POINT('',(1.54,-0.29,0.34));
#13596 = DIRECTION('',(0.E+000,0.E+000,1.));
#13597 = DIRECTION('',(1.,0.E+000,-0.E+000));
#13598 = ADVANCED_FACE('',(#13599),#13611,.T.);
#13599 = FACE_BOUND('',#13600,.T.);
#13600 = EDGE_LOOP('',(#13601,#13602,#13603,#13610));
#13601 = ORIENTED_EDGE('',*,*,#13569,.T.);
#13602 = ORIENTED_EDGE('',*,*,#12755,.F.);
#13603 = ORIENTED_EDGE('',*,*,#13604,.F.);
#13604 = EDGE_CURVE('',#12611,#12748,#13605,.T.);
#13605 = ( BOUNDED_CURVE() B_SPLINE_CURVE(3,(#13606,#13607,#13608,#13609
),.UNSPECIFIED.,.F.,.F.) B_SPLINE_CURVE_WITH_KNOTS((4,4),(3.14159265359,
4.712388980385),.PIECEWISE_BEZIER_KNOTS.) CURVE() 
GEOMETRIC_REPRESENTATION_ITEM() RATIONAL_B_SPLINE_CURVE((1.,
0.804737854124,0.804737854124,1.)) REPRESENTATION_ITEM('') );
#13606 = CARTESIAN_POINT('',(1.54,0.3,0.34));
#13607 = CARTESIAN_POINT('',(1.545857864376,0.3,0.34));
#13608 = CARTESIAN_POINT('',(1.55,0.295857864376,0.344142135624));
#13609 = CARTESIAN_POINT('',(1.55,0.29,0.35));
#13610 = ORIENTED_EDGE('',*,*,#12649,.F.);
#13611 = CYLINDRICAL_SURFACE('',#13612,1.E-002);
#13612 = AXIS2_PLACEMENT_3D('',#13613,#13614,#13615);
#13613 = CARTESIAN_POINT('',(1.54,0.29,0.34));
#13614 = DIRECTION('',(0.E+000,-0.E+000,1.));
#13615 = DIRECTION('',(1.,0.E+000,0.E+000));
#13616 = ADVANCED_FACE('',(#13617),#13623,.T.);
#13617 = FACE_BOUND('',#13618,.T.);
#13618 = EDGE_LOOP('',(#13619,#13620,#13621,#13622));
#13619 = ORIENTED_EDGE('',*,*,#13586,.T.);
#13620 = ORIENTED_EDGE('',*,*,#12618,.F.);
#13621 = ORIENTED_EDGE('',*,*,#13604,.T.);
#13622 = ORIENTED_EDGE('',*,*,#12747,.F.);
#13623 = CYLINDRICAL_SURFACE('',#13624,1.E-002);
#13624 = AXIS2_PLACEMENT_3D('',#13625,#13626,#13627);
#13625 = CARTESIAN_POINT('',(1.54,0.3,0.35));
#13626 = DIRECTION('',(0.E+000,-1.,0.E+000));
#13627 = DIRECTION('',(0.E+000,0.E+000,-1.));
#13628 = ADVANCED_FACE('',(#13629),#13635,.T.);
#13629 = FACE_BOUND('',#13630,.T.);
#13630 = EDGE_LOOP('',(#13631,#13632,#13633,#13634));
#13631 = ORIENTED_EDGE('',*,*,#10595,.F.);
#13632 = ORIENTED_EDGE('',*,*,#11868,.F.);
#13633 = ORIENTED_EDGE('',*,*,#10613,.T.);
#13634 = ORIENTED_EDGE('',*,*,#11495,.F.);
#13635 = TOROIDAL_SURFACE('',#13636,0.99,1.E-002);
#13636 = AXIS2_PLACEMENT_3D('',#13637,#13638,#13639);
#13637 = CARTESIAN_POINT('',(0.E+000,0.E+000,1.175857864376));
#13638 = DIRECTION('',(0.E+000,0.E+000,-1.));
#13639 = DIRECTION('',(-1.,0.E+000,0.E+000));
#13640 = ADVANCED_FACE('',(#13641),#13647,.T.);
#13641 = FACE_BOUND('',#13642,.T.);
#13642 = EDGE_LOOP('',(#13643,#13644,#13645,#13646));
#13643 = ORIENTED_EDGE('',*,*,#10551,.F.);
#13644 = ORIENTED_EDGE('',*,*,#11860,.F.);
#13645 = ORIENTED_EDGE('',*,*,#10569,.T.);
#13646 = ORIENTED_EDGE('',*,*,#11965,.F.);
#13647 = TOROIDAL_SURFACE('',#13648,0.925857864376,1.E-002);
#13648 = AXIS2_PLACEMENT_3D('',#13649,#13650,#13651);
#13649 = CARTESIAN_POINT('',(0.E+000,0.E+000,1.24));
#13650 = DIRECTION('',(0.E+000,0.E+000,1.));
#13651 = DIRECTION('',(1.,0.E+000,-0.E+000));
#13652 = ADVANCED_FACE('',(#13653),#13659,.F.);
#13653 = FACE_BOUND('',#13654,.F.);
#13654 = EDGE_LOOP('',(#13655,#13656,#13657,#13658));
#13655 = ORIENTED_EDGE('',*,*,#10839,.T.);
#13656 = ORIENTED_EDGE('',*,*,#10496,.F.);
#13657 = ORIENTED_EDGE('',*,*,#11910,.T.);
#13658 = ORIENTED_EDGE('',*,*,#10516,.T.);
#13659 = TOROIDAL_SURFACE('',#13660,0.26,1.E-002);
#13660 = AXIS2_PLACEMENT_3D('',#13661,#13662,#13663);
#13661 = CARTESIAN_POINT('',(0.E+000,0.E+000,0.36));
#13662 = DIRECTION('',(-0.E+000,-0.E+000,-1.));
#13663 = DIRECTION('',(-1.,0.E+000,0.E+000));
#13664 = ADVANCED_FACE('',(#13665),#13671,.F.);
#13665 = FACE_BOUND('',#13666,.F.);
#13666 = EDGE_LOOP('',(#13667,#13668,#13669,#13670));
#13667 = ORIENTED_EDGE('',*,*,#11921,.T.);
#13668 = ORIENTED_EDGE('',*,*,#10452,.F.);
#13669 = ORIENTED_EDGE('',*,*,#11936,.T.);
#13670 = ORIENTED_EDGE('',*,*,#10472,.T.);
#13671 = TOROIDAL_SURFACE('',#13672,0.84,1.E-002);
#13672 = AXIS2_PLACEMENT_3D('',#13673,#13674,#13675);
#13673 = CARTESIAN_POINT('',(0.E+000,0.E+000,0.36));
#13674 = DIRECTION('',(-0.E+000,-0.E+000,-1.));
#13675 = DIRECTION('',(-1.,0.E+000,0.E+000));
#13676 = ADVANCED_FACE('',(#13677),#13689,.T.);
#13677 = FACE_BOUND('',#13678,.T.);
#13678 = EDGE_LOOP('',(#13679,#13680,#13681,#13688));
#13679 = ORIENTED_EDGE('',*,*,#11470,.F.);
#13680 = ORIENTED_EDGE('',*,*,#11990,.F.);
#13681 = ORIENTED_EDGE('',*,*,#13682,.F.);
#13682 = EDGE_CURVE('',#12013,#11983,#13683,.T.);
#13683 = CIRCLE('',#13684,1.E-002);
#13684 = AXIS2_PLACEMENT_3D('',#13685,#13686,#13687);
#13685 = CARTESIAN_POINT('',(0.89,-1.49,0.13));
#13686 = DIRECTION('',(0.E+000,-1.,0.E+000));
#13687 = DIRECTION('',(0.E+000,0.E+000,-1.));
#13688 = ORIENTED_EDGE('',*,*,#12012,.F.);
#13689 = CYLINDRICAL_SURFACE('',#13690,1.E-002);
#13690 = AXIS2_PLACEMENT_3D('',#13691,#13692,#13693);
#13691 = CARTESIAN_POINT('',(0.89,-1.05,0.13));
#13692 = DIRECTION('',(-9.637352644316E-016,-1.,0.E+000));
#13693 = DIRECTION('',(1.,-9.637352644316E-016,0.E+000));
#13694 = ADVANCED_FACE('',(#13695),#13707,.T.);
#13695 = FACE_BOUND('',#13696,.T.);
#13696 = EDGE_LOOP('',(#13697,#13698,#13699,#13706));
#13697 = ORIENTED_EDGE('',*,*,#11453,.F.);
#13698 = ORIENTED_EDGE('',*,*,#12099,.F.);
#13699 = ORIENTED_EDGE('',*,*,#13700,.F.);
#13700 = EDGE_CURVE('',#11981,#12092,#13701,.T.);
#13701 = CIRCLE('',#13702,1.E-002);
#13702 = AXIS2_PLACEMENT_3D('',#13703,#13704,#13705);
#13703 = CARTESIAN_POINT('',(-0.89,-1.49,0.13));
#13704 = DIRECTION('',(0.E+000,-1.,0.E+000));
#13705 = DIRECTION('',(0.E+000,0.E+000,-1.));
#13706 = ORIENTED_EDGE('',*,*,#11997,.F.);
#13707 = CYLINDRICAL_SURFACE('',#13708,1.E-002);
#13708 = AXIS2_PLACEMENT_3D('',#13709,#13710,#13711);
#13709 = CARTESIAN_POINT('',(-0.89,-1.05,0.13));
#13710 = DIRECTION('',(-9.637352644316E-016,1.,0.E+000));
#13711 = DIRECTION('',(-1.,-9.637352644316E-016,-0.E+000));
#13712 = ADVANCED_FACE('',(#13713),#13731,.T.);
#13713 = FACE_BOUND('',#13714,.T.);
#13714 = EDGE_LOOP('',(#13715,#13722,#13723,#13730));
#13715 = ORIENTED_EDGE('',*,*,#13716,.F.);
#13716 = EDGE_CURVE('',#11983,#12061,#13717,.T.);
#13717 = CIRCLE('',#13718,1.E-002);
#13718 = AXIS2_PLACEMENT_3D('',#13719,#13720,#13721);
#13719 = CARTESIAN_POINT('',(0.89,-1.49,0.13));
#13720 = DIRECTION('',(1.,0.E+000,0.E+000));
#13721 = DIRECTION('',(0.E+000,-0.E+000,-1.));
#13722 = ORIENTED_EDGE('',*,*,#11980,.F.);
#13723 = ORIENTED_EDGE('',*,*,#13724,.F.);
#13724 = EDGE_CURVE('',#12043,#11981,#13725,.T.);
#13725 = CIRCLE('',#13726,1.E-002);
#13726 = AXIS2_PLACEMENT_3D('',#13727,#13728,#13729);
#13727 = CARTESIAN_POINT('',(-0.89,-1.49,0.13));
#13728 = DIRECTION('',(-1.,0.E+000,0.E+000));
#13729 = DIRECTION('',(0.E+000,0.E+000,1.));
#13730 = ORIENTED_EDGE('',*,*,#12068,.F.);
#13731 = CYLINDRICAL_SURFACE('',#13732,1.E-002);
#13732 = AXIS2_PLACEMENT_3D('',#13733,#13734,#13735);
#13733 = CARTESIAN_POINT('',(0.9,-1.49,0.13));
#13734 = DIRECTION('',(-1.,0.E+000,0.E+000));
#13735 = DIRECTION('',(0.E+000,0.E+000,1.));
#13736 = ADVANCED_FACE('',(#13737),#13748,.T.);
#13737 = FACE_BOUND('',#13738,.T.);
#13738 = EDGE_LOOP('',(#13739,#13740,#13741));
#13739 = ORIENTED_EDGE('',*,*,#13682,.T.);
#13740 = ORIENTED_EDGE('',*,*,#13716,.T.);
#13741 = ORIENTED_EDGE('',*,*,#13742,.F.);
#13742 = EDGE_CURVE('',#12013,#12061,#13743,.T.);
#13743 = CIRCLE('',#13744,1.E-002);
#13744 = AXIS2_PLACEMENT_3D('',#13745,#13746,#13747);
#13745 = CARTESIAN_POINT('',(0.89,-1.49,0.13));
#13746 = DIRECTION('',(0.E+000,0.E+000,-1.));
#13747 = DIRECTION('',(1.,0.E+000,0.E+000));
#13748 = SPHERICAL_SURFACE('',#13749,1.E-002);
#13749 = AXIS2_PLACEMENT_3D('',#13750,#13751,#13752);
#13750 = CARTESIAN_POINT('',(0.89,-1.49,0.13));
#13751 = DIRECTION('',(0.E+000,1.,0.E+000));
#13752 = DIRECTION('',(1.,0.E+000,0.E+000));
#13753 = ADVANCED_FACE('',(#13754),#13765,.T.);
#13754 = FACE_BOUND('',#13755,.T.);
#13755 = EDGE_LOOP('',(#13756,#13757,#13758));
#13756 = ORIENTED_EDGE('',*,*,#13724,.T.);
#13757 = ORIENTED_EDGE('',*,*,#13700,.T.);
#13758 = ORIENTED_EDGE('',*,*,#13759,.F.);
#13759 = EDGE_CURVE('',#12043,#12092,#13760,.T.);
#13760 = CIRCLE('',#13761,1.E-002);
#13761 = AXIS2_PLACEMENT_3D('',#13762,#13763,#13764);
#13762 = CARTESIAN_POINT('',(-0.89,-1.49,0.13));
#13763 = DIRECTION('',(0.E+000,0.E+000,-1.));
#13764 = DIRECTION('',(1.,0.E+000,0.E+000));
#13765 = SPHERICAL_SURFACE('',#13766,1.E-002);
#13766 = AXIS2_PLACEMENT_3D('',#13767,#13768,#13769);
#13767 = CARTESIAN_POINT('',(-0.89,-1.49,0.13));
#13768 = DIRECTION('',(0.E+000,1.,0.E+000));
#13769 = DIRECTION('',(1.,0.E+000,0.E+000));
#13770 = ADVANCED_FACE('',(#13771),#13783,.T.);
#13771 = FACE_BOUND('',#13772,.T.);
#13772 = EDGE_LOOP('',(#13773,#13774,#13775,#13782));
#13773 = ORIENTED_EDGE('',*,*,#13742,.T.);
#13774 = ORIENTED_EDGE('',*,*,#12060,.F.);
#13775 = ORIENTED_EDGE('',*,*,#13776,.F.);
#13776 = EDGE_CURVE('',#12021,#12053,#13777,.T.);
#13777 = CIRCLE('',#13778,1.E-002);
#13778 = AXIS2_PLACEMENT_3D('',#13779,#13780,#13781);
#13779 = CARTESIAN_POINT('',(0.89,-1.49,0.E+000));
#13780 = DIRECTION('',(0.E+000,0.E+000,-1.));
#13781 = DIRECTION('',(-1.,0.E+000,0.E+000));
#13782 = ORIENTED_EDGE('',*,*,#12020,.F.);
#13783 = CYLINDRICAL_SURFACE('',#13784,1.E-002);
#13784 = AXIS2_PLACEMENT_3D('',#13785,#13786,#13787);
#13785 = CARTESIAN_POINT('',(0.89,-1.49,-1.E-002));
#13786 = DIRECTION('',(0.E+000,-0.E+000,1.));
#13787 = DIRECTION('',(1.,0.E+000,0.E+000));
#13788 = ADVANCED_FACE('',(#13789),#13802,.T.);
#13789 = FACE_BOUND('',#13790,.T.);
#13790 = EDGE_LOOP('',(#13791,#13792,#13793,#13800,#13801));
#13791 = ORIENTED_EDGE('',*,*,#11222,.F.);
#13792 = ORIENTED_EDGE('',*,*,#12028,.F.);
#13793 = ORIENTED_EDGE('',*,*,#13794,.F.);
#13794 = EDGE_CURVE('',#12147,#12021,#13795,.T.);
#13795 = CIRCLE('',#13796,1.E-002);
#13796 = AXIS2_PLACEMENT_3D('',#13797,#13798,#13799);
#13797 = CARTESIAN_POINT('',(0.89,-1.49,0.E+000));
#13798 = DIRECTION('',(0.E+000,-1.,0.E+000));
#13799 = DIRECTION('',(0.E+000,0.E+000,-1.));
#13800 = ORIENTED_EDGE('',*,*,#12163,.F.);
#13801 = ORIENTED_EDGE('',*,*,#12131,.F.);
#13802 = CYLINDRICAL_SURFACE('',#13803,1.E-002);
#13803 = AXIS2_PLACEMENT_3D('',#13804,#13805,#13806);
#13804 = CARTESIAN_POINT('',(0.89,-8.577243853441E-016,0.E+000));
#13805 = DIRECTION('',(9.637352644316E-016,1.,0.E+000));
#13806 = DIRECTION('',(-1.,9.637352644316E-016,0.E+000));
#13807 = ADVANCED_FACE('',(#13808),#13821,.T.);
#13808 = FACE_BOUND('',#13809,.T.);
#13809 = EDGE_LOOP('',(#13810,#13811,#13812,#13819,#13820));
#13810 = ORIENTED_EDGE('',*,*,#12123,.F.);
#13811 = ORIENTED_EDGE('',*,*,#12156,.F.);
#13812 = ORIENTED_EDGE('',*,*,#13813,.F.);
#13813 = EDGE_CURVE('',#12084,#12149,#13814,.T.);
#13814 = CIRCLE('',#13815,1.E-002);
#13815 = AXIS2_PLACEMENT_3D('',#13816,#13817,#13818);
#13816 = CARTESIAN_POINT('',(-0.89,-1.49,0.E+000));
#13817 = DIRECTION('',(0.E+000,-1.,-0.E+000));
#13818 = DIRECTION('',(0.E+000,0.E+000,-1.));
#13819 = ORIENTED_EDGE('',*,*,#12083,.F.);
#13820 = ORIENTED_EDGE('',*,*,#11238,.F.);
#13821 = CYLINDRICAL_SURFACE('',#13822,1.E-002);
#13822 = AXIS2_PLACEMENT_3D('',#13823,#13824,#13825);
#13823 = CARTESIAN_POINT('',(-0.89,-8.577243853441E-016,0.E+000));
#13824 = DIRECTION('',(9.637352644316E-016,-1.,0.E+000));
#13825 = DIRECTION('',(1.,9.637352644316E-016,0.E+000));
#13826 = ADVANCED_FACE('',(#13827),#13839,.T.);
#13827 = FACE_BOUND('',#13828,.T.);
#13828 = EDGE_LOOP('',(#13829,#13830,#13831,#13838));
#13829 = ORIENTED_EDGE('',*,*,#13759,.T.);
#13830 = ORIENTED_EDGE('',*,*,#12091,.F.);
#13831 = ORIENTED_EDGE('',*,*,#13832,.F.);
#13832 = EDGE_CURVE('',#12045,#12084,#13833,.T.);
#13833 = CIRCLE('',#13834,1.E-002);
#13834 = AXIS2_PLACEMENT_3D('',#13835,#13836,#13837);
#13835 = CARTESIAN_POINT('',(-0.89,-1.49,0.E+000));
#13836 = DIRECTION('',(-0.E+000,0.E+000,-1.));
#13837 = DIRECTION('',(-1.,0.E+000,0.E+000));
#13838 = ORIENTED_EDGE('',*,*,#12042,.F.);
#13839 = CYLINDRICAL_SURFACE('',#13840,1.E-002);
#13840 = AXIS2_PLACEMENT_3D('',#13841,#13842,#13843);
#13841 = CARTESIAN_POINT('',(-0.89,-1.49,-1.E-002));
#13842 = DIRECTION('',(0.E+000,0.E+000,1.));
#13843 = DIRECTION('',(1.,0.E+000,-0.E+000));
#13844 = ADVANCED_FACE('',(#13845),#13856,.T.);
#13845 = FACE_BOUND('',#13846,.T.);
#13846 = EDGE_LOOP('',(#13847,#13848,#13849));
#13847 = ORIENTED_EDGE('',*,*,#13794,.T.);
#13848 = ORIENTED_EDGE('',*,*,#13776,.T.);
#13849 = ORIENTED_EDGE('',*,*,#13850,.F.);
#13850 = EDGE_CURVE('',#12147,#12053,#13851,.T.);
#13851 = CIRCLE('',#13852,1.E-002);
#13852 = AXIS2_PLACEMENT_3D('',#13853,#13854,#13855);
#13853 = CARTESIAN_POINT('',(0.89,-1.49,0.E+000));
#13854 = DIRECTION('',(-1.,-0.E+000,-0.E+000));
#13855 = DIRECTION('',(0.E+000,0.E+000,-1.));
#13856 = SPHERICAL_SURFACE('',#13857,1.E-002);
#13857 = AXIS2_PLACEMENT_3D('',#13858,#13859,#13860);
#13858 = CARTESIAN_POINT('',(0.89,-1.49,0.E+000));
#13859 = DIRECTION('',(0.E+000,1.,0.E+000));
#13860 = DIRECTION('',(1.,0.E+000,0.E+000));
#13861 = ADVANCED_FACE('',(#13862),#13873,.T.);
#13862 = FACE_BOUND('',#13863,.T.);
#13863 = EDGE_LOOP('',(#13864,#13865,#13866));
#13864 = ORIENTED_EDGE('',*,*,#13832,.T.);
#13865 = ORIENTED_EDGE('',*,*,#13813,.T.);
#13866 = ORIENTED_EDGE('',*,*,#13867,.F.);
#13867 = EDGE_CURVE('',#12045,#12149,#13868,.T.);
#13868 = CIRCLE('',#13869,1.E-002);
#13869 = AXIS2_PLACEMENT_3D('',#13870,#13871,#13872);
#13870 = CARTESIAN_POINT('',(-0.89,-1.49,0.E+000));
#13871 = DIRECTION('',(1.,0.E+000,-0.E+000));
#13872 = DIRECTION('',(0.E+000,0.E+000,1.));
#13873 = SPHERICAL_SURFACE('',#13874,1.E-002);
#13874 = AXIS2_PLACEMENT_3D('',#13875,#13876,#13877);
#13875 = CARTESIAN_POINT('',(-0.89,-1.49,0.E+000));
#13876 = DIRECTION('',(0.E+000,1.,0.E+000));
#13877 = DIRECTION('',(1.,0.E+000,0.E+000));
#13878 = ADVANCED_FACE('',(#13879),#13885,.T.);
#13879 = FACE_BOUND('',#13880,.T.);
#13880 = EDGE_LOOP('',(#13881,#13882,#13883,#13884));
#13881 = ORIENTED_EDGE('',*,*,#13850,.T.);
#13882 = ORIENTED_EDGE('',*,*,#12052,.F.);
#13883 = ORIENTED_EDGE('',*,*,#13867,.T.);
#13884 = ORIENTED_EDGE('',*,*,#12146,.F.);
#13885 = CYLINDRICAL_SURFACE('',#13886,1.E-002);
#13886 = AXIS2_PLACEMENT_3D('',#13887,#13888,#13889);
#13887 = CARTESIAN_POINT('',(0.E+000,-1.49,0.E+000));
#13888 = DIRECTION('',(1.,0.E+000,0.E+000));
#13889 = DIRECTION('',(0.E+000,0.E+000,-1.));
#13890 = ( GEOMETRIC_REPRESENTATION_CONTEXT(3) 
GLOBAL_UNCERTAINTY_ASSIGNED_CONTEXT((#13894)) 
GLOBAL_UNIT_ASSIGNED_CONTEXT((#13891,#13892,#13893)) 
REPRESENTATION_CONTEXT('Context #1',
  '3D Context with UNIT and UNCERTAINTY') );
#13891 = ( LENGTH_UNIT() NAMED_UNIT(*) SI_UNIT(.MILLI.,.METRE.) );
#13892 = ( NAMED_UNIT(*) PLANE_ANGLE_UNIT() SI_UNIT($,.RADIAN.) );
#13893 = ( NAMED_UNIT(*) SI_UNIT($,.STERADIAN.) SOLID_ANGLE_UNIT() );
#13894 = UNCERTAINTY_MEASURE_WITH_UNIT(LENGTH_MEASURE(2.E-007),#13891,
  'distance_accuracy_value','confusion accuracy');
#13895 = SHAPE_DEFINITION_REPRESENTATION(#13896,#10445);
#13896 = PRODUCT_DEFINITION_SHAPE('','',#13897);
#13897 = PRODUCT_DEFINITION('design','',#13898,#13901);
#13898 = PRODUCT_DEFINITION_FORMATION('','',#13899);
#13899 = PRODUCT('User_Library-IPEX','User_Library-IPEX','',(#13900));
#13900 = PRODUCT_CONTEXT('',#2,'mechanical');
#13901 = PRODUCT_DEFINITION_CONTEXT('part definition',#2,'design');
#13902 = CONTEXT_DEPENDENT_SHAPE_REPRESENTATION(#13903,#13905);
#13903 = ( REPRESENTATION_RELATIONSHIP('','',#10445,#10435) 
REPRESENTATION_RELATIONSHIP_WITH_TRANSFORMATION(#13904) 
SHAPE_REPRESENTATION_RELATIONSHIP() );
#13904 = ITEM_DEFINED_TRANSFORMATION('','',#11,#10436);
#13905 = PRODUCT_DEFINITION_SHAPE('Placement','Placement of an item',
  #13906);
#13906 = NEXT_ASSEMBLY_USAGE_OCCURRENCE('21','','',#10430,#13897,$);
#13907 = PRODUCT_RELATED_PRODUCT_CATEGORY('part',$,(#13899));
#13908 = CONTEXT_DEPENDENT_SHAPE_REPRESENTATION(#13909,#13911);
#13909 = ( REPRESENTATION_RELATIONSHIP('','',#10435,#10) 
REPRESENTATION_RELATIONSHIP_WITH_TRANSFORMATION(#13910) 
SHAPE_REPRESENTATION_RELATIONSHIP() );
#13910 = ITEM_DEFINED_TRANSFORMATION('','',#11,#35);
#13911 = PRODUCT_DEFINITION_SHAPE('Placement','Placement of an item',
  #13912);
#13912 = NEXT_ASSEMBLY_USAGE_OCCURRENCE('22','','',#5,#10430,$);
#13913 = PRODUCT_RELATED_PRODUCT_CATEGORY('part',$,(#10432));
#13914 = SHAPE_DEFINITION_REPRESENTATION(#13915,#13921);
#13915 = PRODUCT_DEFINITION_SHAPE('','',#13916);
#13916 = PRODUCT_DEFINITION('design','',#13917,#13920);
#13917 = PRODUCT_DEFINITION_FORMATION('','',#13918);
#13918 = PRODUCT('ESD3','ESD3','',(#13919));
#13919 = PRODUCT_CONTEXT('',#2,'mechanical');
#13920 = PRODUCT_DEFINITION_CONTEXT('part definition',#2,'design');
#13921 = SHAPE_REPRESENTATION('',(#11,#13922),#13926);
#13922 = AXIS2_PLACEMENT_3D('',#13923,#13924,#13925);
#13923 = CARTESIAN_POINT('',(-3.886343554687,10.058382507324,0.E+000));
#13924 = DIRECTION('',(-0.E+000,0.E+000,1.));
#13925 = DIRECTION('',(0.707106661977,-0.707106900396,0.E+000));
#13926 = ( GEOMETRIC_REPRESENTATION_CONTEXT(3) 
GLOBAL_UNCERTAINTY_ASSIGNED_CONTEXT((#13930)) 
GLOBAL_UNIT_ASSIGNED_CONTEXT((#13927,#13928,#13929)) 
REPRESENTATION_CONTEXT('Context #1',
  '3D Context with UNIT and UNCERTAINTY') );
#13927 = ( LENGTH_UNIT() NAMED_UNIT(*) SI_UNIT(.MILLI.,.METRE.) );
#13928 = ( NAMED_UNIT(*) PLANE_ANGLE_UNIT() SI_UNIT($,.RADIAN.) );
#13929 = ( NAMED_UNIT(*) SI_UNIT($,.STERADIAN.) SOLID_ANGLE_UNIT() );
#13930 = UNCERTAINTY_MEASURE_WITH_UNIT(LENGTH_MEASURE(1.E-007),#13927,
  'distance_accuracy_value','confusion accuracy');
#13931 = ADVANCED_BREP_SHAPE_REPRESENTATION('',(#11,#13932),#15082);
#13932 = MANIFOLD_SOLID_BREP('',#13933);
#13933 = CLOSED_SHELL('',(#13934,#14006,#14078,#14118,#14147,#14178,
    #14207,#14224,#14250,#14281,#14293,#14324,#14355,#14388,#14419,
    #14452,#14483,#14514,#14545,#14578,#14609,#14633,#14653,#14673,
    #14704,#14737,#14768,#14801,#14832,#14863,#14894,#14927,#14958,
    #14991,#15013,#15033,#15053,#15070));
#13934 = ADVANCED_FACE('',(#13935),#14001,.F.);
#13935 = FACE_BOUND('',#13936,.T.);
#13936 = EDGE_LOOP('',(#13937,#13947,#13955,#13963,#13971,#13979,#13987,
    #13995));
#13937 = ORIENTED_EDGE('',*,*,#13938,.T.);
#13938 = EDGE_CURVE('',#13939,#13941,#13943,.T.);
#13939 = VERTEX_POINT('',#13940);
#13940 = CARTESIAN_POINT('',(0.878918874795,0.2,0.81));
#13941 = VERTEX_POINT('',#13942);
#13942 = CARTESIAN_POINT('',(0.9,0.2,0.66));
#13943 = LINE('',#13944,#13945);
#13944 = CARTESIAN_POINT('',(0.878918874795,0.2,0.81));
#13945 = VECTOR('',#13946,1.);
#13946 = DIRECTION('',(0.13917310096,0.E+000,-0.990268068742));
#13947 = ORIENTED_EDGE('',*,*,#13948,.F.);
#13948 = EDGE_CURVE('',#13949,#13941,#13951,.T.);
#13949 = VERTEX_POINT('',#13950);
#13950 = CARTESIAN_POINT('',(0.9,0.675,0.66));
#13951 = LINE('',#13952,#13953);
#13952 = CARTESIAN_POINT('',(0.9,2.5,0.66));
#13953 = VECTOR('',#13954,1.);
#13954 = DIRECTION('',(-0.E+000,-1.,-0.E+000));
#13955 = ORIENTED_EDGE('',*,*,#13956,.F.);
#13956 = EDGE_CURVE('',#13957,#13949,#13959,.T.);
#13957 = VERTEX_POINT('',#13958);
#13958 = CARTESIAN_POINT('',(0.838162032731,0.613162032731,1.1));
#13959 = LINE('',#13960,#13961);
#13960 = CARTESIAN_POINT('',(0.874014060794,0.649014060794,
    0.844899565031));
#13961 = VECTOR('',#13962,1.);
#13962 = DIRECTION('',(0.137844537492,0.137844537492,-0.980814848464));
#13963 = ORIENTED_EDGE('',*,*,#13964,.T.);
#13964 = EDGE_CURVE('',#13957,#13965,#13967,.T.);
#13965 = VERTEX_POINT('',#13966);
#13966 = CARTESIAN_POINT('',(0.838162032731,-0.613162032731,1.1));
#13967 = LINE('',#13968,#13969);
#13968 = CARTESIAN_POINT('',(0.838162032731,2.5,1.1));
#13969 = VECTOR('',#13970,1.);
#13970 = DIRECTION('',(-0.E+000,-1.,-0.E+000));
#13971 = ORIENTED_EDGE('',*,*,#13972,.F.);
#13972 = EDGE_CURVE('',#13973,#13965,#13975,.T.);
#13973 = VERTEX_POINT('',#13974);
#13974 = CARTESIAN_POINT('',(0.9,-0.675,0.66));
#13975 = LINE('',#13976,#13977);
#13976 = CARTESIAN_POINT('',(0.779008478213,-0.554008478213,
    1.520899410789));
#13977 = VECTOR('',#13978,1.);
#13978 = DIRECTION('',(-0.137844537492,0.137844537492,0.980814848464));
#13979 = ORIENTED_EDGE('',*,*,#13980,.F.);
#13980 = EDGE_CURVE('',#13981,#13973,#13983,.T.);
#13981 = VERTEX_POINT('',#13982);
#13982 = CARTESIAN_POINT('',(0.9,-0.2,0.66));
#13983 = LINE('',#13984,#13985);
#13984 = CARTESIAN_POINT('',(0.9,2.5,0.66));
#13985 = VECTOR('',#13986,1.);
#13986 = DIRECTION('',(-0.E+000,-1.,-0.E+000));
#13987 = ORIENTED_EDGE('',*,*,#13988,.F.);
#13988 = EDGE_CURVE('',#13989,#13981,#13991,.T.);
#13989 = VERTEX_POINT('',#13990);
#13990 = CARTESIAN_POINT('',(0.878918874795,-0.2,0.81));
#13991 = LINE('',#13992,#13993);
#13992 = CARTESIAN_POINT('',(0.878918874795,-0.2,0.81));
#13993 = VECTOR('',#13994,1.);
#13994 = DIRECTION('',(0.13917310096,0.E+000,-0.990268068742));
#13995 = ORIENTED_EDGE('',*,*,#13996,.F.);
#13996 = EDGE_CURVE('',#13939,#13989,#13997,.T.);
#13997 = LINE('',#13998,#13999);
#13998 = CARTESIAN_POINT('',(0.878918874795,0.2,0.81));
#13999 = VECTOR('',#14000,1.);
#14000 = DIRECTION('',(-0.E+000,-1.,-0.E+000));
#14001 = PLANE('',#14002);
#14002 = AXIS2_PLACEMENT_3D('',#14003,#14004,#14005);
#14003 = CARTESIAN_POINT('',(0.838162032731,2.5,1.1));
#14004 = DIRECTION('',(-0.990268068742,0.E+000,-0.13917310096));
#14005 = DIRECTION('',(-0.13917310096,0.E+000,0.990268068742));
#14006 = ADVANCED_FACE('',(#14007),#14073,.F.);
#14007 = FACE_BOUND('',#14008,.T.);
#14008 = EDGE_LOOP('',(#14009,#14019,#14027,#14035,#14043,#14051,#14059,
    #14067));
#14009 = ORIENTED_EDGE('',*,*,#14010,.F.);
#14010 = EDGE_CURVE('',#14011,#14013,#14015,.T.);
#14011 = VERTEX_POINT('',#14012);
#14012 = CARTESIAN_POINT('',(-0.838302573566,-0.613302573566,1.099));
#14013 = VERTEX_POINT('',#14014);
#14014 = CARTESIAN_POINT('',(-0.9,-0.675,0.66));
#14015 = LINE('',#14016,#14017);
#14016 = CARTESIAN_POINT('',(-0.839671455061,-0.614671455061,
    1.089259902056));
#14017 = VECTOR('',#14018,1.);
#14018 = DIRECTION('',(-0.137844537492,-0.137844537492,-0.980814848464)
  );
#14019 = ORIENTED_EDGE('',*,*,#14020,.T.);
#14020 = EDGE_CURVE('',#14011,#14021,#14023,.T.);
#14021 = VERTEX_POINT('',#14022);
#14022 = CARTESIAN_POINT('',(-0.838302573566,0.613302573566,1.099));
#14023 = LINE('',#14024,#14025);
#14024 = CARTESIAN_POINT('',(-0.838302573566,2.5,1.099));
#14025 = VECTOR('',#14026,1.);
#14026 = DIRECTION('',(0.E+000,1.,0.E+000));
#14027 = ORIENTED_EDGE('',*,*,#14028,.F.);
#14028 = EDGE_CURVE('',#14029,#14021,#14031,.T.);
#14029 = VERTEX_POINT('',#14030);
#14030 = CARTESIAN_POINT('',(-0.9,0.675,0.66));
#14031 = LINE('',#14032,#14033);
#14032 = CARTESIAN_POINT('',(-0.934677037642,0.709677037642,
    0.413260056299));
#14033 = VECTOR('',#14034,1.);
#14034 = DIRECTION('',(0.137844537492,-0.137844537492,0.980814848464));
#14035 = ORIENTED_EDGE('',*,*,#14036,.T.);
#14036 = EDGE_CURVE('',#14029,#14037,#14039,.T.);
#14037 = VERTEX_POINT('',#14038);
#14038 = CARTESIAN_POINT('',(-0.9,0.2,0.66));
#14039 = LINE('',#14040,#14041);
#14040 = CARTESIAN_POINT('',(-0.9,2.5,0.66));
#14041 = VECTOR('',#14042,1.);
#14042 = DIRECTION('',(-0.E+000,-1.,-0.E+000));
#14043 = ORIENTED_EDGE('',*,*,#14044,.F.);
#14044 = EDGE_CURVE('',#14045,#14037,#14047,.T.);
#14045 = VERTEX_POINT('',#14046);
#14046 = CARTESIAN_POINT('',(-0.878918874795,0.2,0.81));
#14047 = LINE('',#14048,#14049);
#14048 = CARTESIAN_POINT('',(-0.878918874795,0.2,0.81));
#14049 = VECTOR('',#14050,1.);
#14050 = DIRECTION('',(-0.13917310096,0.E+000,-0.990268068742));
#14051 = ORIENTED_EDGE('',*,*,#14052,.T.);
#14052 = EDGE_CURVE('',#14045,#14053,#14055,.T.);
#14053 = VERTEX_POINT('',#14054);
#14054 = CARTESIAN_POINT('',(-0.878918874795,-0.2,0.81));
#14055 = LINE('',#14056,#14057);
#14056 = CARTESIAN_POINT('',(-0.878918874795,0.2,0.81));
#14057 = VECTOR('',#14058,1.);
#14058 = DIRECTION('',(-0.E+000,-1.,-0.E+000));
#14059 = ORIENTED_EDGE('',*,*,#14060,.T.);
#14060 = EDGE_CURVE('',#14053,#14061,#14063,.T.);
#14061 = VERTEX_POINT('',#14062);
#14062 = CARTESIAN_POINT('',(-0.9,-0.2,0.66));
#14063 = LINE('',#14064,#14065);
#14064 = CARTESIAN_POINT('',(-0.878918874795,-0.2,0.81));
#14065 = VECTOR('',#14066,1.);
#14066 = DIRECTION('',(-0.13917310096,0.E+000,-0.990268068742));
#14067 = ORIENTED_EDGE('',*,*,#14068,.T.);
#14068 = EDGE_CURVE('',#14061,#14013,#14069,.T.);
#14069 = LINE('',#14070,#14071);
#14070 = CARTESIAN_POINT('',(-0.9,2.5,0.66));
#14071 = VECTOR('',#14072,1.);
#14072 = DIRECTION('',(-0.E+000,-1.,-0.E+000));
#14073 = PLANE('',#14074);
#14074 = AXIS2_PLACEMENT_3D('',#14075,#14076,#14077);
#14075 = CARTESIAN_POINT('',(-0.9,2.5,0.66));
#14076 = DIRECTION('',(0.990268068742,0.E+000,-0.13917310096));
#14077 = DIRECTION('',(-0.13917310096,0.E+000,-0.990268068742));
#14078 = ADVANCED_FACE('',(#14079),#14113,.F.);
#14079 = FACE_BOUND('',#14080,.T.);
#14080 = EDGE_LOOP('',(#14081,#14091,#14099,#14107));
#14081 = ORIENTED_EDGE('',*,*,#14082,.F.);
#14082 = EDGE_CURVE('',#14083,#14085,#14087,.T.);
#14083 = VERTEX_POINT('',#14084);
#14084 = CARTESIAN_POINT('',(-0.814270090832,-0.589270090832,5.E-002));
#14085 = VERTEX_POINT('',#14086);
#14086 = CARTESIAN_POINT('',(0.814270090832,-0.589270090832,5.E-002));
#14087 = LINE('',#14088,#14089);
#14088 = CARTESIAN_POINT('',(-0.9,-0.589270090832,5.E-002));
#14089 = VECTOR('',#14090,1.);
#14090 = DIRECTION('',(1.,-0.E+000,-0.E+000));
#14091 = ORIENTED_EDGE('',*,*,#14092,.F.);
#14092 = EDGE_CURVE('',#14093,#14083,#14095,.T.);
#14093 = VERTEX_POINT('',#14094);
#14094 = CARTESIAN_POINT('',(-0.814270090832,0.589270090832,5.E-002));
#14095 = LINE('',#14096,#14097);
#14096 = CARTESIAN_POINT('',(-0.814270090832,2.5,5.E-002));
#14097 = VECTOR('',#14098,1.);
#14098 = DIRECTION('',(-0.E+000,-1.,-0.E+000));
#14099 = ORIENTED_EDGE('',*,*,#14100,.T.);
#14100 = EDGE_CURVE('',#14093,#14101,#14103,.T.);
#14101 = VERTEX_POINT('',#14102);
#14102 = CARTESIAN_POINT('',(0.814270090832,0.589270090832,5.E-002));
#14103 = LINE('',#14104,#14105);
#14104 = CARTESIAN_POINT('',(-0.9,0.589270090832,5.E-002));
#14105 = VECTOR('',#14106,1.);
#14106 = DIRECTION('',(1.,-0.E+000,-0.E+000));
#14107 = ORIENTED_EDGE('',*,*,#14108,.T.);
#14108 = EDGE_CURVE('',#14101,#14085,#14109,.T.);
#14109 = LINE('',#14110,#14111);
#14110 = CARTESIAN_POINT('',(0.814270090832,2.5,5.E-002));
#14111 = VECTOR('',#14112,1.);
#14112 = DIRECTION('',(-0.E+000,-1.,-0.E+000));
#14113 = PLANE('',#14114);
#14114 = AXIS2_PLACEMENT_3D('',#14115,#14116,#14117);
#14115 = CARTESIAN_POINT('',(0.814270090832,2.5,5.E-002));
#14116 = DIRECTION('',(0.E+000,-0.E+000,1.));
#14117 = DIRECTION('',(1.,0.E+000,0.E+000));
#14118 = ADVANCED_FACE('',(#14119),#14142,.F.);
#14119 = FACE_BOUND('',#14120,.T.);
#14120 = EDGE_LOOP('',(#14121,#14127,#14128,#14134,#14135,#14141));
#14121 = ORIENTED_EDGE('',*,*,#14122,.F.);
#14122 = EDGE_CURVE('',#14013,#14083,#14123,.T.);
#14123 = LINE('',#14124,#14125);
#14124 = CARTESIAN_POINT('',(-0.755570509885,-0.530570509885,
    -0.367669220981));
#14125 = VECTOR('',#14126,1.);
#14126 = DIRECTION('',(0.137844537492,0.137844537492,-0.980814848464));
#14127 = ORIENTED_EDGE('',*,*,#14068,.F.);
#14128 = ORIENTED_EDGE('',*,*,#14129,.F.);
#14129 = EDGE_CURVE('',#14037,#14061,#14130,.T.);
#14130 = LINE('',#14131,#14132);
#14131 = CARTESIAN_POINT('',(-0.9,0.2,0.66));
#14132 = VECTOR('',#14133,1.);
#14133 = DIRECTION('',(-0.E+000,-1.,-0.E+000));
#14134 = ORIENTED_EDGE('',*,*,#14036,.F.);
#14135 = ORIENTED_EDGE('',*,*,#14136,.F.);
#14136 = EDGE_CURVE('',#14093,#14029,#14137,.T.);
#14137 = LINE('',#14138,#14139);
#14138 = CARTESIAN_POINT('',(-0.850576092467,0.625576092467,
    0.308330624776));
#14139 = VECTOR('',#14140,1.);
#14140 = DIRECTION('',(-0.137844537492,0.137844537492,0.980814848464));
#14141 = ORIENTED_EDGE('',*,*,#14092,.T.);
#14142 = PLANE('',#14143);
#14143 = AXIS2_PLACEMENT_3D('',#14144,#14145,#14146);
#14144 = CARTESIAN_POINT('',(-0.814270090832,2.5,5.E-002));
#14145 = DIRECTION('',(0.990268068742,-0.E+000,0.13917310096));
#14146 = DIRECTION('',(0.13917310096,0.E+000,-0.990268068742));
#14147 = ADVANCED_FACE('',(#14148),#14173,.F.);
#14148 = FACE_BOUND('',#14149,.T.);
#14149 = EDGE_LOOP('',(#14150,#14158,#14166,#14172));
#14150 = ORIENTED_EDGE('',*,*,#14151,.F.);
#14151 = EDGE_CURVE('',#14152,#13957,#14154,.T.);
#14152 = VERTEX_POINT('',#14153);
#14153 = CARTESIAN_POINT('',(-0.3,0.613162032731,1.1));
#14154 = LINE('',#14155,#14156);
#14155 = CARTESIAN_POINT('',(-0.9,0.613162032731,1.1));
#14156 = VECTOR('',#14157,1.);
#14157 = DIRECTION('',(1.,-0.E+000,-0.E+000));
#14158 = ORIENTED_EDGE('',*,*,#14159,.F.);
#14159 = EDGE_CURVE('',#14160,#14152,#14162,.T.);
#14160 = VERTEX_POINT('',#14161);
#14161 = CARTESIAN_POINT('',(-0.3,-0.613162032731,1.1));
#14162 = LINE('',#14163,#14164);
#14163 = CARTESIAN_POINT('',(-0.3,0.675,1.1));
#14164 = VECTOR('',#14165,1.);
#14165 = DIRECTION('',(-0.E+000,1.,-0.E+000));
#14166 = ORIENTED_EDGE('',*,*,#14167,.T.);
#14167 = EDGE_CURVE('',#14160,#13965,#14168,.T.);
#14168 = LINE('',#14169,#14170);
#14169 = CARTESIAN_POINT('',(-0.9,-0.613162032731,1.1));
#14170 = VECTOR('',#14171,1.);
#14171 = DIRECTION('',(1.,-0.E+000,-0.E+000));
#14172 = ORIENTED_EDGE('',*,*,#13964,.F.);
#14173 = PLANE('',#14174);
#14174 = AXIS2_PLACEMENT_3D('',#14175,#14176,#14177);
#14175 = CARTESIAN_POINT('',(-0.838162032731,2.5,1.1));
#14176 = DIRECTION('',(0.E+000,0.E+000,-1.));
#14177 = DIRECTION('',(-1.,0.E+000,-0.E+000));
#14178 = ADVANCED_FACE('',(#14179),#14202,.F.);
#14179 = FACE_BOUND('',#14180,.T.);
#14180 = EDGE_LOOP('',(#14181,#14187,#14188,#14194,#14195,#14201));
#14181 = ORIENTED_EDGE('',*,*,#14182,.F.);
#14182 = EDGE_CURVE('',#14085,#13973,#14183,.T.);
#14183 = LINE('',#14184,#14185);
#14184 = CARTESIAN_POINT('',(0.839671455061,-0.614671455061,
    0.230740097944));
#14185 = VECTOR('',#14186,1.);
#14186 = DIRECTION('',(0.137844537492,-0.137844537492,0.980814848464));
#14187 = ORIENTED_EDGE('',*,*,#14108,.F.);
#14188 = ORIENTED_EDGE('',*,*,#14189,.F.);
#14189 = EDGE_CURVE('',#13949,#14101,#14190,.T.);
#14190 = LINE('',#14191,#14192);
#14191 = CARTESIAN_POINT('',(0.934677037642,0.709677037642,
    0.906739943701));
#14192 = VECTOR('',#14193,1.);
#14193 = DIRECTION('',(-0.137844537492,-0.137844537492,-0.980814848464)
  );
#14194 = ORIENTED_EDGE('',*,*,#13948,.T.);
#14195 = ORIENTED_EDGE('',*,*,#14196,.T.);
#14196 = EDGE_CURVE('',#13941,#13981,#14197,.T.);
#14197 = LINE('',#14198,#14199);
#14198 = CARTESIAN_POINT('',(0.9,0.2,0.66));
#14199 = VECTOR('',#14200,1.);
#14200 = DIRECTION('',(-0.E+000,-1.,-0.E+000));
#14201 = ORIENTED_EDGE('',*,*,#13980,.T.);
#14202 = PLANE('',#14203);
#14203 = AXIS2_PLACEMENT_3D('',#14204,#14205,#14206);
#14204 = CARTESIAN_POINT('',(0.9,2.5,0.66));
#14205 = DIRECTION('',(-0.990268068742,0.E+000,0.13917310096));
#14206 = DIRECTION('',(0.13917310096,0.E+000,0.990268068742));
#14207 = ADVANCED_FACE('',(#14208),#14219,.T.);
#14208 = FACE_BOUND('',#14209,.T.);
#14209 = EDGE_LOOP('',(#14210,#14211,#14217,#14218));
#14210 = ORIENTED_EDGE('',*,*,#14136,.T.);
#14211 = ORIENTED_EDGE('',*,*,#14212,.T.);
#14212 = EDGE_CURVE('',#14029,#13949,#14213,.T.);
#14213 = LINE('',#14214,#14215);
#14214 = CARTESIAN_POINT('',(-0.9,0.675,0.66));
#14215 = VECTOR('',#14216,1.);
#14216 = DIRECTION('',(1.,-0.E+000,-0.E+000));
#14217 = ORIENTED_EDGE('',*,*,#14189,.T.);
#14218 = ORIENTED_EDGE('',*,*,#14100,.F.);
#14219 = PLANE('',#14220);
#14220 = AXIS2_PLACEMENT_3D('',#14221,#14222,#14223);
#14221 = CARTESIAN_POINT('',(-0.9,0.675,0.66));
#14222 = DIRECTION('',(0.E+000,0.990268068742,-0.13917310096));
#14223 = DIRECTION('',(0.E+000,0.13917310096,0.990268068742));
#14224 = ADVANCED_FACE('',(#14225),#14245,.T.);
#14225 = FACE_BOUND('',#14226,.T.);
#14226 = EDGE_LOOP('',(#14227,#14235,#14236,#14237,#14238,#14239));
#14227 = ORIENTED_EDGE('',*,*,#14228,.F.);
#14228 = EDGE_CURVE('',#14152,#14229,#14231,.T.);
#14229 = VERTEX_POINT('',#14230);
#14230 = CARTESIAN_POINT('',(-0.3,0.613302573566,1.099));
#14231 = LINE('',#14232,#14233);
#14232 = CARTESIAN_POINT('',(-0.3,0.613162032731,1.1));
#14233 = VECTOR('',#14234,1.);
#14234 = DIRECTION('',(0.E+000,0.13917310096,-0.990268068742));
#14235 = ORIENTED_EDGE('',*,*,#14151,.T.);
#14236 = ORIENTED_EDGE('',*,*,#13956,.T.);
#14237 = ORIENTED_EDGE('',*,*,#14212,.F.);
#14238 = ORIENTED_EDGE('',*,*,#14028,.T.);
#14239 = ORIENTED_EDGE('',*,*,#14240,.F.);
#14240 = EDGE_CURVE('',#14229,#14021,#14241,.T.);
#14241 = LINE('',#14242,#14243);
#14242 = CARTESIAN_POINT('',(-0.9,0.613302573566,1.099));
#14243 = VECTOR('',#14244,1.);
#14244 = DIRECTION('',(-1.,0.E+000,0.E+000));
#14245 = PLANE('',#14246);
#14246 = AXIS2_PLACEMENT_3D('',#14247,#14248,#14249);
#14247 = CARTESIAN_POINT('',(-0.9,0.613162032731,1.1));
#14248 = DIRECTION('',(0.E+000,0.990268068742,0.13917310096));
#14249 = DIRECTION('',(0.E+000,-0.13917310096,0.990268068742));
#14250 = ADVANCED_FACE('',(#14251),#14276,.T.);
#14251 = FACE_BOUND('',#14252,.T.);
#14252 = EDGE_LOOP('',(#14253,#14261,#14267,#14268,#14274,#14275));
#14253 = ORIENTED_EDGE('',*,*,#14254,.F.);
#14254 = EDGE_CURVE('',#14255,#14160,#14257,.T.);
#14255 = VERTEX_POINT('',#14256);
#14256 = CARTESIAN_POINT('',(-0.3,-0.613302573566,1.099));
#14257 = LINE('',#14258,#14259);
#14258 = CARTESIAN_POINT('',(-0.3,-0.675,0.66));
#14259 = VECTOR('',#14260,1.);
#14260 = DIRECTION('',(0.E+000,0.13917310096,0.990268068742));
#14261 = ORIENTED_EDGE('',*,*,#14262,.F.);
#14262 = EDGE_CURVE('',#14011,#14255,#14263,.T.);
#14263 = LINE('',#14264,#14265);
#14264 = CARTESIAN_POINT('',(-0.9,-0.613302573566,1.099));
#14265 = VECTOR('',#14266,1.);
#14266 = DIRECTION('',(1.,0.E+000,0.E+000));
#14267 = ORIENTED_EDGE('',*,*,#14010,.T.);
#14268 = ORIENTED_EDGE('',*,*,#14269,.T.);
#14269 = EDGE_CURVE('',#14013,#13973,#14270,.T.);
#14270 = LINE('',#14271,#14272);
#14271 = CARTESIAN_POINT('',(-0.9,-0.675,0.66));
#14272 = VECTOR('',#14273,1.);
#14273 = DIRECTION('',(1.,-0.E+000,-0.E+000));
#14274 = ORIENTED_EDGE('',*,*,#13972,.T.);
#14275 = ORIENTED_EDGE('',*,*,#14167,.F.);
#14276 = PLANE('',#14277);
#14277 = AXIS2_PLACEMENT_3D('',#14278,#14279,#14280);
#14278 = CARTESIAN_POINT('',(-0.9,-0.675,0.66));
#14279 = DIRECTION('',(0.E+000,-0.990268068742,0.13917310096));
#14280 = DIRECTION('',(0.E+000,-0.13917310096,-0.990268068742));
#14281 = ADVANCED_FACE('',(#14282),#14288,.T.);
#14282 = FACE_BOUND('',#14283,.T.);
#14283 = EDGE_LOOP('',(#14284,#14285,#14286,#14287));
#14284 = ORIENTED_EDGE('',*,*,#14122,.T.);
#14285 = ORIENTED_EDGE('',*,*,#14082,.T.);
#14286 = ORIENTED_EDGE('',*,*,#14182,.T.);
#14287 = ORIENTED_EDGE('',*,*,#14269,.F.);
#14288 = PLANE('',#14289);
#14289 = AXIS2_PLACEMENT_3D('',#14290,#14291,#14292);
#14290 = CARTESIAN_POINT('',(-0.9,-0.589270090832,5.E-002));
#14291 = DIRECTION('',(0.E+000,-0.990268068742,-0.13917310096));
#14292 = DIRECTION('',(0.E+000,0.13917310096,-0.990268068742));
#14293 = ADVANCED_FACE('',(#14294),#14319,.F.);
#14294 = FACE_BOUND('',#14295,.T.);
#14295 = EDGE_LOOP('',(#14296,#14304,#14305,#14313));
#14296 = ORIENTED_EDGE('',*,*,#14297,.T.);
#14297 = EDGE_CURVE('',#14298,#14053,#14300,.T.);
#14298 = VERTEX_POINT('',#14299);
#14299 = CARTESIAN_POINT('',(-0.91,-0.2,0.81));
#14300 = LINE('',#14301,#14302);
#14301 = CARTESIAN_POINT('',(-0.91,-0.2,0.81));
#14302 = VECTOR('',#14303,1.);
#14303 = DIRECTION('',(1.,0.E+000,3.488297689746E-015));
#14304 = ORIENTED_EDGE('',*,*,#14052,.F.);
#14305 = ORIENTED_EDGE('',*,*,#14306,.F.);
#14306 = EDGE_CURVE('',#14307,#14045,#14309,.T.);
#14307 = VERTEX_POINT('',#14308);
#14308 = CARTESIAN_POINT('',(-0.91,0.2,0.81));
#14309 = LINE('',#14310,#14311);
#14310 = CARTESIAN_POINT('',(-0.91,0.2,0.81));
#14311 = VECTOR('',#14312,1.);
#14312 = DIRECTION('',(1.,0.E+000,3.488297689746E-015));
#14313 = ORIENTED_EDGE('',*,*,#14314,.T.);
#14314 = EDGE_CURVE('',#14307,#14298,#14315,.T.);
#14315 = LINE('',#14316,#14317);
#14316 = CARTESIAN_POINT('',(-0.91,0.2,0.81));
#14317 = VECTOR('',#14318,1.);
#14318 = DIRECTION('',(-0.E+000,-1.,-0.E+000));
#14319 = PLANE('',#14320);
#14320 = AXIS2_PLACEMENT_3D('',#14321,#14322,#14323);
#14321 = CARTESIAN_POINT('',(-0.91,0.2,0.81));
#14322 = DIRECTION('',(3.488297689746E-015,0.E+000,-1.));
#14323 = DIRECTION('',(-1.,0.E+000,-3.488297689746E-015));
#14324 = ADVANCED_FACE('',(#14325),#14350,.F.);
#14325 = FACE_BOUND('',#14326,.T.);
#14326 = EDGE_LOOP('',(#14327,#14335,#14343,#14349));
#14327 = ORIENTED_EDGE('',*,*,#14328,.T.);
#14328 = EDGE_CURVE('',#14061,#14329,#14331,.T.);
#14329 = VERTEX_POINT('',#14330);
#14330 = CARTESIAN_POINT('',(-0.91,-0.2,0.66));
#14331 = LINE('',#14332,#14333);
#14332 = CARTESIAN_POINT('',(-0.9,-0.2,0.66));
#14333 = VECTOR('',#14334,1.);
#14334 = DIRECTION('',(-1.,0.E+000,-1.084202172486E-014));
#14335 = ORIENTED_EDGE('',*,*,#14336,.F.);
#14336 = EDGE_CURVE('',#14337,#14329,#14339,.T.);
#14337 = VERTEX_POINT('',#14338);
#14338 = CARTESIAN_POINT('',(-0.91,0.2,0.66));
#14339 = LINE('',#14340,#14341);
#14340 = CARTESIAN_POINT('',(-0.91,0.2,0.66));
#14341 = VECTOR('',#14342,1.);
#14342 = DIRECTION('',(-0.E+000,-1.,-0.E+000));
#14343 = ORIENTED_EDGE('',*,*,#14344,.F.);
#14344 = EDGE_CURVE('',#14037,#14337,#14345,.T.);
#14345 = LINE('',#14346,#14347);
#14346 = CARTESIAN_POINT('',(-0.9,0.2,0.66));
#14347 = VECTOR('',#14348,1.);
#14348 = DIRECTION('',(-1.,0.E+000,-1.084202172486E-014));
#14349 = ORIENTED_EDGE('',*,*,#14129,.T.);
#14350 = PLANE('',#14351);
#14351 = AXIS2_PLACEMENT_3D('',#14352,#14353,#14354);
#14352 = CARTESIAN_POINT('',(-0.9,0.2,0.66));
#14353 = DIRECTION('',(-1.084202172486E-014,0.E+000,1.));
#14354 = DIRECTION('',(1.,0.E+000,1.084202172486E-014));
#14355 = ADVANCED_FACE('',(#14356),#14383,.F.);
#14356 = FACE_BOUND('',#14357,.F.);
#14357 = EDGE_LOOP('',(#14358,#14359,#14368,#14376));
#14358 = ORIENTED_EDGE('',*,*,#14336,.F.);
#14359 = ORIENTED_EDGE('',*,*,#14360,.T.);
#14360 = EDGE_CURVE('',#14337,#14361,#14363,.T.);
#14361 = VERTEX_POINT('',#14362);
#14362 = CARTESIAN_POINT('',(-0.96,0.2,0.61));
#14363 = CIRCLE('',#14364,5.E-002);
#14364 = AXIS2_PLACEMENT_3D('',#14365,#14366,#14367);
#14365 = CARTESIAN_POINT('',(-0.91,0.2,0.61));
#14366 = DIRECTION('',(0.E+000,-1.,0.E+000));
#14367 = DIRECTION('',(0.E+000,0.E+000,-1.));
#14368 = ORIENTED_EDGE('',*,*,#14369,.T.);
#14369 = EDGE_CURVE('',#14361,#14370,#14372,.T.);
#14370 = VERTEX_POINT('',#14371);
#14371 = CARTESIAN_POINT('',(-0.96,-0.2,0.61));
#14372 = LINE('',#14373,#14374);
#14373 = CARTESIAN_POINT('',(-0.96,0.2,0.61));
#14374 = VECTOR('',#14375,1.);
#14375 = DIRECTION('',(-0.E+000,-1.,-0.E+000));
#14376 = ORIENTED_EDGE('',*,*,#14377,.F.);
#14377 = EDGE_CURVE('',#14329,#14370,#14378,.T.);
#14378 = CIRCLE('',#14379,5.E-002);
#14379 = AXIS2_PLACEMENT_3D('',#14380,#14381,#14382);
#14380 = CARTESIAN_POINT('',(-0.91,-0.2,0.61));
#14381 = DIRECTION('',(0.E+000,-1.,0.E+000));
#14382 = DIRECTION('',(0.E+000,0.E+000,-1.));
#14383 = CYLINDRICAL_SURFACE('',#14384,5.E-002);
#14384 = AXIS2_PLACEMENT_3D('',#14385,#14386,#14387);
#14385 = CARTESIAN_POINT('',(-0.91,0.2,0.61));
#14386 = DIRECTION('',(-0.E+000,-1.,-0.E+000));
#14387 = DIRECTION('',(0.E+000,0.E+000,-1.));
#14388 = ADVANCED_FACE('',(#14389),#14414,.F.);
#14389 = FACE_BOUND('',#14390,.T.);
#14390 = EDGE_LOOP('',(#14391,#14399,#14407,#14413));
#14391 = ORIENTED_EDGE('',*,*,#14392,.T.);
#14392 = EDGE_CURVE('',#14370,#14393,#14395,.T.);
#14393 = VERTEX_POINT('',#14394);
#14394 = CARTESIAN_POINT('',(-0.96,-0.2,0.209546456115));
#14395 = LINE('',#14396,#14397);
#14396 = CARTESIAN_POINT('',(-0.96,-0.2,0.61));
#14397 = VECTOR('',#14398,1.);
#14398 = DIRECTION('',(0.E+000,0.E+000,-1.));
#14399 = ORIENTED_EDGE('',*,*,#14400,.F.);
#14400 = EDGE_CURVE('',#14401,#14393,#14403,.T.);
#14401 = VERTEX_POINT('',#14402);
#14402 = CARTESIAN_POINT('',(-0.96,0.2,0.209546456115));
#14403 = LINE('',#14404,#14405);
#14404 = CARTESIAN_POINT('',(-0.96,0.2,0.209546456115));
#14405 = VECTOR('',#14406,1.);
#14406 = DIRECTION('',(-0.E+000,-1.,-0.E+000));
#14407 = ORIENTED_EDGE('',*,*,#14408,.F.);
#14408 = EDGE_CURVE('',#14361,#14401,#14409,.T.);
#14409 = LINE('',#14410,#14411);
#14410 = CARTESIAN_POINT('',(-0.96,0.2,0.61));
#14411 = VECTOR('',#14412,1.);
#14412 = DIRECTION('',(0.E+000,0.E+000,-1.));
#14413 = ORIENTED_EDGE('',*,*,#14369,.T.);
#14414 = PLANE('',#14415);
#14415 = AXIS2_PLACEMENT_3D('',#14416,#14417,#14418);
#14416 = CARTESIAN_POINT('',(-0.96,0.2,0.61));
#14417 = DIRECTION('',(-1.,0.E+000,0.E+000));
#14418 = DIRECTION('',(0.E+000,0.E+000,1.));
#14419 = ADVANCED_FACE('',(#14420),#14447,.T.);
#14420 = FACE_BOUND('',#14421,.T.);
#14421 = EDGE_LOOP('',(#14422,#14431,#14439,#14446));
#14422 = ORIENTED_EDGE('',*,*,#14423,.T.);
#14423 = EDGE_CURVE('',#14393,#14424,#14426,.T.);
#14424 = VERTEX_POINT('',#14425);
#14425 = CARTESIAN_POINT('',(-1.146048705251,-0.2,1.003364606316E-002));
#14426 = CIRCLE('',#14427,0.2);
#14427 = AXIS2_PLACEMENT_3D('',#14428,#14429,#14430);
#14428 = CARTESIAN_POINT('',(-1.16,-0.2,0.209546456115));
#14429 = DIRECTION('',(0.E+000,1.,0.E+000));
#14430 = DIRECTION('',(0.E+000,-0.E+000,1.));
#14431 = ORIENTED_EDGE('',*,*,#14432,.F.);
#14432 = EDGE_CURVE('',#14433,#14424,#14435,.T.);
#14433 = VERTEX_POINT('',#14434);
#14434 = CARTESIAN_POINT('',(-1.146048705251,0.2,1.003364606316E-002));
#14435 = LINE('',#14436,#14437);
#14436 = CARTESIAN_POINT('',(-1.146048705251,0.2,1.003364606316E-002));
#14437 = VECTOR('',#14438,1.);
#14438 = DIRECTION('',(-0.E+000,-1.,-0.E+000));
#14439 = ORIENTED_EDGE('',*,*,#14440,.F.);
#14440 = EDGE_CURVE('',#14401,#14433,#14441,.T.);
#14441 = CIRCLE('',#14442,0.2);
#14442 = AXIS2_PLACEMENT_3D('',#14443,#14444,#14445);
#14443 = CARTESIAN_POINT('',(-1.16,0.2,0.209546456115));
#14444 = DIRECTION('',(0.E+000,1.,0.E+000));
#14445 = DIRECTION('',(0.E+000,-0.E+000,1.));
#14446 = ORIENTED_EDGE('',*,*,#14400,.T.);
#14447 = CYLINDRICAL_SURFACE('',#14448,0.2);
#14448 = AXIS2_PLACEMENT_3D('',#14449,#14450,#14451);
#14449 = CARTESIAN_POINT('',(-1.16,0.2,0.209546456115));
#14450 = DIRECTION('',(-0.E+000,-1.,-0.E+000));
#14451 = DIRECTION('',(0.E+000,0.E+000,-1.));
#14452 = ADVANCED_FACE('',(#14453),#14478,.F.);
#14453 = FACE_BOUND('',#14454,.T.);
#14454 = EDGE_LOOP('',(#14455,#14463,#14471,#14477));
#14455 = ORIENTED_EDGE('',*,*,#14456,.T.);
#14456 = EDGE_CURVE('',#14424,#14457,#14459,.T.);
#14457 = VERTEX_POINT('',#14458);
#14458 = CARTESIAN_POINT('',(-1.289536528938,-0.2,0.E+000));
#14459 = LINE('',#14460,#14461);
#14460 = CARTESIAN_POINT('',(-1.146048705251,-0.2,1.003364606316E-002));
#14461 = VECTOR('',#14462,1.);
#14462 = DIRECTION('',(-0.99756405026,0.E+000,-6.975647374412E-002));
#14463 = ORIENTED_EDGE('',*,*,#14464,.F.);
#14464 = EDGE_CURVE('',#14465,#14457,#14467,.T.);
#14465 = VERTEX_POINT('',#14466);
#14466 = CARTESIAN_POINT('',(-1.289536528938,0.2,0.E+000));
#14467 = LINE('',#14468,#14469);
#14468 = CARTESIAN_POINT('',(-1.289536528938,0.2,0.E+000));
#14469 = VECTOR('',#14470,1.);
#14470 = DIRECTION('',(-0.E+000,-1.,-0.E+000));
#14471 = ORIENTED_EDGE('',*,*,#14472,.F.);
#14472 = EDGE_CURVE('',#14433,#14465,#14473,.T.);
#14473 = LINE('',#14474,#14475);
#14474 = CARTESIAN_POINT('',(-1.146048705251,0.2,1.003364606316E-002));
#14475 = VECTOR('',#14476,1.);
#14476 = DIRECTION('',(-0.99756405026,0.E+000,-6.975647374412E-002));
#14477 = ORIENTED_EDGE('',*,*,#14432,.T.);
#14478 = PLANE('',#14479);
#14479 = AXIS2_PLACEMENT_3D('',#14480,#14481,#14482);
#14480 = CARTESIAN_POINT('',(-1.146048705251,0.2,1.003364606316E-002));
#14481 = DIRECTION('',(-6.975647374412E-002,0.E+000,0.99756405026));
#14482 = DIRECTION('',(0.99756405026,0.E+000,6.975647374412E-002));
#14483 = ADVANCED_FACE('',(#14484),#14509,.F.);
#14484 = FACE_BOUND('',#14485,.T.);
#14485 = EDGE_LOOP('',(#14486,#14494,#14502,#14508));
#14486 = ORIENTED_EDGE('',*,*,#14487,.T.);
#14487 = EDGE_CURVE('',#14457,#14488,#14490,.T.);
#14488 = VERTEX_POINT('',#14489);
#14489 = CARTESIAN_POINT('',(-1.3,-0.2,0.149634607539));
#14490 = LINE('',#14491,#14492);
#14491 = CARTESIAN_POINT('',(-1.289536528938,-0.2,0.E+000));
#14492 = VECTOR('',#14493,1.);
#14493 = DIRECTION('',(-6.975647374412E-002,0.E+000,0.99756405026));
#14494 = ORIENTED_EDGE('',*,*,#14495,.F.);
#14495 = EDGE_CURVE('',#14496,#14488,#14498,.T.);
#14496 = VERTEX_POINT('',#14497);
#14497 = CARTESIAN_POINT('',(-1.3,0.2,0.149634607539));
#14498 = LINE('',#14499,#14500);
#14499 = CARTESIAN_POINT('',(-1.3,0.2,0.149634607539));
#14500 = VECTOR('',#14501,1.);
#14501 = DIRECTION('',(-0.E+000,-1.,-0.E+000));
#14502 = ORIENTED_EDGE('',*,*,#14503,.F.);
#14503 = EDGE_CURVE('',#14465,#14496,#14504,.T.);
#14504 = LINE('',#14505,#14506);
#14505 = CARTESIAN_POINT('',(-1.289536528938,0.2,0.E+000));
#14506 = VECTOR('',#14507,1.);
#14507 = DIRECTION('',(-6.975647374412E-002,0.E+000,0.99756405026));
#14508 = ORIENTED_EDGE('',*,*,#14464,.T.);
#14509 = PLANE('',#14510);
#14510 = AXIS2_PLACEMENT_3D('',#14511,#14512,#14513);
#14511 = CARTESIAN_POINT('',(-1.289536528938,0.2,0.E+000));
#14512 = DIRECTION('',(0.99756405026,-0.E+000,6.975647374412E-002));
#14513 = DIRECTION('',(6.975647374412E-002,0.E+000,-0.99756405026));
#14514 = ADVANCED_FACE('',(#14515),#14540,.F.);
#14515 = FACE_BOUND('',#14516,.T.);
#14516 = EDGE_LOOP('',(#14517,#14525,#14533,#14539));
#14517 = ORIENTED_EDGE('',*,*,#14518,.T.);
#14518 = EDGE_CURVE('',#14488,#14519,#14521,.T.);
#14519 = VERTEX_POINT('',#14520);
#14520 = CARTESIAN_POINT('',(-1.156512176313,-0.2,0.159668253602));
#14521 = LINE('',#14522,#14523);
#14522 = CARTESIAN_POINT('',(-1.3,-0.2,0.149634607539));
#14523 = VECTOR('',#14524,1.);
#14524 = DIRECTION('',(0.99756405026,0.E+000,6.975647374412E-002));
#14525 = ORIENTED_EDGE('',*,*,#14526,.F.);
#14526 = EDGE_CURVE('',#14527,#14519,#14529,.T.);
#14527 = VERTEX_POINT('',#14528);
#14528 = CARTESIAN_POINT('',(-1.156512176313,0.2,0.159668253602));
#14529 = LINE('',#14530,#14531);
#14530 = CARTESIAN_POINT('',(-1.156512176313,0.2,0.159668253602));
#14531 = VECTOR('',#14532,1.);
#14532 = DIRECTION('',(-0.E+000,-1.,-0.E+000));
#14533 = ORIENTED_EDGE('',*,*,#14534,.F.);
#14534 = EDGE_CURVE('',#14496,#14527,#14535,.T.);
#14535 = LINE('',#14536,#14537);
#14536 = CARTESIAN_POINT('',(-1.3,0.2,0.149634607539));
#14537 = VECTOR('',#14538,1.);
#14538 = DIRECTION('',(0.99756405026,0.E+000,6.975647374412E-002));
#14539 = ORIENTED_EDGE('',*,*,#14495,.T.);
#14540 = PLANE('',#14541);
#14541 = AXIS2_PLACEMENT_3D('',#14542,#14543,#14544);
#14542 = CARTESIAN_POINT('',(-1.3,0.2,0.149634607539));
#14543 = DIRECTION('',(6.975647374412E-002,0.E+000,-0.99756405026));
#14544 = DIRECTION('',(-0.99756405026,0.E+000,-6.975647374412E-002));
#14545 = ADVANCED_FACE('',(#14546),#14573,.F.);
#14546 = FACE_BOUND('',#14547,.F.);
#14547 = EDGE_LOOP('',(#14548,#14549,#14558,#14566));
#14548 = ORIENTED_EDGE('',*,*,#14526,.F.);
#14549 = ORIENTED_EDGE('',*,*,#14550,.T.);
#14550 = EDGE_CURVE('',#14527,#14551,#14553,.T.);
#14551 = VERTEX_POINT('',#14552);
#14552 = CARTESIAN_POINT('',(-1.11,0.2,0.209546456115));
#14553 = CIRCLE('',#14554,5.E-002);
#14554 = AXIS2_PLACEMENT_3D('',#14555,#14556,#14557);
#14555 = CARTESIAN_POINT('',(-1.16,0.2,0.209546456115));
#14556 = DIRECTION('',(0.E+000,-1.,0.E+000));
#14557 = DIRECTION('',(0.E+000,0.E+000,-1.));
#14558 = ORIENTED_EDGE('',*,*,#14559,.T.);
#14559 = EDGE_CURVE('',#14551,#14560,#14562,.T.);
#14560 = VERTEX_POINT('',#14561);
#14561 = CARTESIAN_POINT('',(-1.11,-0.2,0.209546456115));
#14562 = LINE('',#14563,#14564);
#14563 = CARTESIAN_POINT('',(-1.11,0.2,0.209546456115));
#14564 = VECTOR('',#14565,1.);
#14565 = DIRECTION('',(-0.E+000,-1.,-0.E+000));
#14566 = ORIENTED_EDGE('',*,*,#14567,.F.);
#14567 = EDGE_CURVE('',#14519,#14560,#14568,.T.);
#14568 = CIRCLE('',#14569,5.E-002);
#14569 = AXIS2_PLACEMENT_3D('',#14570,#14571,#14572);
#14570 = CARTESIAN_POINT('',(-1.16,-0.2,0.209546456115));
#14571 = DIRECTION('',(0.E+000,-1.,0.E+000));
#14572 = DIRECTION('',(0.E+000,0.E+000,-1.));
#14573 = CYLINDRICAL_SURFACE('',#14574,5.E-002);
#14574 = AXIS2_PLACEMENT_3D('',#14575,#14576,#14577);
#14575 = CARTESIAN_POINT('',(-1.16,0.2,0.209546456115));
#14576 = DIRECTION('',(-0.E+000,-1.,-0.E+000));
#14577 = DIRECTION('',(0.E+000,0.E+000,-1.));
#14578 = ADVANCED_FACE('',(#14579),#14604,.F.);
#14579 = FACE_BOUND('',#14580,.T.);
#14580 = EDGE_LOOP('',(#14581,#14589,#14597,#14603));
#14581 = ORIENTED_EDGE('',*,*,#14582,.T.);
#14582 = EDGE_CURVE('',#14560,#14583,#14585,.T.);
#14583 = VERTEX_POINT('',#14584);
#14584 = CARTESIAN_POINT('',(-1.11,-0.2,0.61));
#14585 = LINE('',#14586,#14587);
#14586 = CARTESIAN_POINT('',(-1.11,-0.2,0.209546456115));
#14587 = VECTOR('',#14588,1.);
#14588 = DIRECTION('',(5.414871158175E-016,0.E+000,1.));
#14589 = ORIENTED_EDGE('',*,*,#14590,.F.);
#14590 = EDGE_CURVE('',#14591,#14583,#14593,.T.);
#14591 = VERTEX_POINT('',#14592);
#14592 = CARTESIAN_POINT('',(-1.11,0.2,0.61));
#14593 = LINE('',#14594,#14595);
#14594 = CARTESIAN_POINT('',(-1.11,0.2,0.61));
#14595 = VECTOR('',#14596,1.);
#14596 = DIRECTION('',(-0.E+000,-1.,-0.E+000));
#14597 = ORIENTED_EDGE('',*,*,#14598,.F.);
#14598 = EDGE_CURVE('',#14551,#14591,#14599,.T.);
#14599 = LINE('',#14600,#14601);
#14600 = CARTESIAN_POINT('',(-1.11,0.2,0.209546456115));
#14601 = VECTOR('',#14602,1.);
#14602 = DIRECTION('',(5.414871158175E-016,0.E+000,1.));
#14603 = ORIENTED_EDGE('',*,*,#14559,.T.);
#14604 = PLANE('',#14605);
#14605 = AXIS2_PLACEMENT_3D('',#14606,#14607,#14608);
#14606 = CARTESIAN_POINT('',(-1.11,0.2,0.209546456115));
#14607 = DIRECTION('',(1.,0.E+000,-5.414871158175E-016));
#14608 = DIRECTION('',(-5.414871158175E-016,0.E+000,-1.));
#14609 = ADVANCED_FACE('',(#14610),#14628,.T.);
#14610 = FACE_BOUND('',#14611,.T.);
#14611 = EDGE_LOOP('',(#14612,#14619,#14620,#14627));
#14612 = ORIENTED_EDGE('',*,*,#14613,.T.);
#14613 = EDGE_CURVE('',#14583,#14298,#14614,.T.);
#14614 = CIRCLE('',#14615,0.2);
#14615 = AXIS2_PLACEMENT_3D('',#14616,#14617,#14618);
#14616 = CARTESIAN_POINT('',(-0.91,-0.2,0.61));
#14617 = DIRECTION('',(0.E+000,1.,0.E+000));
#14618 = DIRECTION('',(0.E+000,-0.E+000,1.));
#14619 = ORIENTED_EDGE('',*,*,#14314,.F.);
#14620 = ORIENTED_EDGE('',*,*,#14621,.F.);
#14621 = EDGE_CURVE('',#14591,#14307,#14622,.T.);
#14622 = CIRCLE('',#14623,0.2);
#14623 = AXIS2_PLACEMENT_3D('',#14624,#14625,#14626);
#14624 = CARTESIAN_POINT('',(-0.91,0.2,0.61));
#14625 = DIRECTION('',(0.E+000,1.,0.E+000));
#14626 = DIRECTION('',(0.E+000,-0.E+000,1.));
#14627 = ORIENTED_EDGE('',*,*,#14590,.T.);
#14628 = CYLINDRICAL_SURFACE('',#14629,0.2);
#14629 = AXIS2_PLACEMENT_3D('',#14630,#14631,#14632);
#14630 = CARTESIAN_POINT('',(-0.91,0.2,0.61));
#14631 = DIRECTION('',(-0.E+000,-1.,-0.E+000));
#14632 = DIRECTION('',(0.E+000,0.E+000,-1.));
#14633 = ADVANCED_FACE('',(#14634),#14648,.F.);
#14634 = FACE_BOUND('',#14635,.T.);
#14635 = EDGE_LOOP('',(#14636,#14637,#14638,#14639,#14640,#14641,#14642,
    #14643,#14644,#14645,#14646,#14647));
#14636 = ORIENTED_EDGE('',*,*,#14306,.T.);
#14637 = ORIENTED_EDGE('',*,*,#14044,.T.);
#14638 = ORIENTED_EDGE('',*,*,#14344,.T.);
#14639 = ORIENTED_EDGE('',*,*,#14360,.T.);
#14640 = ORIENTED_EDGE('',*,*,#14408,.T.);
#14641 = ORIENTED_EDGE('',*,*,#14440,.T.);
#14642 = ORIENTED_EDGE('',*,*,#14472,.T.);
#14643 = ORIENTED_EDGE('',*,*,#14503,.T.);
#14644 = ORIENTED_EDGE('',*,*,#14534,.T.);
#14645 = ORIENTED_EDGE('',*,*,#14550,.T.);
#14646 = ORIENTED_EDGE('',*,*,#14598,.T.);
#14647 = ORIENTED_EDGE('',*,*,#14621,.T.);
#14648 = PLANE('',#14649);
#14649 = AXIS2_PLACEMENT_3D('',#14650,#14651,#14652);
#14650 = CARTESIAN_POINT('',(-0.91,0.2,0.61));
#14651 = DIRECTION('',(0.E+000,-1.,0.E+000));
#14652 = DIRECTION('',(0.E+000,-0.E+000,-1.));
#14653 = ADVANCED_FACE('',(#14654),#14668,.T.);
#14654 = FACE_BOUND('',#14655,.T.);
#14655 = EDGE_LOOP('',(#14656,#14657,#14658,#14659,#14660,#14661,#14662,
    #14663,#14664,#14665,#14666,#14667));
#14656 = ORIENTED_EDGE('',*,*,#14297,.F.);
#14657 = ORIENTED_EDGE('',*,*,#14613,.F.);
#14658 = ORIENTED_EDGE('',*,*,#14582,.F.);
#14659 = ORIENTED_EDGE('',*,*,#14567,.F.);
#14660 = ORIENTED_EDGE('',*,*,#14518,.F.);
#14661 = ORIENTED_EDGE('',*,*,#14487,.F.);
#14662 = ORIENTED_EDGE('',*,*,#14456,.F.);
#14663 = ORIENTED_EDGE('',*,*,#14423,.F.);
#14664 = ORIENTED_EDGE('',*,*,#14392,.F.);
#14665 = ORIENTED_EDGE('',*,*,#14377,.F.);
#14666 = ORIENTED_EDGE('',*,*,#14328,.F.);
#14667 = ORIENTED_EDGE('',*,*,#14060,.F.);
#14668 = PLANE('',#14669);
#14669 = AXIS2_PLACEMENT_3D('',#14670,#14671,#14672);
#14670 = CARTESIAN_POINT('',(-0.91,-0.2,0.61));
#14671 = DIRECTION('',(0.E+000,-1.,0.E+000));
#14672 = DIRECTION('',(0.E+000,-0.E+000,-1.));
#14673 = ADVANCED_FACE('',(#14674),#14699,.T.);
#14674 = FACE_BOUND('',#14675,.T.);
#14675 = EDGE_LOOP('',(#14676,#14684,#14692,#14698));
#14676 = ORIENTED_EDGE('',*,*,#14677,.F.);
#14677 = EDGE_CURVE('',#14678,#13989,#14680,.T.);
#14678 = VERTEX_POINT('',#14679);
#14679 = CARTESIAN_POINT('',(0.91,-0.2,0.81));
#14680 = LINE('',#14681,#14682);
#14681 = CARTESIAN_POINT('',(0.91,-0.2,0.81));
#14682 = VECTOR('',#14683,1.);
#14683 = DIRECTION('',(-1.,0.E+000,3.488297689746E-015));
#14684 = ORIENTED_EDGE('',*,*,#14685,.F.);
#14685 = EDGE_CURVE('',#14686,#14678,#14688,.T.);
#14686 = VERTEX_POINT('',#14687);
#14687 = CARTESIAN_POINT('',(0.91,0.2,0.81));
#14688 = LINE('',#14689,#14690);
#14689 = CARTESIAN_POINT('',(0.91,0.2,0.81));
#14690 = VECTOR('',#14691,1.);
#14691 = DIRECTION('',(-0.E+000,-1.,-0.E+000));
#14692 = ORIENTED_EDGE('',*,*,#14693,.T.);
#14693 = EDGE_CURVE('',#14686,#13939,#14694,.T.);
#14694 = LINE('',#14695,#14696);
#14695 = CARTESIAN_POINT('',(0.91,0.2,0.81));
#14696 = VECTOR('',#14697,1.);
#14697 = DIRECTION('',(-1.,0.E+000,3.488297689746E-015));
#14698 = ORIENTED_EDGE('',*,*,#13996,.T.);
#14699 = PLANE('',#14700);
#14700 = AXIS2_PLACEMENT_3D('',#14701,#14702,#14703);
#14701 = CARTESIAN_POINT('',(0.91,0.2,0.81));
#14702 = DIRECTION('',(3.488297689746E-015,-0.E+000,1.));
#14703 = DIRECTION('',(1.,0.E+000,-3.488297689746E-015));
#14704 = ADVANCED_FACE('',(#14705),#14732,.T.);
#14705 = FACE_BOUND('',#14706,.T.);
#14706 = EDGE_LOOP('',(#14707,#14716,#14724,#14731));
#14707 = ORIENTED_EDGE('',*,*,#14708,.F.);
#14708 = EDGE_CURVE('',#14709,#14678,#14711,.T.);
#14709 = VERTEX_POINT('',#14710);
#14710 = CARTESIAN_POINT('',(1.11,-0.2,0.61));
#14711 = CIRCLE('',#14712,0.2);
#14712 = AXIS2_PLACEMENT_3D('',#14713,#14714,#14715);
#14713 = CARTESIAN_POINT('',(0.91,-0.2,0.61));
#14714 = DIRECTION('',(0.E+000,-1.,0.E+000));
#14715 = DIRECTION('',(0.E+000,0.E+000,1.));
#14716 = ORIENTED_EDGE('',*,*,#14717,.F.);
#14717 = EDGE_CURVE('',#14718,#14709,#14720,.T.);
#14718 = VERTEX_POINT('',#14719);
#14719 = CARTESIAN_POINT('',(1.11,0.2,0.61));
#14720 = LINE('',#14721,#14722);
#14721 = CARTESIAN_POINT('',(1.11,0.2,0.61));
#14722 = VECTOR('',#14723,1.);
#14723 = DIRECTION('',(-0.E+000,-1.,-0.E+000));
#14724 = ORIENTED_EDGE('',*,*,#14725,.T.);
#14725 = EDGE_CURVE('',#14718,#14686,#14726,.T.);
#14726 = CIRCLE('',#14727,0.2);
#14727 = AXIS2_PLACEMENT_3D('',#14728,#14729,#14730);
#14728 = CARTESIAN_POINT('',(0.91,0.2,0.61));
#14729 = DIRECTION('',(0.E+000,-1.,0.E+000));
#14730 = DIRECTION('',(0.E+000,0.E+000,1.));
#14731 = ORIENTED_EDGE('',*,*,#14685,.T.);
#14732 = CYLINDRICAL_SURFACE('',#14733,0.2);
#14733 = AXIS2_PLACEMENT_3D('',#14734,#14735,#14736);
#14734 = CARTESIAN_POINT('',(0.91,0.2,0.61));
#14735 = DIRECTION('',(-0.E+000,-1.,-0.E+000));
#14736 = DIRECTION('',(0.E+000,0.E+000,-1.));
#14737 = ADVANCED_FACE('',(#14738),#14763,.T.);
#14738 = FACE_BOUND('',#14739,.T.);
#14739 = EDGE_LOOP('',(#14740,#14748,#14756,#14762));
#14740 = ORIENTED_EDGE('',*,*,#14741,.F.);
#14741 = EDGE_CURVE('',#14742,#14709,#14744,.T.);
#14742 = VERTEX_POINT('',#14743);
#14743 = CARTESIAN_POINT('',(1.11,-0.2,0.209546456115));
#14744 = LINE('',#14745,#14746);
#14745 = CARTESIAN_POINT('',(1.11,-0.2,0.209546456115));
#14746 = VECTOR('',#14747,1.);
#14747 = DIRECTION('',(-5.414871158175E-016,0.E+000,1.));
#14748 = ORIENTED_EDGE('',*,*,#14749,.F.);
#14749 = EDGE_CURVE('',#14750,#14742,#14752,.T.);
#14750 = VERTEX_POINT('',#14751);
#14751 = CARTESIAN_POINT('',(1.11,0.2,0.209546456115));
#14752 = LINE('',#14753,#14754);
#14753 = CARTESIAN_POINT('',(1.11,0.2,0.209546456115));
#14754 = VECTOR('',#14755,1.);
#14755 = DIRECTION('',(-0.E+000,-1.,-0.E+000));
#14756 = ORIENTED_EDGE('',*,*,#14757,.T.);
#14757 = EDGE_CURVE('',#14750,#14718,#14758,.T.);
#14758 = LINE('',#14759,#14760);
#14759 = CARTESIAN_POINT('',(1.11,0.2,0.209546456115));
#14760 = VECTOR('',#14761,1.);
#14761 = DIRECTION('',(-5.414871158175E-016,0.E+000,1.));
#14762 = ORIENTED_EDGE('',*,*,#14717,.T.);
#14763 = PLANE('',#14764);
#14764 = AXIS2_PLACEMENT_3D('',#14765,#14766,#14767);
#14765 = CARTESIAN_POINT('',(1.11,0.2,0.209546456115));
#14766 = DIRECTION('',(1.,-0.E+000,5.414871158175E-016));
#14767 = DIRECTION('',(5.414871158175E-016,0.E+000,-1.));
#14768 = ADVANCED_FACE('',(#14769),#14796,.F.);
#14769 = FACE_BOUND('',#14770,.F.);
#14770 = EDGE_LOOP('',(#14771,#14772,#14781,#14789));
#14771 = ORIENTED_EDGE('',*,*,#14749,.F.);
#14772 = ORIENTED_EDGE('',*,*,#14773,.F.);
#14773 = EDGE_CURVE('',#14774,#14750,#14776,.T.);
#14774 = VERTEX_POINT('',#14775);
#14775 = CARTESIAN_POINT('',(1.156512176313,0.2,0.159668253602));
#14776 = CIRCLE('',#14777,5.E-002);
#14777 = AXIS2_PLACEMENT_3D('',#14778,#14779,#14780);
#14778 = CARTESIAN_POINT('',(1.16,0.2,0.209546456115));
#14779 = DIRECTION('',(-0.E+000,1.,0.E+000));
#14780 = DIRECTION('',(0.E+000,0.E+000,-1.));
#14781 = ORIENTED_EDGE('',*,*,#14782,.T.);
#14782 = EDGE_CURVE('',#14774,#14783,#14785,.T.);
#14783 = VERTEX_POINT('',#14784);
#14784 = CARTESIAN_POINT('',(1.156512176313,-0.2,0.159668253602));
#14785 = LINE('',#14786,#14787);
#14786 = CARTESIAN_POINT('',(1.156512176313,0.2,0.159668253602));
#14787 = VECTOR('',#14788,1.);
#14788 = DIRECTION('',(-0.E+000,-1.,-0.E+000));
#14789 = ORIENTED_EDGE('',*,*,#14790,.T.);
#14790 = EDGE_CURVE('',#14783,#14742,#14791,.T.);
#14791 = CIRCLE('',#14792,5.E-002);
#14792 = AXIS2_PLACEMENT_3D('',#14793,#14794,#14795);
#14793 = CARTESIAN_POINT('',(1.16,-0.2,0.209546456115));
#14794 = DIRECTION('',(-0.E+000,1.,0.E+000));
#14795 = DIRECTION('',(0.E+000,0.E+000,-1.));
#14796 = CYLINDRICAL_SURFACE('',#14797,5.E-002);
#14797 = AXIS2_PLACEMENT_3D('',#14798,#14799,#14800);
#14798 = CARTESIAN_POINT('',(1.16,0.2,0.209546456115));
#14799 = DIRECTION('',(-0.E+000,-1.,-0.E+000));
#14800 = DIRECTION('',(0.E+000,0.E+000,-1.));
#14801 = ADVANCED_FACE('',(#14802),#14827,.T.);
#14802 = FACE_BOUND('',#14803,.T.);
#14803 = EDGE_LOOP('',(#14804,#14812,#14820,#14826));
#14804 = ORIENTED_EDGE('',*,*,#14805,.F.);
#14805 = EDGE_CURVE('',#14806,#14783,#14808,.T.);
#14806 = VERTEX_POINT('',#14807);
#14807 = CARTESIAN_POINT('',(1.3,-0.2,0.149634607539));
#14808 = LINE('',#14809,#14810);
#14809 = CARTESIAN_POINT('',(1.3,-0.2,0.149634607539));
#14810 = VECTOR('',#14811,1.);
#14811 = DIRECTION('',(-0.99756405026,0.E+000,6.975647374412E-002));
#14812 = ORIENTED_EDGE('',*,*,#14813,.F.);
#14813 = EDGE_CURVE('',#14814,#14806,#14816,.T.);
#14814 = VERTEX_POINT('',#14815);
#14815 = CARTESIAN_POINT('',(1.3,0.2,0.149634607539));
#14816 = LINE('',#14817,#14818);
#14817 = CARTESIAN_POINT('',(1.3,0.2,0.149634607539));
#14818 = VECTOR('',#14819,1.);
#14819 = DIRECTION('',(-0.E+000,-1.,-0.E+000));
#14820 = ORIENTED_EDGE('',*,*,#14821,.T.);
#14821 = EDGE_CURVE('',#14814,#14774,#14822,.T.);
#14822 = LINE('',#14823,#14824);
#14823 = CARTESIAN_POINT('',(1.3,0.2,0.149634607539));
#14824 = VECTOR('',#14825,1.);
#14825 = DIRECTION('',(-0.99756405026,0.E+000,6.975647374412E-002));
#14826 = ORIENTED_EDGE('',*,*,#14782,.T.);
#14827 = PLANE('',#14828);
#14828 = AXIS2_PLACEMENT_3D('',#14829,#14830,#14831);
#14829 = CARTESIAN_POINT('',(1.3,0.2,0.149634607539));
#14830 = DIRECTION('',(6.975647374412E-002,-0.E+000,0.99756405026));
#14831 = DIRECTION('',(0.99756405026,0.E+000,-6.975647374412E-002));
#14832 = ADVANCED_FACE('',(#14833),#14858,.T.);
#14833 = FACE_BOUND('',#14834,.T.);
#14834 = EDGE_LOOP('',(#14835,#14843,#14851,#14857));
#14835 = ORIENTED_EDGE('',*,*,#14836,.F.);
#14836 = EDGE_CURVE('',#14837,#14806,#14839,.T.);
#14837 = VERTEX_POINT('',#14838);
#14838 = CARTESIAN_POINT('',(1.289536528938,-0.2,0.E+000));
#14839 = LINE('',#14840,#14841);
#14840 = CARTESIAN_POINT('',(1.289536528938,-0.2,0.E+000));
#14841 = VECTOR('',#14842,1.);
#14842 = DIRECTION('',(6.975647374412E-002,0.E+000,0.99756405026));
#14843 = ORIENTED_EDGE('',*,*,#14844,.F.);
#14844 = EDGE_CURVE('',#14845,#14837,#14847,.T.);
#14845 = VERTEX_POINT('',#14846);
#14846 = CARTESIAN_POINT('',(1.289536528938,0.2,0.E+000));
#14847 = LINE('',#14848,#14849);
#14848 = CARTESIAN_POINT('',(1.289536528938,0.2,0.E+000));
#14849 = VECTOR('',#14850,1.);
#14850 = DIRECTION('',(-0.E+000,-1.,-0.E+000));
#14851 = ORIENTED_EDGE('',*,*,#14852,.T.);
#14852 = EDGE_CURVE('',#14845,#14814,#14853,.T.);
#14853 = LINE('',#14854,#14855);
#14854 = CARTESIAN_POINT('',(1.289536528938,0.2,0.E+000));
#14855 = VECTOR('',#14856,1.);
#14856 = DIRECTION('',(6.975647374412E-002,0.E+000,0.99756405026));
#14857 = ORIENTED_EDGE('',*,*,#14813,.T.);
#14858 = PLANE('',#14859);
#14859 = AXIS2_PLACEMENT_3D('',#14860,#14861,#14862);
#14860 = CARTESIAN_POINT('',(1.289536528938,0.2,0.E+000));
#14861 = DIRECTION('',(0.99756405026,0.E+000,-6.975647374412E-002));
#14862 = DIRECTION('',(-6.975647374412E-002,0.E+000,-0.99756405026));
#14863 = ADVANCED_FACE('',(#14864),#14889,.T.);
#14864 = FACE_BOUND('',#14865,.T.);
#14865 = EDGE_LOOP('',(#14866,#14874,#14882,#14888));
#14866 = ORIENTED_EDGE('',*,*,#14867,.F.);
#14867 = EDGE_CURVE('',#14868,#14837,#14870,.T.);
#14868 = VERTEX_POINT('',#14869);
#14869 = CARTESIAN_POINT('',(1.146048705251,-0.2,1.003364606316E-002));
#14870 = LINE('',#14871,#14872);
#14871 = CARTESIAN_POINT('',(1.146048705251,-0.2,1.003364606316E-002));
#14872 = VECTOR('',#14873,1.);
#14873 = DIRECTION('',(0.99756405026,0.E+000,-6.975647374412E-002));
#14874 = ORIENTED_EDGE('',*,*,#14875,.F.);
#14875 = EDGE_CURVE('',#14876,#14868,#14878,.T.);
#14876 = VERTEX_POINT('',#14877);
#14877 = CARTESIAN_POINT('',(1.146048705251,0.2,1.003364606316E-002));
#14878 = LINE('',#14879,#14880);
#14879 = CARTESIAN_POINT('',(1.146048705251,0.2,1.003364606316E-002));
#14880 = VECTOR('',#14881,1.);
#14881 = DIRECTION('',(-0.E+000,-1.,-0.E+000));
#14882 = ORIENTED_EDGE('',*,*,#14883,.T.);
#14883 = EDGE_CURVE('',#14876,#14845,#14884,.T.);
#14884 = LINE('',#14885,#14886);
#14885 = CARTESIAN_POINT('',(1.146048705251,0.2,1.003364606316E-002));
#14886 = VECTOR('',#14887,1.);
#14887 = DIRECTION('',(0.99756405026,0.E+000,-6.975647374412E-002));
#14888 = ORIENTED_EDGE('',*,*,#14844,.T.);
#14889 = PLANE('',#14890);
#14890 = AXIS2_PLACEMENT_3D('',#14891,#14892,#14893);
#14891 = CARTESIAN_POINT('',(1.146048705251,0.2,1.003364606316E-002));
#14892 = DIRECTION('',(-6.975647374412E-002,0.E+000,-0.99756405026));
#14893 = DIRECTION('',(-0.99756405026,0.E+000,6.975647374412E-002));
#14894 = ADVANCED_FACE('',(#14895),#14922,.T.);
#14895 = FACE_BOUND('',#14896,.T.);
#14896 = EDGE_LOOP('',(#14897,#14906,#14914,#14921));
#14897 = ORIENTED_EDGE('',*,*,#14898,.F.);
#14898 = EDGE_CURVE('',#14899,#14868,#14901,.T.);
#14899 = VERTEX_POINT('',#14900);
#14900 = CARTESIAN_POINT('',(0.96,-0.2,0.209546456115));
#14901 = CIRCLE('',#14902,0.2);
#14902 = AXIS2_PLACEMENT_3D('',#14903,#14904,#14905);
#14903 = CARTESIAN_POINT('',(1.16,-0.2,0.209546456115));
#14904 = DIRECTION('',(0.E+000,-1.,0.E+000));
#14905 = DIRECTION('',(0.E+000,0.E+000,1.));
#14906 = ORIENTED_EDGE('',*,*,#14907,.F.);
#14907 = EDGE_CURVE('',#14908,#14899,#14910,.T.);
#14908 = VERTEX_POINT('',#14909);
#14909 = CARTESIAN_POINT('',(0.96,0.2,0.209546456115));
#14910 = LINE('',#14911,#14912);
#14911 = CARTESIAN_POINT('',(0.96,0.2,0.209546456115));
#14912 = VECTOR('',#14913,1.);
#14913 = DIRECTION('',(-0.E+000,-1.,-0.E+000));
#14914 = ORIENTED_EDGE('',*,*,#14915,.T.);
#14915 = EDGE_CURVE('',#14908,#14876,#14916,.T.);
#14916 = CIRCLE('',#14917,0.2);
#14917 = AXIS2_PLACEMENT_3D('',#14918,#14919,#14920);
#14918 = CARTESIAN_POINT('',(1.16,0.2,0.209546456115));
#14919 = DIRECTION('',(0.E+000,-1.,0.E+000));
#14920 = DIRECTION('',(0.E+000,0.E+000,1.));
#14921 = ORIENTED_EDGE('',*,*,#14875,.T.);
#14922 = CYLINDRICAL_SURFACE('',#14923,0.2);
#14923 = AXIS2_PLACEMENT_3D('',#14924,#14925,#14926);
#14924 = CARTESIAN_POINT('',(1.16,0.2,0.209546456115));
#14925 = DIRECTION('',(-0.E+000,-1.,-0.E+000));
#14926 = DIRECTION('',(0.E+000,0.E+000,-1.));
#14927 = ADVANCED_FACE('',(#14928),#14953,.T.);
#14928 = FACE_BOUND('',#14929,.T.);
#14929 = EDGE_LOOP('',(#14930,#14938,#14946,#14952));
#14930 = ORIENTED_EDGE('',*,*,#14931,.F.);
#14931 = EDGE_CURVE('',#14932,#14899,#14934,.T.);
#14932 = VERTEX_POINT('',#14933);
#14933 = CARTESIAN_POINT('',(0.96,-0.2,0.61));
#14934 = LINE('',#14935,#14936);
#14935 = CARTESIAN_POINT('',(0.96,-0.2,0.61));
#14936 = VECTOR('',#14937,1.);
#14937 = DIRECTION('',(0.E+000,0.E+000,-1.));
#14938 = ORIENTED_EDGE('',*,*,#14939,.F.);
#14939 = EDGE_CURVE('',#14940,#14932,#14942,.T.);
#14940 = VERTEX_POINT('',#14941);
#14941 = CARTESIAN_POINT('',(0.96,0.2,0.61));
#14942 = LINE('',#14943,#14944);
#14943 = CARTESIAN_POINT('',(0.96,0.2,0.61));
#14944 = VECTOR('',#14945,1.);
#14945 = DIRECTION('',(-0.E+000,-1.,-0.E+000));
#14946 = ORIENTED_EDGE('',*,*,#14947,.T.);
#14947 = EDGE_CURVE('',#14940,#14908,#14948,.T.);
#14948 = LINE('',#14949,#14950);
#14949 = CARTESIAN_POINT('',(0.96,0.2,0.61));
#14950 = VECTOR('',#14951,1.);
#14951 = DIRECTION('',(0.E+000,0.E+000,-1.));
#14952 = ORIENTED_EDGE('',*,*,#14907,.T.);
#14953 = PLANE('',#14954);
#14954 = AXIS2_PLACEMENT_3D('',#14955,#14956,#14957);
#14955 = CARTESIAN_POINT('',(0.96,0.2,0.61));
#14956 = DIRECTION('',(-1.,0.E+000,0.E+000));
#14957 = DIRECTION('',(0.E+000,0.E+000,1.));
#14958 = ADVANCED_FACE('',(#14959),#14986,.F.);
#14959 = FACE_BOUND('',#14960,.F.);
#14960 = EDGE_LOOP('',(#14961,#14962,#14971,#14979));
#14961 = ORIENTED_EDGE('',*,*,#14939,.F.);
#14962 = ORIENTED_EDGE('',*,*,#14963,.F.);
#14963 = EDGE_CURVE('',#14964,#14940,#14966,.T.);
#14964 = VERTEX_POINT('',#14965);
#14965 = CARTESIAN_POINT('',(0.91,0.2,0.66));
#14966 = CIRCLE('',#14967,5.E-002);
#14967 = AXIS2_PLACEMENT_3D('',#14968,#14969,#14970);
#14968 = CARTESIAN_POINT('',(0.91,0.2,0.61));
#14969 = DIRECTION('',(-0.E+000,1.,0.E+000));
#14970 = DIRECTION('',(0.E+000,0.E+000,-1.));
#14971 = ORIENTED_EDGE('',*,*,#14972,.T.);
#14972 = EDGE_CURVE('',#14964,#14973,#14975,.T.);
#14973 = VERTEX_POINT('',#14974);
#14974 = CARTESIAN_POINT('',(0.91,-0.2,0.66));
#14975 = LINE('',#14976,#14977);
#14976 = CARTESIAN_POINT('',(0.91,0.2,0.66));
#14977 = VECTOR('',#14978,1.);
#14978 = DIRECTION('',(-0.E+000,-1.,-0.E+000));
#14979 = ORIENTED_EDGE('',*,*,#14980,.T.);
#14980 = EDGE_CURVE('',#14973,#14932,#14981,.T.);
#14981 = CIRCLE('',#14982,5.E-002);
#14982 = AXIS2_PLACEMENT_3D('',#14983,#14984,#14985);
#14983 = CARTESIAN_POINT('',(0.91,-0.2,0.61));
#14984 = DIRECTION('',(-0.E+000,1.,0.E+000));
#14985 = DIRECTION('',(0.E+000,0.E+000,-1.));
#14986 = CYLINDRICAL_SURFACE('',#14987,5.E-002);
#14987 = AXIS2_PLACEMENT_3D('',#14988,#14989,#14990);
#14988 = CARTESIAN_POINT('',(0.91,0.2,0.61));
#14989 = DIRECTION('',(-0.E+000,-1.,-0.E+000));
#14990 = DIRECTION('',(0.E+000,0.E+000,-1.));
#14991 = ADVANCED_FACE('',(#14992),#15008,.T.);
#14992 = FACE_BOUND('',#14993,.T.);
#14993 = EDGE_LOOP('',(#14994,#15000,#15001,#15007));
#14994 = ORIENTED_EDGE('',*,*,#14995,.F.);
#14995 = EDGE_CURVE('',#13981,#14973,#14996,.T.);
#14996 = LINE('',#14997,#14998);
#14997 = CARTESIAN_POINT('',(0.9,-0.2,0.66));
#14998 = VECTOR('',#14999,1.);
#14999 = DIRECTION('',(1.,0.E+000,-1.084202172486E-014));
#15000 = ORIENTED_EDGE('',*,*,#14196,.F.);
#15001 = ORIENTED_EDGE('',*,*,#15002,.T.);
#15002 = EDGE_CURVE('',#13941,#14964,#15003,.T.);
#15003 = LINE('',#15004,#15005);
#15004 = CARTESIAN_POINT('',(0.9,0.2,0.66));
#15005 = VECTOR('',#15006,1.);
#15006 = DIRECTION('',(1.,0.E+000,-1.084202172486E-014));
#15007 = ORIENTED_EDGE('',*,*,#14972,.T.);
#15008 = PLANE('',#15009);
#15009 = AXIS2_PLACEMENT_3D('',#15010,#15011,#15012);
#15010 = CARTESIAN_POINT('',(0.9,0.2,0.66));
#15011 = DIRECTION('',(-1.084202172486E-014,0.E+000,-1.));
#15012 = DIRECTION('',(-1.,0.E+000,1.084202172486E-014));
#15013 = ADVANCED_FACE('',(#15014),#15028,.F.);
#15014 = FACE_BOUND('',#15015,.T.);
#15015 = EDGE_LOOP('',(#15016,#15017,#15018,#15019,#15020,#15021,#15022,
    #15023,#15024,#15025,#15026,#15027));
#15016 = ORIENTED_EDGE('',*,*,#14693,.F.);
#15017 = ORIENTED_EDGE('',*,*,#14725,.F.);
#15018 = ORIENTED_EDGE('',*,*,#14757,.F.);
#15019 = ORIENTED_EDGE('',*,*,#14773,.F.);
#15020 = ORIENTED_EDGE('',*,*,#14821,.F.);
#15021 = ORIENTED_EDGE('',*,*,#14852,.F.);
#15022 = ORIENTED_EDGE('',*,*,#14883,.F.);
#15023 = ORIENTED_EDGE('',*,*,#14915,.F.);
#15024 = ORIENTED_EDGE('',*,*,#14947,.F.);
#15025 = ORIENTED_EDGE('',*,*,#14963,.F.);
#15026 = ORIENTED_EDGE('',*,*,#15002,.F.);
#15027 = ORIENTED_EDGE('',*,*,#13938,.F.);
#15028 = PLANE('',#15029);
#15029 = AXIS2_PLACEMENT_3D('',#15030,#15031,#15032);
#15030 = CARTESIAN_POINT('',(0.91,0.2,0.61));
#15031 = DIRECTION('',(0.E+000,-1.,-0.E+000));
#15032 = DIRECTION('',(-0.E+000,0.E+000,-1.));
#15033 = ADVANCED_FACE('',(#15034),#15048,.T.);
#15034 = FACE_BOUND('',#15035,.T.);
#15035 = EDGE_LOOP('',(#15036,#15037,#15038,#15039,#15040,#15041,#15042,
    #15043,#15044,#15045,#15046,#15047));
#15036 = ORIENTED_EDGE('',*,*,#14677,.T.);
#15037 = ORIENTED_EDGE('',*,*,#13988,.T.);
#15038 = ORIENTED_EDGE('',*,*,#14995,.T.);
#15039 = ORIENTED_EDGE('',*,*,#14980,.T.);
#15040 = ORIENTED_EDGE('',*,*,#14931,.T.);
#15041 = ORIENTED_EDGE('',*,*,#14898,.T.);
#15042 = ORIENTED_EDGE('',*,*,#14867,.T.);
#15043 = ORIENTED_EDGE('',*,*,#14836,.T.);
#15044 = ORIENTED_EDGE('',*,*,#14805,.T.);
#15045 = ORIENTED_EDGE('',*,*,#14790,.T.);
#15046 = ORIENTED_EDGE('',*,*,#14741,.T.);
#15047 = ORIENTED_EDGE('',*,*,#14708,.T.);
#15048 = PLANE('',#15049);
#15049 = AXIS2_PLACEMENT_3D('',#15050,#15051,#15052);
#15050 = CARTESIAN_POINT('',(0.91,-0.2,0.61));
#15051 = DIRECTION('',(0.E+000,-1.,-0.E+000));
#15052 = DIRECTION('',(-0.E+000,0.E+000,-1.));
#15053 = ADVANCED_FACE('',(#15054),#15065,.F.);
#15054 = FACE_BOUND('',#15055,.T.);
#15055 = EDGE_LOOP('',(#15056,#15057,#15063,#15064));
#15056 = ORIENTED_EDGE('',*,*,#14228,.T.);
#15057 = ORIENTED_EDGE('',*,*,#15058,.F.);
#15058 = EDGE_CURVE('',#14255,#14229,#15059,.T.);
#15059 = LINE('',#15060,#15061);
#15060 = CARTESIAN_POINT('',(-0.3,0.675,1.099));
#15061 = VECTOR('',#15062,1.);
#15062 = DIRECTION('',(-0.E+000,1.,-0.E+000));
#15063 = ORIENTED_EDGE('',*,*,#14254,.T.);
#15064 = ORIENTED_EDGE('',*,*,#14159,.T.);
#15065 = PLANE('',#15066);
#15066 = AXIS2_PLACEMENT_3D('',#15067,#15068,#15069);
#15067 = CARTESIAN_POINT('',(-0.3,0.675,1.099));
#15068 = DIRECTION('',(1.,0.E+000,0.E+000));
#15069 = DIRECTION('',(0.E+000,0.E+000,-1.));
#15070 = ADVANCED_FACE('',(#15071),#15077,.F.);
#15071 = FACE_BOUND('',#15072,.T.);
#15072 = EDGE_LOOP('',(#15073,#15074,#15075,#15076));
#15073 = ORIENTED_EDGE('',*,*,#14240,.T.);
#15074 = ORIENTED_EDGE('',*,*,#14020,.F.);
#15075 = ORIENTED_EDGE('',*,*,#14262,.T.);
#15076 = ORIENTED_EDGE('',*,*,#15058,.T.);
#15077 = PLANE('',#15078);
#15078 = AXIS2_PLACEMENT_3D('',#15079,#15080,#15081);
#15079 = CARTESIAN_POINT('',(0.E+000,0.E+000,1.099));
#15080 = DIRECTION('',(0.E+000,0.E+000,-1.));
#15081 = DIRECTION('',(-1.,0.E+000,-0.E+000));
#15082 = ( GEOMETRIC_REPRESENTATION_CONTEXT(3) 
GLOBAL_UNCERTAINTY_ASSIGNED_CONTEXT((#15086)) 
GLOBAL_UNIT_ASSIGNED_CONTEXT((#15083,#15084,#15085)) 
REPRESENTATION_CONTEXT('Context #1',
  '3D Context with UNIT and UNCERTAINTY') );
#15083 = ( LENGTH_UNIT() NAMED_UNIT(*) SI_UNIT(.MILLI.,.METRE.) );
#15084 = ( NAMED_UNIT(*) PLANE_ANGLE_UNIT() SI_UNIT($,.RADIAN.) );
#15085 = ( NAMED_UNIT(*) SI_UNIT($,.STERADIAN.) SOLID_ANGLE_UNIT() );
#15086 = UNCERTAINTY_MEASURE_WITH_UNIT(LENGTH_MEASURE(1.E-007),#15083,
  'distance_accuracy_value','confusion accuracy');
#15087 = SHAPE_DEFINITION_REPRESENTATION(#15088,#13931);
#15088 = PRODUCT_DEFINITION_SHAPE('','',#15089);
#15089 = PRODUCT_DEFINITION('design','',#15090,#15093);
#15090 = PRODUCT_DEFINITION_FORMATION('','',#15091);
#15091 = PRODUCT('SOD323','SOD323','',(#15092));
#15092 = PRODUCT_CONTEXT('',#2,'mechanical');
#15093 = PRODUCT_DEFINITION_CONTEXT('part definition',#2,'design');
#15094 = CONTEXT_DEPENDENT_SHAPE_REPRESENTATION(#15095,#15097);
#15095 = ( REPRESENTATION_RELATIONSHIP('','',#13931,#13921) 
REPRESENTATION_RELATIONSHIP_WITH_TRANSFORMATION(#15096) 
SHAPE_REPRESENTATION_RELATIONSHIP() );
#15096 = ITEM_DEFINED_TRANSFORMATION('','',#11,#13922);
#15097 = PRODUCT_DEFINITION_SHAPE('Placement','Placement of an item',
  #15098);
#15098 = NEXT_ASSEMBLY_USAGE_OCCURRENCE('23','','',#13916,#15089,$);
#15099 = PRODUCT_RELATED_PRODUCT_CATEGORY('part',$,(#15091));
#15100 = CONTEXT_DEPENDENT_SHAPE_REPRESENTATION(#15101,#15103);
#15101 = ( REPRESENTATION_RELATIONSHIP('','',#13921,#10) 
REPRESENTATION_RELATIONSHIP_WITH_TRANSFORMATION(#15102) 
SHAPE_REPRESENTATION_RELATIONSHIP() );
#15102 = ITEM_DEFINED_TRANSFORMATION('','',#11,#39);
#15103 = PRODUCT_DEFINITION_SHAPE('Placement','Placement of an item',
  #15104);
#15104 = NEXT_ASSEMBLY_USAGE_OCCURRENCE('24','','',#5,#13916,$);
#15105 = PRODUCT_RELATED_PRODUCT_CATEGORY('part',$,(#13918));
#15106 = MECHANICAL_DESIGN_GEOMETRIC_PRESENTATION_REPRESENTATION('',(
    #15107),#5640);
#15107 = STYLED_ITEM('color',(#15108),#5186);
#15108 = PRESENTATION_STYLE_ASSIGNMENT((#15109,#15115));
#15109 = SURFACE_STYLE_USAGE(.BOTH.,#15110);
#15110 = SURFACE_SIDE_STYLE('',(#15111));
#15111 = SURFACE_STYLE_FILL_AREA(#15112);
#15112 = FILL_AREA_STYLE('',(#15113));
#15113 = FILL_AREA_STYLE_COLOUR('',#15114);
#15114 = COLOUR_RGB('',0.800000011921,0.800000011921,0.800000011921);
#15115 = CURVE_STYLE('',#15116,POSITIVE_LENGTH_MEASURE(0.1),#15114);
#15116 = DRAUGHTING_PRE_DEFINED_CURVE_FONT('continuous');
#15117 = MECHANICAL_DESIGN_GEOMETRIC_PRESENTATION_REPRESENTATION('',(
    #15118),#4758);
#15118 = STYLED_ITEM('color',(#15119),#4304);
#15119 = PRESENTATION_STYLE_ASSIGNMENT((#15120,#15125));
#15120 = SURFACE_STYLE_USAGE(.BOTH.,#15121);
#15121 = SURFACE_SIDE_STYLE('',(#15122));
#15122 = SURFACE_STYLE_FILL_AREA(#15123);
#15123 = FILL_AREA_STYLE('',(#15124));
#15124 = FILL_AREA_STYLE_COLOUR('',#15114);
#15125 = CURVE_STYLE('',#15126,POSITIVE_LENGTH_MEASURE(0.1),#15114);
#15126 = DRAUGHTING_PRE_DEFINED_CURVE_FONT('continuous');
#15127 = MECHANICAL_DESIGN_GEOMETRIC_PRESENTATION_REPRESENTATION('',(
    #15128),#5090);
#15128 = STYLED_ITEM('color',(#15129),#4800);
#15129 = PRESENTATION_STYLE_ASSIGNMENT((#15130,#15136));
#15130 = SURFACE_STYLE_USAGE(.BOTH.,#15131);
#15131 = SURFACE_SIDE_STYLE('',(#15132));
#15132 = SURFACE_STYLE_FILL_AREA(#15133);
#15133 = FILL_AREA_STYLE('',(#15134));
#15134 = FILL_AREA_STYLE_COLOUR('',#15135);
#15135 = COLOUR_RGB('',0.721568644047,0.525490224361,4.313725605607E-002
  );
#15136 = CURVE_STYLE('',#15137,POSITIVE_LENGTH_MEASURE(0.1),#15135);
#15137 = DRAUGHTING_PRE_DEFINED_CURVE_FONT('continuous');
#15138 = MECHANICAL_DESIGN_GEOMETRIC_PRESENTATION_REPRESENTATION('',(
    #15139,#15147,#15155,#15162,#15169,#15176,#15183,#15190,#15197,
    #15204,#15211,#15218,#15226),#15082);
#15139 = STYLED_ITEM('color',(#15140),#13932);
#15140 = PRESENTATION_STYLE_ASSIGNMENT((#15141));
#15141 = SURFACE_STYLE_USAGE(.BOTH.,#15142);
#15142 = SURFACE_SIDE_STYLE('',(#15143));
#15143 = SURFACE_STYLE_FILL_AREA(#15144);
#15144 = FILL_AREA_STYLE('',(#15145));
#15145 = FILL_AREA_STYLE_COLOUR('',#15146);
#15146 = COLOUR_RGB('',0.768627464771,0.768627464771,0.768627464771);
#15147 = OVER_RIDING_STYLED_ITEM('overriding color',(#15148),#13934,
  #15139);
#15148 = PRESENTATION_STYLE_ASSIGNMENT((#15149));
#15149 = SURFACE_STYLE_USAGE(.BOTH.,#15150);
#15150 = SURFACE_SIDE_STYLE('',(#15151));
#15151 = SURFACE_STYLE_FILL_AREA(#15152);
#15152 = FILL_AREA_STYLE('',(#15153));
#15153 = FILL_AREA_STYLE_COLOUR('',#15154);
#15154 = COLOUR_RGB('',0.109803922474,0.109803922474,0.109803922474);
#15155 = OVER_RIDING_STYLED_ITEM('overriding color',(#15156),#14006,
  #15139);
#15156 = PRESENTATION_STYLE_ASSIGNMENT((#15157));
#15157 = SURFACE_STYLE_USAGE(.BOTH.,#15158);
#15158 = SURFACE_SIDE_STYLE('',(#15159));
#15159 = SURFACE_STYLE_FILL_AREA(#15160);
#15160 = FILL_AREA_STYLE('',(#15161));
#15161 = FILL_AREA_STYLE_COLOUR('',#15154);
#15162 = OVER_RIDING_STYLED_ITEM('overriding color',(#15163),#14078,
  #15139);
#15163 = PRESENTATION_STYLE_ASSIGNMENT((#15164));
#15164 = SURFACE_STYLE_USAGE(.BOTH.,#15165);
#15165 = SURFACE_SIDE_STYLE('',(#15166));
#15166 = SURFACE_STYLE_FILL_AREA(#15167);
#15167 = FILL_AREA_STYLE('',(#15168));
#15168 = FILL_AREA_STYLE_COLOUR('',#15154);
#15169 = OVER_RIDING_STYLED_ITEM('overriding color',(#15170),#14118,
  #15139);
#15170 = PRESENTATION_STYLE_ASSIGNMENT((#15171));
#15171 = SURFACE_STYLE_USAGE(.BOTH.,#15172);
#15172 = SURFACE_SIDE_STYLE('',(#15173));
#15173 = SURFACE_STYLE_FILL_AREA(#15174);
#15174 = FILL_AREA_STYLE('',(#15175));
#15175 = FILL_AREA_STYLE_COLOUR('',#15154);
#15176 = OVER_RIDING_STYLED_ITEM('overriding color',(#15177),#14147,
  #15139);
#15177 = PRESENTATION_STYLE_ASSIGNMENT((#15178));
#15178 = SURFACE_STYLE_USAGE(.BOTH.,#15179);
#15179 = SURFACE_SIDE_STYLE('',(#15180));
#15180 = SURFACE_STYLE_FILL_AREA(#15181);
#15181 = FILL_AREA_STYLE('',(#15182));
#15182 = FILL_AREA_STYLE_COLOUR('',#15154);
#15183 = OVER_RIDING_STYLED_ITEM('overriding color',(#15184),#14178,
  #15139);
#15184 = PRESENTATION_STYLE_ASSIGNMENT((#15185));
#15185 = SURFACE_STYLE_USAGE(.BOTH.,#15186);
#15186 = SURFACE_SIDE_STYLE('',(#15187));
#15187 = SURFACE_STYLE_FILL_AREA(#15188);
#15188 = FILL_AREA_STYLE('',(#15189));
#15189 = FILL_AREA_STYLE_COLOUR('',#15154);
#15190 = OVER_RIDING_STYLED_ITEM('overriding color',(#15191),#14207,
  #15139);
#15191 = PRESENTATION_STYLE_ASSIGNMENT((#15192));
#15192 = SURFACE_STYLE_USAGE(.BOTH.,#15193);
#15193 = SURFACE_SIDE_STYLE('',(#15194));
#15194 = SURFACE_STYLE_FILL_AREA(#15195);
#15195 = FILL_AREA_STYLE('',(#15196));
#15196 = FILL_AREA_STYLE_COLOUR('',#15154);
#15197 = OVER_RIDING_STYLED_ITEM('overriding color',(#15198),#14224,
  #15139);
#15198 = PRESENTATION_STYLE_ASSIGNMENT((#15199));
#15199 = SURFACE_STYLE_USAGE(.BOTH.,#15200);
#15200 = SURFACE_SIDE_STYLE('',(#15201));
#15201 = SURFACE_STYLE_FILL_AREA(#15202);
#15202 = FILL_AREA_STYLE('',(#15203));
#15203 = FILL_AREA_STYLE_COLOUR('',#15154);
#15204 = OVER_RIDING_STYLED_ITEM('overriding color',(#15205),#14250,
  #15139);
#15205 = PRESENTATION_STYLE_ASSIGNMENT((#15206));
#15206 = SURFACE_STYLE_USAGE(.BOTH.,#15207);
#15207 = SURFACE_SIDE_STYLE('',(#15208));
#15208 = SURFACE_STYLE_FILL_AREA(#15209);
#15209 = FILL_AREA_STYLE('',(#15210));
#15210 = FILL_AREA_STYLE_COLOUR('',#15154);
#15211 = OVER_RIDING_STYLED_ITEM('overriding color',(#15212),#14281,
  #15139);
#15212 = PRESENTATION_STYLE_ASSIGNMENT((#15213));
#15213 = SURFACE_STYLE_USAGE(.BOTH.,#15214);
#15214 = SURFACE_SIDE_STYLE('',(#15215));
#15215 = SURFACE_STYLE_FILL_AREA(#15216);
#15216 = FILL_AREA_STYLE('',(#15217));
#15217 = FILL_AREA_STYLE_COLOUR('',#15154);
#15218 = OVER_RIDING_STYLED_ITEM('overriding color',(#15219),#15053,
  #15139);
#15219 = PRESENTATION_STYLE_ASSIGNMENT((#15220));
#15220 = SURFACE_STYLE_USAGE(.BOTH.,#15221);
#15221 = SURFACE_SIDE_STYLE('',(#15222));
#15222 = SURFACE_STYLE_FILL_AREA(#15223);
#15223 = FILL_AREA_STYLE('',(#15224));
#15224 = FILL_AREA_STYLE_COLOUR('',#15225);
#15225 = DRAUGHTING_PRE_DEFINED_COLOUR('white');
#15226 = OVER_RIDING_STYLED_ITEM('overriding color',(#15227),#15070,
  #15139);
#15227 = PRESENTATION_STYLE_ASSIGNMENT((#15228));
#15228 = SURFACE_STYLE_USAGE(.BOTH.,#15229);
#15229 = SURFACE_SIDE_STYLE('',(#15230));
#15230 = SURFACE_STYLE_FILL_AREA(#15231);
#15231 = FILL_AREA_STYLE('',(#15232));
#15232 = FILL_AREA_STYLE_COLOUR('',#15225);
#15233 = MECHANICAL_DESIGN_GEOMETRIC_PRESENTATION_REPRESENTATION('',(
    #15234),#3747);
#15234 = STYLED_ITEM('color',(#15235),#67);
#15235 = PRESENTATION_STYLE_ASSIGNMENT((#15236,#15242));
#15236 = SURFACE_STYLE_USAGE(.BOTH.,#15237);
#15237 = SURFACE_SIDE_STYLE('',(#15238));
#15238 = SURFACE_STYLE_FILL_AREA(#15239);
#15239 = FILL_AREA_STYLE('',(#15240));
#15240 = FILL_AREA_STYLE_COLOUR('',#15241);
#15241 = COLOUR_RGB('',0.E+000,0.501960813999,0.E+000);
#15242 = CURVE_STYLE('',#15243,POSITIVE_LENGTH_MEASURE(0.1),#15241);
#15243 = DRAUGHTING_PRE_DEFINED_CURVE_FONT('continuous');
#15244 = MECHANICAL_DESIGN_GEOMETRIC_PRESENTATION_REPRESENTATION('',(
    #15245,#15252,#15259,#15266,#15273,#15280,#15288,#15295,#15302,
    #15309,#15316,#15324,#15331,#15338,#15345,#15353,#15360,#15367,
    #15374,#15381,#15388,#15395,#15402,#15409,#15416,#15423,#15430,
    #15437,#15444,#15451,#15458,#15465,#15472,#15479,#15486,#15493,
    #15500,#15508,#15515,#15522,#15529,#15536,#15543,#15550,#15557,
    #15564,#15571,#15578,#15585,#15592,#15599,#15606,#15613,#15620,
    #15627,#15634,#15641,#15648,#15655,#15662,#15669,#15676,#15683,
    #15690,#15697,#15704,#15711,#15718,#15725,#15732,#15739,#15746,
    #15753,#15760,#15767,#15774,#15781,#15788,#15795,#15802,#15809,
    #15816,#15823,#15830,#15837,#15844,#15851,#15858,#15865,#15872,
    #15879,#15886,#15893,#15900,#15907,#15914,#15921,#15928,#15935,
    #15942,#15949,#15956,#15963,#15970,#15977,#15984,#15991,#15998,
    #16005,#16012,#16019,#16026,#16033,#16040,#16047,#16054,#16061,
    #16068,#16075,#16082,#16089,#16096),#10376);
#15245 = STYLED_ITEM('color',(#15246),#6499);
#15246 = PRESENTATION_STYLE_ASSIGNMENT((#15247));
#15247 = SURFACE_STYLE_USAGE(.BOTH.,#15248);
#15248 = SURFACE_SIDE_STYLE('',(#15249));
#15249 = SURFACE_STYLE_FILL_AREA(#15250);
#15250 = FILL_AREA_STYLE('',(#15251));
#15251 = FILL_AREA_STYLE_COLOUR('',#15225);
#15252 = OVER_RIDING_STYLED_ITEM('overriding color',(#15253),#6689,
  #15245);
#15253 = PRESENTATION_STYLE_ASSIGNMENT((#15254));
#15254 = SURFACE_STYLE_USAGE(.BOTH.,#15255);
#15255 = SURFACE_SIDE_STYLE('',(#15256));
#15256 = SURFACE_STYLE_FILL_AREA(#15257);
#15257 = FILL_AREA_STYLE('',(#15258));
#15258 = FILL_AREA_STYLE_COLOUR('',#15225);
#15259 = OVER_RIDING_STYLED_ITEM('overriding color',(#15260),#6933,
  #15245);
#15260 = PRESENTATION_STYLE_ASSIGNMENT((#15261));
#15261 = SURFACE_STYLE_USAGE(.BOTH.,#15262);
#15262 = SURFACE_SIDE_STYLE('',(#15263));
#15263 = SURFACE_STYLE_FILL_AREA(#15264);
#15264 = FILL_AREA_STYLE('',(#15265));
#15265 = FILL_AREA_STYLE_COLOUR('',#15225);
#15266 = OVER_RIDING_STYLED_ITEM('overriding color',(#15267),#6964,
  #15245);
#15267 = PRESENTATION_STYLE_ASSIGNMENT((#15268));
#15268 = SURFACE_STYLE_USAGE(.BOTH.,#15269);
#15269 = SURFACE_SIDE_STYLE('',(#15270));
#15270 = SURFACE_STYLE_FILL_AREA(#15271);
#15271 = FILL_AREA_STYLE('',(#15272));
#15272 = FILL_AREA_STYLE_COLOUR('',#15225);
#15273 = OVER_RIDING_STYLED_ITEM('overriding color',(#15274),#6997,
  #15245);
#15274 = PRESENTATION_STYLE_ASSIGNMENT((#15275));
#15275 = SURFACE_STYLE_USAGE(.BOTH.,#15276);
#15276 = SURFACE_SIDE_STYLE('',(#15277));
#15277 = SURFACE_STYLE_FILL_AREA(#15278);
#15278 = FILL_AREA_STYLE('',(#15279));
#15279 = FILL_AREA_STYLE_COLOUR('',#15225);
#15280 = OVER_RIDING_STYLED_ITEM('overriding color',(#15281),#7028,
  #15245);
#15281 = PRESENTATION_STYLE_ASSIGNMENT((#15282));
#15282 = SURFACE_STYLE_USAGE(.BOTH.,#15283);
#15283 = SURFACE_SIDE_STYLE('',(#15284));
#15284 = SURFACE_STYLE_FILL_AREA(#15285);
#15285 = FILL_AREA_STYLE('',(#15286));
#15286 = FILL_AREA_STYLE_COLOUR('',#15287);
#15287 = COLOUR_RGB('',0.96862745285,0.878431379795,0.600000023842);
#15288 = OVER_RIDING_STYLED_ITEM('overriding color',(#15289),#7059,
  #15245);
#15289 = PRESENTATION_STYLE_ASSIGNMENT((#15290));
#15290 = SURFACE_STYLE_USAGE(.BOTH.,#15291);
#15291 = SURFACE_SIDE_STYLE('',(#15292));
#15292 = SURFACE_STYLE_FILL_AREA(#15293);
#15293 = FILL_AREA_STYLE('',(#15294));
#15294 = FILL_AREA_STYLE_COLOUR('',#15287);
#15295 = OVER_RIDING_STYLED_ITEM('overriding color',(#15296),#7083,
  #15245);
#15296 = PRESENTATION_STYLE_ASSIGNMENT((#15297));
#15297 = SURFACE_STYLE_USAGE(.BOTH.,#15298);
#15298 = SURFACE_SIDE_STYLE('',(#15299));
#15299 = SURFACE_STYLE_FILL_AREA(#15300);
#15300 = FILL_AREA_STYLE('',(#15301));
#15301 = FILL_AREA_STYLE_COLOUR('',#15287);
#15302 = OVER_RIDING_STYLED_ITEM('overriding color',(#15303),#7107,
  #15245);
#15303 = PRESENTATION_STYLE_ASSIGNMENT((#15304));
#15304 = SURFACE_STYLE_USAGE(.BOTH.,#15305);
#15305 = SURFACE_SIDE_STYLE('',(#15306));
#15306 = SURFACE_STYLE_FILL_AREA(#15307);
#15307 = FILL_AREA_STYLE('',(#15308));
#15308 = FILL_AREA_STYLE_COLOUR('',#15287);
#15309 = OVER_RIDING_STYLED_ITEM('overriding color',(#15310),#7131,
  #15245);
#15310 = PRESENTATION_STYLE_ASSIGNMENT((#15311));
#15311 = SURFACE_STYLE_USAGE(.BOTH.,#15312);
#15312 = SURFACE_SIDE_STYLE('',(#15313));
#15313 = SURFACE_STYLE_FILL_AREA(#15314);
#15314 = FILL_AREA_STYLE('',(#15315));
#15315 = FILL_AREA_STYLE_COLOUR('',#15225);
#15316 = OVER_RIDING_STYLED_ITEM('overriding color',(#15317),#7196,
  #15245);
#15317 = PRESENTATION_STYLE_ASSIGNMENT((#15318));
#15318 = SURFACE_STYLE_USAGE(.BOTH.,#15319);
#15319 = SURFACE_SIDE_STYLE('',(#15320));
#15320 = SURFACE_STYLE_FILL_AREA(#15321);
#15321 = FILL_AREA_STYLE('',(#15322));
#15322 = FILL_AREA_STYLE_COLOUR('',#15323);
#15323 = COLOUR_RGB('',0.647058844566,0.61960786581,0.588235318661);
#15324 = OVER_RIDING_STYLED_ITEM('overriding color',(#15325),#7220,
  #15245);
#15325 = PRESENTATION_STYLE_ASSIGNMENT((#15326));
#15326 = SURFACE_STYLE_USAGE(.BOTH.,#15327);
#15327 = SURFACE_SIDE_STYLE('',(#15328));
#15328 = SURFACE_STYLE_FILL_AREA(#15329);
#15329 = FILL_AREA_STYLE('',(#15330));
#15330 = FILL_AREA_STYLE_COLOUR('',#15323);
#15331 = OVER_RIDING_STYLED_ITEM('overriding color',(#15332),#7253,
  #15245);
#15332 = PRESENTATION_STYLE_ASSIGNMENT((#15333));
#15333 = SURFACE_STYLE_USAGE(.BOTH.,#15334);
#15334 = SURFACE_SIDE_STYLE('',(#15335));
#15335 = SURFACE_STYLE_FILL_AREA(#15336);
#15336 = FILL_AREA_STYLE('',(#15337));
#15337 = FILL_AREA_STYLE_COLOUR('',#15323);
#15338 = OVER_RIDING_STYLED_ITEM('overriding color',(#15339),#7422,
  #15245);
#15339 = PRESENTATION_STYLE_ASSIGNMENT((#15340));
#15340 = SURFACE_STYLE_USAGE(.BOTH.,#15341);
#15341 = SURFACE_SIDE_STYLE('',(#15342));
#15342 = SURFACE_STYLE_FILL_AREA(#15343);
#15343 = FILL_AREA_STYLE('',(#15344));
#15344 = FILL_AREA_STYLE_COLOUR('',#15323);
#15345 = OVER_RIDING_STYLED_ITEM('overriding color',(#15346),#7455,
  #15245);
#15346 = PRESENTATION_STYLE_ASSIGNMENT((#15347));
#15347 = SURFACE_STYLE_USAGE(.BOTH.,#15348);
#15348 = SURFACE_SIDE_STYLE('',(#15349));
#15349 = SURFACE_STYLE_FILL_AREA(#15350);
#15350 = FILL_AREA_STYLE('',(#15351));
#15351 = FILL_AREA_STYLE_COLOUR('',#15352);
#15352 = COLOUR_RGB('',0.898039221764,0.898039221764,0.898039221764);
#15353 = OVER_RIDING_STYLED_ITEM('overriding color',(#15354),#7486,
  #15245);
#15354 = PRESENTATION_STYLE_ASSIGNMENT((#15355));
#15355 = SURFACE_STYLE_USAGE(.BOTH.,#15356);
#15356 = SURFACE_SIDE_STYLE('',(#15357));
#15357 = SURFACE_STYLE_FILL_AREA(#15358);
#15358 = FILL_AREA_STYLE('',(#15359));
#15359 = FILL_AREA_STYLE_COLOUR('',#15287);
#15360 = OVER_RIDING_STYLED_ITEM('overriding color',(#15361),#7517,
  #15245);
#15361 = PRESENTATION_STYLE_ASSIGNMENT((#15362));
#15362 = SURFACE_STYLE_USAGE(.BOTH.,#15363);
#15363 = SURFACE_SIDE_STYLE('',(#15364));
#15364 = SURFACE_STYLE_FILL_AREA(#15365);
#15365 = FILL_AREA_STYLE('',(#15366));
#15366 = FILL_AREA_STYLE_COLOUR('',#15287);
#15367 = OVER_RIDING_STYLED_ITEM('overriding color',(#15368),#7541,
  #15245);
#15368 = PRESENTATION_STYLE_ASSIGNMENT((#15369));
#15369 = SURFACE_STYLE_USAGE(.BOTH.,#15370);
#15370 = SURFACE_SIDE_STYLE('',(#15371));
#15371 = SURFACE_STYLE_FILL_AREA(#15372);
#15372 = FILL_AREA_STYLE('',(#15373));
#15373 = FILL_AREA_STYLE_COLOUR('',#15287);
#15374 = OVER_RIDING_STYLED_ITEM('overriding color',(#15375),#7565,
  #15245);
#15375 = PRESENTATION_STYLE_ASSIGNMENT((#15376));
#15376 = SURFACE_STYLE_USAGE(.BOTH.,#15377);
#15377 = SURFACE_SIDE_STYLE('',(#15378));
#15378 = SURFACE_STYLE_FILL_AREA(#15379);
#15379 = FILL_AREA_STYLE('',(#15380));
#15380 = FILL_AREA_STYLE_COLOUR('',#15287);
#15381 = OVER_RIDING_STYLED_ITEM('overriding color',(#15382),#7589,
  #15245);
#15382 = PRESENTATION_STYLE_ASSIGNMENT((#15383));
#15383 = SURFACE_STYLE_USAGE(.BOTH.,#15384);
#15384 = SURFACE_SIDE_STYLE('',(#15385));
#15385 = SURFACE_STYLE_FILL_AREA(#15386);
#15386 = FILL_AREA_STYLE('',(#15387));
#15387 = FILL_AREA_STYLE_COLOUR('',#15225);
#15388 = OVER_RIDING_STYLED_ITEM('overriding color',(#15389),#7620,
  #15245);
#15389 = PRESENTATION_STYLE_ASSIGNMENT((#15390));
#15390 = SURFACE_STYLE_USAGE(.BOTH.,#15391);
#15391 = SURFACE_SIDE_STYLE('',(#15392));
#15392 = SURFACE_STYLE_FILL_AREA(#15393);
#15393 = FILL_AREA_STYLE('',(#15394));
#15394 = FILL_AREA_STYLE_COLOUR('',#15225);
#15395 = OVER_RIDING_STYLED_ITEM('overriding color',(#15396),#7653,
  #15245);
#15396 = PRESENTATION_STYLE_ASSIGNMENT((#15397));
#15397 = SURFACE_STYLE_USAGE(.BOTH.,#15398);
#15398 = SURFACE_SIDE_STYLE('',(#15399));
#15399 = SURFACE_STYLE_FILL_AREA(#15400);
#15400 = FILL_AREA_STYLE('',(#15401));
#15401 = FILL_AREA_STYLE_COLOUR('',#15225);
#15402 = OVER_RIDING_STYLED_ITEM('overriding color',(#15403),#7684,
  #15245);
#15403 = PRESENTATION_STYLE_ASSIGNMENT((#15404));
#15404 = SURFACE_STYLE_USAGE(.BOTH.,#15405);
#15405 = SURFACE_SIDE_STYLE('',(#15406));
#15406 = SURFACE_STYLE_FILL_AREA(#15407);
#15407 = FILL_AREA_STYLE('',(#15408));
#15408 = FILL_AREA_STYLE_COLOUR('',#15225);
#15409 = OVER_RIDING_STYLED_ITEM('overriding color',(#15410),#7875,
  #15245);
#15410 = PRESENTATION_STYLE_ASSIGNMENT((#15411));
#15411 = SURFACE_STYLE_USAGE(.BOTH.,#15412);
#15412 = SURFACE_SIDE_STYLE('',(#15413));
#15413 = SURFACE_STYLE_FILL_AREA(#15414);
#15414 = FILL_AREA_STYLE('',(#15415));
#15415 = FILL_AREA_STYLE_COLOUR('',#15225);
#15416 = OVER_RIDING_STYLED_ITEM('overriding color',(#15417),#7892,
  #15245);
#15417 = PRESENTATION_STYLE_ASSIGNMENT((#15418));
#15418 = SURFACE_STYLE_USAGE(.BOTH.,#15419);
#15419 = SURFACE_SIDE_STYLE('',(#15420));
#15420 = SURFACE_STYLE_FILL_AREA(#15421);
#15421 = FILL_AREA_STYLE('',(#15422));
#15422 = FILL_AREA_STYLE_COLOUR('',#15225);
#15423 = OVER_RIDING_STYLED_ITEM('overriding color',(#15424),#7917,
  #15245);
#15424 = PRESENTATION_STYLE_ASSIGNMENT((#15425));
#15425 = SURFACE_STYLE_USAGE(.BOTH.,#15426);
#15426 = SURFACE_SIDE_STYLE('',(#15427));
#15427 = SURFACE_STYLE_FILL_AREA(#15428);
#15428 = FILL_AREA_STYLE('',(#15429));
#15429 = FILL_AREA_STYLE_COLOUR('',#15225);
#15430 = OVER_RIDING_STYLED_ITEM('overriding color',(#15431),#7942,
  #15245);
#15431 = PRESENTATION_STYLE_ASSIGNMENT((#15432));
#15432 = SURFACE_STYLE_USAGE(.BOTH.,#15433);
#15433 = SURFACE_SIDE_STYLE('',(#15434));
#15434 = SURFACE_STYLE_FILL_AREA(#15435);
#15435 = FILL_AREA_STYLE('',(#15436));
#15436 = FILL_AREA_STYLE_COLOUR('',#15225);
#15437 = OVER_RIDING_STYLED_ITEM('overriding color',(#15438),#7959,
  #15245);
#15438 = PRESENTATION_STYLE_ASSIGNMENT((#15439));
#15439 = SURFACE_STYLE_USAGE(.BOTH.,#15440);
#15440 = SURFACE_SIDE_STYLE('',(#15441));
#15441 = SURFACE_STYLE_FILL_AREA(#15442);
#15442 = FILL_AREA_STYLE('',(#15443));
#15443 = FILL_AREA_STYLE_COLOUR('',#15287);
#15444 = OVER_RIDING_STYLED_ITEM('overriding color',(#15445),#7980,
  #15245);
#15445 = PRESENTATION_STYLE_ASSIGNMENT((#15446));
#15446 = SURFACE_STYLE_USAGE(.BOTH.,#15447);
#15447 = SURFACE_SIDE_STYLE('',(#15448));
#15448 = SURFACE_STYLE_FILL_AREA(#15449);
#15449 = FILL_AREA_STYLE('',(#15450));
#15450 = FILL_AREA_STYLE_COLOUR('',#15225);
#15451 = OVER_RIDING_STYLED_ITEM('overriding color',(#15452),#8030,
  #15245);
#15452 = PRESENTATION_STYLE_ASSIGNMENT((#15453));
#15453 = SURFACE_STYLE_USAGE(.BOTH.,#15454);
#15454 = SURFACE_SIDE_STYLE('',(#15455));
#15455 = SURFACE_STYLE_FILL_AREA(#15456);
#15456 = FILL_AREA_STYLE('',(#15457));
#15457 = FILL_AREA_STYLE_COLOUR('',#15323);
#15458 = OVER_RIDING_STYLED_ITEM('overriding color',(#15459),#8070,
  #15245);
#15459 = PRESENTATION_STYLE_ASSIGNMENT((#15460));
#15460 = SURFACE_STYLE_USAGE(.BOTH.,#15461);
#15461 = SURFACE_SIDE_STYLE('',(#15462));
#15462 = SURFACE_STYLE_FILL_AREA(#15463);
#15463 = FILL_AREA_STYLE('',(#15464));
#15464 = FILL_AREA_STYLE_COLOUR('',#15323);
#15465 = OVER_RIDING_STYLED_ITEM('overriding color',(#15466),#8088,
  #15245);
#15466 = PRESENTATION_STYLE_ASSIGNMENT((#15467));
#15467 = SURFACE_STYLE_USAGE(.BOTH.,#15468);
#15468 = SURFACE_SIDE_STYLE('',(#15469));
#15469 = SURFACE_STYLE_FILL_AREA(#15470);
#15470 = FILL_AREA_STYLE('',(#15471));
#15471 = FILL_AREA_STYLE_COLOUR('',#15323);
#15472 = OVER_RIDING_STYLED_ITEM('overriding color',(#15473),#8113,
  #15245);
#15473 = PRESENTATION_STYLE_ASSIGNMENT((#15474));
#15474 = SURFACE_STYLE_USAGE(.BOTH.,#15475);
#15475 = SURFACE_SIDE_STYLE('',(#15476));
#15476 = SURFACE_STYLE_FILL_AREA(#15477);
#15477 = FILL_AREA_STYLE('',(#15478));
#15478 = FILL_AREA_STYLE_COLOUR('',#15225);
#15479 = OVER_RIDING_STYLED_ITEM('overriding color',(#15480),#8144,
  #15245);
#15480 = PRESENTATION_STYLE_ASSIGNMENT((#15481));
#15481 = SURFACE_STYLE_USAGE(.BOTH.,#15482);
#15482 = SURFACE_SIDE_STYLE('',(#15483));
#15483 = SURFACE_STYLE_FILL_AREA(#15484);
#15484 = FILL_AREA_STYLE('',(#15485));
#15485 = FILL_AREA_STYLE_COLOUR('',#15225);
#15486 = OVER_RIDING_STYLED_ITEM('overriding color',(#15487),#8168,
  #15245);
#15487 = PRESENTATION_STYLE_ASSIGNMENT((#15488));
#15488 = SURFACE_STYLE_USAGE(.BOTH.,#15489);
#15489 = SURFACE_SIDE_STYLE('',(#15490));
#15490 = SURFACE_STYLE_FILL_AREA(#15491);
#15491 = FILL_AREA_STYLE('',(#15492));
#15492 = FILL_AREA_STYLE_COLOUR('',#15225);
#15493 = OVER_RIDING_STYLED_ITEM('overriding color',(#15494),#8192,
  #15245);
#15494 = PRESENTATION_STYLE_ASSIGNMENT((#15495));
#15495 = SURFACE_STYLE_USAGE(.BOTH.,#15496);
#15496 = SURFACE_SIDE_STYLE('',(#15497));
#15497 = SURFACE_STYLE_FILL_AREA(#15498);
#15498 = FILL_AREA_STYLE('',(#15499));
#15499 = FILL_AREA_STYLE_COLOUR('',#15225);
#15500 = OVER_RIDING_STYLED_ITEM('overriding color',(#15501),#8209,
  #15245);
#15501 = PRESENTATION_STYLE_ASSIGNMENT((#15502));
#15502 = SURFACE_STYLE_USAGE(.BOTH.,#15503);
#15503 = SURFACE_SIDE_STYLE('',(#15504));
#15504 = SURFACE_STYLE_FILL_AREA(#15505);
#15505 = FILL_AREA_STYLE('',(#15506));
#15506 = FILL_AREA_STYLE_COLOUR('',#15507);
#15507 = COLOUR_RGB('',0.101960785687,0.101960785687,0.101960785687);
#15508 = OVER_RIDING_STYLED_ITEM('overriding color',(#15509),#8240,
  #15245);
#15509 = PRESENTATION_STYLE_ASSIGNMENT((#15510));
#15510 = SURFACE_STYLE_USAGE(.BOTH.,#15511);
#15511 = SURFACE_SIDE_STYLE('',(#15512));
#15512 = SURFACE_STYLE_FILL_AREA(#15513);
#15513 = FILL_AREA_STYLE('',(#15514));
#15514 = FILL_AREA_STYLE_COLOUR('',#15507);
#15515 = OVER_RIDING_STYLED_ITEM('overriding color',(#15516),#8265,
  #15245);
#15516 = PRESENTATION_STYLE_ASSIGNMENT((#15517));
#15517 = SURFACE_STYLE_USAGE(.BOTH.,#15518);
#15518 = SURFACE_SIDE_STYLE('',(#15519));
#15519 = SURFACE_STYLE_FILL_AREA(#15520);
#15520 = FILL_AREA_STYLE('',(#15521));
#15521 = FILL_AREA_STYLE_COLOUR('',#15507);
#15522 = OVER_RIDING_STYLED_ITEM('overriding color',(#15523),#8289,
  #15245);
#15523 = PRESENTATION_STYLE_ASSIGNMENT((#15524));
#15524 = SURFACE_STYLE_USAGE(.BOTH.,#15525);
#15525 = SURFACE_SIDE_STYLE('',(#15526));
#15526 = SURFACE_STYLE_FILL_AREA(#15527);
#15527 = FILL_AREA_STYLE('',(#15528));
#15528 = FILL_AREA_STYLE_COLOUR('',#15507);
#15529 = OVER_RIDING_STYLED_ITEM('overriding color',(#15530),#8314,
  #15245);
#15530 = PRESENTATION_STYLE_ASSIGNMENT((#15531));
#15531 = SURFACE_STYLE_USAGE(.BOTH.,#15532);
#15532 = SURFACE_SIDE_STYLE('',(#15533));
#15533 = SURFACE_STYLE_FILL_AREA(#15534);
#15534 = FILL_AREA_STYLE('',(#15535));
#15535 = FILL_AREA_STYLE_COLOUR('',#15507);
#15536 = OVER_RIDING_STYLED_ITEM('overriding color',(#15537),#8338,
  #15245);
#15537 = PRESENTATION_STYLE_ASSIGNMENT((#15538));
#15538 = SURFACE_STYLE_USAGE(.BOTH.,#15539);
#15539 = SURFACE_SIDE_STYLE('',(#15540));
#15540 = SURFACE_STYLE_FILL_AREA(#15541);
#15541 = FILL_AREA_STYLE('',(#15542));
#15542 = FILL_AREA_STYLE_COLOUR('',#15507);
#15543 = OVER_RIDING_STYLED_ITEM('overriding color',(#15544),#8363,
  #15245);
#15544 = PRESENTATION_STYLE_ASSIGNMENT((#15545));
#15545 = SURFACE_STYLE_USAGE(.BOTH.,#15546);
#15546 = SURFACE_SIDE_STYLE('',(#15547));
#15547 = SURFACE_STYLE_FILL_AREA(#15548);
#15548 = FILL_AREA_STYLE('',(#15549));
#15549 = FILL_AREA_STYLE_COLOUR('',#15507);
#15550 = OVER_RIDING_STYLED_ITEM('overriding color',(#15551),#8387,
  #15245);
#15551 = PRESENTATION_STYLE_ASSIGNMENT((#15552));
#15552 = SURFACE_STYLE_USAGE(.BOTH.,#15553);
#15553 = SURFACE_SIDE_STYLE('',(#15554));
#15554 = SURFACE_STYLE_FILL_AREA(#15555);
#15555 = FILL_AREA_STYLE('',(#15556));
#15556 = FILL_AREA_STYLE_COLOUR('',#15507);
#15557 = OVER_RIDING_STYLED_ITEM('overriding color',(#15558),#8405,
  #15245);
#15558 = PRESENTATION_STYLE_ASSIGNMENT((#15559));
#15559 = SURFACE_STYLE_USAGE(.BOTH.,#15560);
#15560 = SURFACE_SIDE_STYLE('',(#15561));
#15561 = SURFACE_STYLE_FILL_AREA(#15562);
#15562 = FILL_AREA_STYLE('',(#15563));
#15563 = FILL_AREA_STYLE_COLOUR('',#15225);
#15564 = OVER_RIDING_STYLED_ITEM('overriding color',(#15565),#8436,
  #15245);
#15565 = PRESENTATION_STYLE_ASSIGNMENT((#15566));
#15566 = SURFACE_STYLE_USAGE(.BOTH.,#15567);
#15567 = SURFACE_SIDE_STYLE('',(#15568));
#15568 = SURFACE_STYLE_FILL_AREA(#15569);
#15569 = FILL_AREA_STYLE('',(#15570));
#15570 = FILL_AREA_STYLE_COLOUR('',#15225);
#15571 = OVER_RIDING_STYLED_ITEM('overriding color',(#15572),#8460,
  #15245);
#15572 = PRESENTATION_STYLE_ASSIGNMENT((#15573));
#15573 = SURFACE_STYLE_USAGE(.BOTH.,#15574);
#15574 = SURFACE_SIDE_STYLE('',(#15575));
#15575 = SURFACE_STYLE_FILL_AREA(#15576);
#15576 = FILL_AREA_STYLE('',(#15577));
#15577 = FILL_AREA_STYLE_COLOUR('',#15225);
#15578 = OVER_RIDING_STYLED_ITEM('overriding color',(#15579),#8484,
  #15245);
#15579 = PRESENTATION_STYLE_ASSIGNMENT((#15580));
#15580 = SURFACE_STYLE_USAGE(.BOTH.,#15581);
#15581 = SURFACE_SIDE_STYLE('',(#15582));
#15582 = SURFACE_STYLE_FILL_AREA(#15583);
#15583 = FILL_AREA_STYLE('',(#15584));
#15584 = FILL_AREA_STYLE_COLOUR('',#15225);
#15585 = OVER_RIDING_STYLED_ITEM('overriding color',(#15586),#8501,
  #15245);
#15586 = PRESENTATION_STYLE_ASSIGNMENT((#15587));
#15587 = SURFACE_STYLE_USAGE(.BOTH.,#15588);
#15588 = SURFACE_SIDE_STYLE('',(#15589));
#15589 = SURFACE_STYLE_FILL_AREA(#15590);
#15590 = FILL_AREA_STYLE('',(#15591));
#15591 = FILL_AREA_STYLE_COLOUR('',#15323);
#15592 = OVER_RIDING_STYLED_ITEM('overriding color',(#15593),#8526,
  #15245);
#15593 = PRESENTATION_STYLE_ASSIGNMENT((#15594));
#15594 = SURFACE_STYLE_USAGE(.BOTH.,#15595);
#15595 = SURFACE_SIDE_STYLE('',(#15596));
#15596 = SURFACE_STYLE_FILL_AREA(#15597);
#15597 = FILL_AREA_STYLE('',(#15598));
#15598 = FILL_AREA_STYLE_COLOUR('',#15323);
#15599 = OVER_RIDING_STYLED_ITEM('overriding color',(#15600),#8559,
  #15245);
#15600 = PRESENTATION_STYLE_ASSIGNMENT((#15601));
#15601 = SURFACE_STYLE_USAGE(.BOTH.,#15602);
#15602 = SURFACE_SIDE_STYLE('',(#15603));
#15603 = SURFACE_STYLE_FILL_AREA(#15604);
#15604 = FILL_AREA_STYLE('',(#15605));
#15605 = FILL_AREA_STYLE_COLOUR('',#15323);
#15606 = OVER_RIDING_STYLED_ITEM('overriding color',(#15607),#8584,
  #15245);
#15607 = PRESENTATION_STYLE_ASSIGNMENT((#15608));
#15608 = SURFACE_STYLE_USAGE(.BOTH.,#15609);
#15609 = SURFACE_SIDE_STYLE('',(#15610));
#15610 = SURFACE_STYLE_FILL_AREA(#15611);
#15611 = FILL_AREA_STYLE('',(#15612));
#15612 = FILL_AREA_STYLE_COLOUR('',#15323);
#15613 = OVER_RIDING_STYLED_ITEM('overriding color',(#15614),#8609,
  #15245);
#15614 = PRESENTATION_STYLE_ASSIGNMENT((#15615));
#15615 = SURFACE_STYLE_USAGE(.BOTH.,#15616);
#15616 = SURFACE_SIDE_STYLE('',(#15617));
#15617 = SURFACE_STYLE_FILL_AREA(#15618);
#15618 = FILL_AREA_STYLE('',(#15619));
#15619 = FILL_AREA_STYLE_COLOUR('',#15323);
#15620 = OVER_RIDING_STYLED_ITEM('overriding color',(#15621),#8642,
  #15245);
#15621 = PRESENTATION_STYLE_ASSIGNMENT((#15622));
#15622 = SURFACE_STYLE_USAGE(.BOTH.,#15623);
#15623 = SURFACE_SIDE_STYLE('',(#15624));
#15624 = SURFACE_STYLE_FILL_AREA(#15625);
#15625 = FILL_AREA_STYLE('',(#15626));
#15626 = FILL_AREA_STYLE_COLOUR('',#15287);
#15627 = OVER_RIDING_STYLED_ITEM('overriding color',(#15628),#8670,
  #15245);
#15628 = PRESENTATION_STYLE_ASSIGNMENT((#15629));
#15629 = SURFACE_STYLE_USAGE(.BOTH.,#15630);
#15630 = SURFACE_SIDE_STYLE('',(#15631));
#15631 = SURFACE_STYLE_FILL_AREA(#15632);
#15632 = FILL_AREA_STYLE('',(#15633));
#15633 = FILL_AREA_STYLE_COLOUR('',#15225);
#15634 = OVER_RIDING_STYLED_ITEM('overriding color',(#15635),#8687,
  #15245);
#15635 = PRESENTATION_STYLE_ASSIGNMENT((#15636));
#15636 = SURFACE_STYLE_USAGE(.BOTH.,#15637);
#15637 = SURFACE_SIDE_STYLE('',(#15638));
#15638 = SURFACE_STYLE_FILL_AREA(#15639);
#15639 = FILL_AREA_STYLE('',(#15640));
#15640 = FILL_AREA_STYLE_COLOUR('',#15225);
#15641 = OVER_RIDING_STYLED_ITEM('overriding color',(#15642),#8712,
  #15245);
#15642 = PRESENTATION_STYLE_ASSIGNMENT((#15643));
#15643 = SURFACE_STYLE_USAGE(.BOTH.,#15644);
#15644 = SURFACE_SIDE_STYLE('',(#15645));
#15645 = SURFACE_STYLE_FILL_AREA(#15646);
#15646 = FILL_AREA_STYLE('',(#15647));
#15647 = FILL_AREA_STYLE_COLOUR('',#15225);
#15648 = OVER_RIDING_STYLED_ITEM('overriding color',(#15649),#8737,
  #15245);
#15649 = PRESENTATION_STYLE_ASSIGNMENT((#15650));
#15650 = SURFACE_STYLE_USAGE(.BOTH.,#15651);
#15651 = SURFACE_SIDE_STYLE('',(#15652));
#15652 = SURFACE_STYLE_FILL_AREA(#15653);
#15653 = FILL_AREA_STYLE('',(#15654));
#15654 = FILL_AREA_STYLE_COLOUR('',#15225);
#15655 = OVER_RIDING_STYLED_ITEM('overriding color',(#15656),#8754,
  #15245);
#15656 = PRESENTATION_STYLE_ASSIGNMENT((#15657));
#15657 = SURFACE_STYLE_USAGE(.BOTH.,#15658);
#15658 = SURFACE_SIDE_STYLE('',(#15659));
#15659 = SURFACE_STYLE_FILL_AREA(#15660);
#15660 = FILL_AREA_STYLE('',(#15661));
#15661 = FILL_AREA_STYLE_COLOUR('',#15225);
#15662 = OVER_RIDING_STYLED_ITEM('overriding color',(#15663),#8785,
  #15245);
#15663 = PRESENTATION_STYLE_ASSIGNMENT((#15664));
#15664 = SURFACE_STYLE_USAGE(.BOTH.,#15665);
#15665 = SURFACE_SIDE_STYLE('',(#15666));
#15666 = SURFACE_STYLE_FILL_AREA(#15667);
#15667 = FILL_AREA_STYLE('',(#15668));
#15668 = FILL_AREA_STYLE_COLOUR('',#15225);
#15669 = OVER_RIDING_STYLED_ITEM('overriding color',(#15670),#8818,
  #15245);
#15670 = PRESENTATION_STYLE_ASSIGNMENT((#15671));
#15671 = SURFACE_STYLE_USAGE(.BOTH.,#15672);
#15672 = SURFACE_SIDE_STYLE('',(#15673));
#15673 = SURFACE_STYLE_FILL_AREA(#15674);
#15674 = FILL_AREA_STYLE('',(#15675));
#15675 = FILL_AREA_STYLE_COLOUR('',#15225);
#15676 = OVER_RIDING_STYLED_ITEM('overriding color',(#15677),#8849,
  #15245);
#15677 = PRESENTATION_STYLE_ASSIGNMENT((#15678));
#15678 = SURFACE_STYLE_USAGE(.BOTH.,#15679);
#15679 = SURFACE_SIDE_STYLE('',(#15680));
#15680 = SURFACE_STYLE_FILL_AREA(#15681);
#15681 = FILL_AREA_STYLE('',(#15682));
#15682 = FILL_AREA_STYLE_COLOUR('',#15225);
#15683 = OVER_RIDING_STYLED_ITEM('overriding color',(#15684),#8873,
  #15245);
#15684 = PRESENTATION_STYLE_ASSIGNMENT((#15685));
#15685 = SURFACE_STYLE_USAGE(.BOTH.,#15686);
#15686 = SURFACE_SIDE_STYLE('',(#15687));
#15687 = SURFACE_STYLE_FILL_AREA(#15688);
#15688 = FILL_AREA_STYLE('',(#15689));
#15689 = FILL_AREA_STYLE_COLOUR('',#15225);
#15690 = OVER_RIDING_STYLED_ITEM('overriding color',(#15691),#8897,
  #15245);
#15691 = PRESENTATION_STYLE_ASSIGNMENT((#15692));
#15692 = SURFACE_STYLE_USAGE(.BOTH.,#15693);
#15693 = SURFACE_SIDE_STYLE('',(#15694));
#15694 = SURFACE_STYLE_FILL_AREA(#15695);
#15695 = FILL_AREA_STYLE('',(#15696));
#15696 = FILL_AREA_STYLE_COLOUR('',#15225);
#15697 = OVER_RIDING_STYLED_ITEM('overriding color',(#15698),#8930,
  #15245);
#15698 = PRESENTATION_STYLE_ASSIGNMENT((#15699));
#15699 = SURFACE_STYLE_USAGE(.BOTH.,#15700);
#15700 = SURFACE_SIDE_STYLE('',(#15701));
#15701 = SURFACE_STYLE_FILL_AREA(#15702);
#15702 = FILL_AREA_STYLE('',(#15703));
#15703 = FILL_AREA_STYLE_COLOUR('',#15225);
#15704 = OVER_RIDING_STYLED_ITEM('overriding color',(#15705),#8955,
  #15245);
#15705 = PRESENTATION_STYLE_ASSIGNMENT((#15706));
#15706 = SURFACE_STYLE_USAGE(.BOTH.,#15707);
#15707 = SURFACE_SIDE_STYLE('',(#15708));
#15708 = SURFACE_STYLE_FILL_AREA(#15709);
#15709 = FILL_AREA_STYLE('',(#15710));
#15710 = FILL_AREA_STYLE_COLOUR('',#15225);
#15711 = OVER_RIDING_STYLED_ITEM('overriding color',(#15712),#8988,
  #15245);
#15712 = PRESENTATION_STYLE_ASSIGNMENT((#15713));
#15713 = SURFACE_STYLE_USAGE(.BOTH.,#15714);
#15714 = SURFACE_SIDE_STYLE('',(#15715));
#15715 = SURFACE_STYLE_FILL_AREA(#15716);
#15716 = FILL_AREA_STYLE('',(#15717));
#15717 = FILL_AREA_STYLE_COLOUR('',#15225);
#15718 = OVER_RIDING_STYLED_ITEM('overriding color',(#15719),#9020,
  #15245);
#15719 = PRESENTATION_STYLE_ASSIGNMENT((#15720));
#15720 = SURFACE_STYLE_USAGE(.BOTH.,#15721);
#15721 = SURFACE_SIDE_STYLE('',(#15722));
#15722 = SURFACE_STYLE_FILL_AREA(#15723);
#15723 = FILL_AREA_STYLE('',(#15724));
#15724 = FILL_AREA_STYLE_COLOUR('',#15225);
#15725 = OVER_RIDING_STYLED_ITEM('overriding color',(#15726),#9057,
  #15245);
#15726 = PRESENTATION_STYLE_ASSIGNMENT((#15727));
#15727 = SURFACE_STYLE_USAGE(.BOTH.,#15728);
#15728 = SURFACE_SIDE_STYLE('',(#15729));
#15729 = SURFACE_STYLE_FILL_AREA(#15730);
#15730 = FILL_AREA_STYLE('',(#15731));
#15731 = FILL_AREA_STYLE_COLOUR('',#15225);
#15732 = OVER_RIDING_STYLED_ITEM('overriding color',(#15733),#9069,
  #15245);
#15733 = PRESENTATION_STYLE_ASSIGNMENT((#15734));
#15734 = SURFACE_STYLE_USAGE(.BOTH.,#15735);
#15735 = SURFACE_SIDE_STYLE('',(#15736));
#15736 = SURFACE_STYLE_FILL_AREA(#15737);
#15737 = FILL_AREA_STYLE('',(#15738));
#15738 = FILL_AREA_STYLE_COLOUR('',#15225);
#15739 = OVER_RIDING_STYLED_ITEM('overriding color',(#15740),#9098,
  #15245);
#15740 = PRESENTATION_STYLE_ASSIGNMENT((#15741));
#15741 = SURFACE_STYLE_USAGE(.BOTH.,#15742);
#15742 = SURFACE_SIDE_STYLE('',(#15743));
#15743 = SURFACE_STYLE_FILL_AREA(#15744);
#15744 = FILL_AREA_STYLE('',(#15745));
#15745 = FILL_AREA_STYLE_COLOUR('',#15225);
#15746 = OVER_RIDING_STYLED_ITEM('overriding color',(#15747),#9122,
  #15245);
#15747 = PRESENTATION_STYLE_ASSIGNMENT((#15748));
#15748 = SURFACE_STYLE_USAGE(.BOTH.,#15749);
#15749 = SURFACE_SIDE_STYLE('',(#15750));
#15750 = SURFACE_STYLE_FILL_AREA(#15751);
#15751 = FILL_AREA_STYLE('',(#15752));
#15752 = FILL_AREA_STYLE_COLOUR('',#15323);
#15753 = OVER_RIDING_STYLED_ITEM('overriding color',(#15754),#9153,
  #15245);
#15754 = PRESENTATION_STYLE_ASSIGNMENT((#15755));
#15755 = SURFACE_STYLE_USAGE(.BOTH.,#15756);
#15756 = SURFACE_SIDE_STYLE('',(#15757));
#15757 = SURFACE_STYLE_FILL_AREA(#15758);
#15758 = FILL_AREA_STYLE('',(#15759));
#15759 = FILL_AREA_STYLE_COLOUR('',#15323);
#15760 = OVER_RIDING_STYLED_ITEM('overriding color',(#15761),#9176,
  #15245);
#15761 = PRESENTATION_STYLE_ASSIGNMENT((#15762));
#15762 = SURFACE_STYLE_USAGE(.BOTH.,#15763);
#15763 = SURFACE_SIDE_STYLE('',(#15764));
#15764 = SURFACE_STYLE_FILL_AREA(#15765);
#15765 = FILL_AREA_STYLE('',(#15766));
#15766 = FILL_AREA_STYLE_COLOUR('',#15225);
#15767 = OVER_RIDING_STYLED_ITEM('overriding color',(#15768),#9188,
  #15245);
#15768 = PRESENTATION_STYLE_ASSIGNMENT((#15769));
#15769 = SURFACE_STYLE_USAGE(.BOTH.,#15770);
#15770 = SURFACE_SIDE_STYLE('',(#15771));
#15771 = SURFACE_STYLE_FILL_AREA(#15772);
#15772 = FILL_AREA_STYLE('',(#15773));
#15773 = FILL_AREA_STYLE_COLOUR('',#15507);
#15774 = OVER_RIDING_STYLED_ITEM('overriding color',(#15775),#9221,
  #15245);
#15775 = PRESENTATION_STYLE_ASSIGNMENT((#15776));
#15776 = SURFACE_STYLE_USAGE(.BOTH.,#15777);
#15777 = SURFACE_SIDE_STYLE('',(#15778));
#15778 = SURFACE_STYLE_FILL_AREA(#15779);
#15779 = FILL_AREA_STYLE('',(#15780));
#15780 = FILL_AREA_STYLE_COLOUR('',#15507);
#15781 = OVER_RIDING_STYLED_ITEM('overriding color',(#15782),#9250,
  #15245);
#15782 = PRESENTATION_STYLE_ASSIGNMENT((#15783));
#15783 = SURFACE_STYLE_USAGE(.BOTH.,#15784);
#15784 = SURFACE_SIDE_STYLE('',(#15785));
#15785 = SURFACE_STYLE_FILL_AREA(#15786);
#15786 = FILL_AREA_STYLE('',(#15787));
#15787 = FILL_AREA_STYLE_COLOUR('',#15507);
#15788 = OVER_RIDING_STYLED_ITEM('overriding color',(#15789),#9275,
  #15245);
#15789 = PRESENTATION_STYLE_ASSIGNMENT((#15790));
#15790 = SURFACE_STYLE_USAGE(.BOTH.,#15791);
#15791 = SURFACE_SIDE_STYLE('',(#15792));
#15792 = SURFACE_STYLE_FILL_AREA(#15793);
#15793 = FILL_AREA_STYLE('',(#15794));
#15794 = FILL_AREA_STYLE_COLOUR('',#15507);
#15795 = OVER_RIDING_STYLED_ITEM('overriding color',(#15796),#9304,
  #15245);
#15796 = PRESENTATION_STYLE_ASSIGNMENT((#15797));
#15797 = SURFACE_STYLE_USAGE(.BOTH.,#15798);
#15798 = SURFACE_SIDE_STYLE('',(#15799));
#15799 = SURFACE_STYLE_FILL_AREA(#15800);
#15800 = FILL_AREA_STYLE('',(#15801));
#15801 = FILL_AREA_STYLE_COLOUR('',#15507);
#15802 = OVER_RIDING_STYLED_ITEM('overriding color',(#15803),#9329,
  #15245);
#15803 = PRESENTATION_STYLE_ASSIGNMENT((#15804));
#15804 = SURFACE_STYLE_USAGE(.BOTH.,#15805);
#15805 = SURFACE_SIDE_STYLE('',(#15806));
#15806 = SURFACE_STYLE_FILL_AREA(#15807);
#15807 = FILL_AREA_STYLE('',(#15808));
#15808 = FILL_AREA_STYLE_COLOUR('',#15507);
#15809 = OVER_RIDING_STYLED_ITEM('overriding color',(#15810),#9358,
  #15245);
#15810 = PRESENTATION_STYLE_ASSIGNMENT((#15811));
#15811 = SURFACE_STYLE_USAGE(.BOTH.,#15812);
#15812 = SURFACE_SIDE_STYLE('',(#15813));
#15813 = SURFACE_STYLE_FILL_AREA(#15814);
#15814 = FILL_AREA_STYLE('',(#15815));
#15815 = FILL_AREA_STYLE_COLOUR('',#15507);
#15816 = OVER_RIDING_STYLED_ITEM('overriding color',(#15817),#9381,
  #15245);
#15817 = PRESENTATION_STYLE_ASSIGNMENT((#15818));
#15818 = SURFACE_STYLE_USAGE(.BOTH.,#15819);
#15819 = SURFACE_SIDE_STYLE('',(#15820));
#15820 = SURFACE_STYLE_FILL_AREA(#15821);
#15821 = FILL_AREA_STYLE('',(#15822));
#15822 = FILL_AREA_STYLE_COLOUR('',#15507);
#15823 = OVER_RIDING_STYLED_ITEM('overriding color',(#15824),#9404,
  #15245);
#15824 = PRESENTATION_STYLE_ASSIGNMENT((#15825));
#15825 = SURFACE_STYLE_USAGE(.BOTH.,#15826);
#15826 = SURFACE_SIDE_STYLE('',(#15827));
#15827 = SURFACE_STYLE_FILL_AREA(#15828);
#15828 = FILL_AREA_STYLE('',(#15829));
#15829 = FILL_AREA_STYLE_COLOUR('',#15225);
#15830 = OVER_RIDING_STYLED_ITEM('overriding color',(#15831),#9416,
  #15245);
#15831 = PRESENTATION_STYLE_ASSIGNMENT((#15832));
#15832 = SURFACE_STYLE_USAGE(.BOTH.,#15833);
#15833 = SURFACE_SIDE_STYLE('',(#15834));
#15834 = SURFACE_STYLE_FILL_AREA(#15835);
#15835 = FILL_AREA_STYLE('',(#15836));
#15836 = FILL_AREA_STYLE_COLOUR('',#15323);
#15837 = OVER_RIDING_STYLED_ITEM('overriding color',(#15838),#9442,
  #15245);
#15838 = PRESENTATION_STYLE_ASSIGNMENT((#15839));
#15839 = SURFACE_STYLE_USAGE(.BOTH.,#15840);
#15840 = SURFACE_SIDE_STYLE('',(#15841));
#15841 = SURFACE_STYLE_FILL_AREA(#15842);
#15842 = FILL_AREA_STYLE('',(#15843));
#15843 = FILL_AREA_STYLE_COLOUR('',#15323);
#15844 = OVER_RIDING_STYLED_ITEM('overriding color',(#15845),#9471,
  #15245);
#15845 = PRESENTATION_STYLE_ASSIGNMENT((#15846));
#15846 = SURFACE_STYLE_USAGE(.BOTH.,#15847);
#15847 = SURFACE_SIDE_STYLE('',(#15848));
#15848 = SURFACE_STYLE_FILL_AREA(#15849);
#15849 = FILL_AREA_STYLE('',(#15850));
#15850 = FILL_AREA_STYLE_COLOUR('',#15323);
#15851 = OVER_RIDING_STYLED_ITEM('overriding color',(#15852),#9502,
  #15245);
#15852 = PRESENTATION_STYLE_ASSIGNMENT((#15853));
#15853 = SURFACE_STYLE_USAGE(.BOTH.,#15854);
#15854 = SURFACE_SIDE_STYLE('',(#15855));
#15855 = SURFACE_STYLE_FILL_AREA(#15856);
#15856 = FILL_AREA_STYLE('',(#15857));
#15857 = FILL_AREA_STYLE_COLOUR('',#15323);
#15858 = OVER_RIDING_STYLED_ITEM('overriding color',(#15859),#9531,
  #15245);
#15859 = PRESENTATION_STYLE_ASSIGNMENT((#15860));
#15860 = SURFACE_STYLE_USAGE(.BOTH.,#15861);
#15861 = SURFACE_SIDE_STYLE('',(#15862));
#15862 = SURFACE_STYLE_FILL_AREA(#15863);
#15863 = FILL_AREA_STYLE('',(#15864));
#15864 = FILL_AREA_STYLE_COLOUR('',#15323);
#15865 = OVER_RIDING_STYLED_ITEM('overriding color',(#15866),#9564,
  #15245);
#15866 = PRESENTATION_STYLE_ASSIGNMENT((#15867));
#15867 = SURFACE_STYLE_USAGE(.BOTH.,#15868);
#15868 = SURFACE_SIDE_STYLE('',(#15869));
#15869 = SURFACE_STYLE_FILL_AREA(#15870);
#15870 = FILL_AREA_STYLE('',(#15871));
#15871 = FILL_AREA_STYLE_COLOUR('',#15323);
#15872 = OVER_RIDING_STYLED_ITEM('overriding color',(#15873),#9593,
  #15245);
#15873 = PRESENTATION_STYLE_ASSIGNMENT((#15874));
#15874 = SURFACE_STYLE_USAGE(.BOTH.,#15875);
#15875 = SURFACE_SIDE_STYLE('',(#15876));
#15876 = SURFACE_STYLE_FILL_AREA(#15877);
#15877 = FILL_AREA_STYLE('',(#15878));
#15878 = FILL_AREA_STYLE_COLOUR('',#15323);
#15879 = OVER_RIDING_STYLED_ITEM('overriding color',(#15880),#9624,
  #15245);
#15880 = PRESENTATION_STYLE_ASSIGNMENT((#15881));
#15881 = SURFACE_STYLE_USAGE(.BOTH.,#15882);
#15882 = SURFACE_SIDE_STYLE('',(#15883));
#15883 = SURFACE_STYLE_FILL_AREA(#15884);
#15884 = FILL_AREA_STYLE('',(#15885));
#15885 = FILL_AREA_STYLE_COLOUR('',#15225);
#15886 = OVER_RIDING_STYLED_ITEM('overriding color',(#15887),#9636,
  #15245);
#15887 = PRESENTATION_STYLE_ASSIGNMENT((#15888));
#15888 = SURFACE_STYLE_USAGE(.BOTH.,#15889);
#15889 = SURFACE_SIDE_STYLE('',(#15890));
#15890 = SURFACE_STYLE_FILL_AREA(#15891);
#15891 = FILL_AREA_STYLE('',(#15892));
#15892 = FILL_AREA_STYLE_COLOUR('',#15225);
#15893 = OVER_RIDING_STYLED_ITEM('overriding color',(#15894),#9669,
  #15245);
#15894 = PRESENTATION_STYLE_ASSIGNMENT((#15895));
#15895 = SURFACE_STYLE_USAGE(.BOTH.,#15896);
#15896 = SURFACE_SIDE_STYLE('',(#15897));
#15897 = SURFACE_STYLE_FILL_AREA(#15898);
#15898 = FILL_AREA_STYLE('',(#15899));
#15899 = FILL_AREA_STYLE_COLOUR('',#15225);
#15900 = OVER_RIDING_STYLED_ITEM('overriding color',(#15901),#9694,
  #15245);
#15901 = PRESENTATION_STYLE_ASSIGNMENT((#15902));
#15902 = SURFACE_STYLE_USAGE(.BOTH.,#15903);
#15903 = SURFACE_SIDE_STYLE('',(#15904));
#15904 = SURFACE_STYLE_FILL_AREA(#15905);
#15905 = FILL_AREA_STYLE('',(#15906));
#15906 = FILL_AREA_STYLE_COLOUR('',#15225);
#15907 = OVER_RIDING_STYLED_ITEM('overriding color',(#15908),#9719,
  #15245);
#15908 = PRESENTATION_STYLE_ASSIGNMENT((#15909));
#15909 = SURFACE_STYLE_USAGE(.BOTH.,#15910);
#15910 = SURFACE_SIDE_STYLE('',(#15911));
#15911 = SURFACE_STYLE_FILL_AREA(#15912);
#15912 = FILL_AREA_STYLE('',(#15913));
#15913 = FILL_AREA_STYLE_COLOUR('',#15225);
#15914 = OVER_RIDING_STYLED_ITEM('overriding color',(#15915),#9752,
  #15245);
#15915 = PRESENTATION_STYLE_ASSIGNMENT((#15916));
#15916 = SURFACE_STYLE_USAGE(.BOTH.,#15917);
#15917 = SURFACE_SIDE_STYLE('',(#15918));
#15918 = SURFACE_STYLE_FILL_AREA(#15919);
#15919 = FILL_AREA_STYLE('',(#15920));
#15920 = FILL_AREA_STYLE_COLOUR('',#15225);
#15921 = OVER_RIDING_STYLED_ITEM('overriding color',(#15922),#9777,
  #15245);
#15922 = PRESENTATION_STYLE_ASSIGNMENT((#15923));
#15923 = SURFACE_STYLE_USAGE(.BOTH.,#15924);
#15924 = SURFACE_SIDE_STYLE('',(#15925));
#15925 = SURFACE_STYLE_FILL_AREA(#15926);
#15926 = FILL_AREA_STYLE('',(#15927));
#15927 = FILL_AREA_STYLE_COLOUR('',#15225);
#15928 = OVER_RIDING_STYLED_ITEM('overriding color',(#15929),#9802,
  #15245);
#15929 = PRESENTATION_STYLE_ASSIGNMENT((#15930));
#15930 = SURFACE_STYLE_USAGE(.BOTH.,#15931);
#15931 = SURFACE_SIDE_STYLE('',(#15932));
#15932 = SURFACE_STYLE_FILL_AREA(#15933);
#15933 = FILL_AREA_STYLE('',(#15934));
#15934 = FILL_AREA_STYLE_COLOUR('',#15225);
#15935 = OVER_RIDING_STYLED_ITEM('overriding color',(#15936),#9827,
  #15245);
#15936 = PRESENTATION_STYLE_ASSIGNMENT((#15937));
#15937 = SURFACE_STYLE_USAGE(.BOTH.,#15938);
#15938 = SURFACE_SIDE_STYLE('',(#15939));
#15939 = SURFACE_STYLE_FILL_AREA(#15940);
#15940 = FILL_AREA_STYLE('',(#15941));
#15941 = FILL_AREA_STYLE_COLOUR('',#15225);
#15942 = OVER_RIDING_STYLED_ITEM('overriding color',(#15943),#9856,
  #15245);
#15943 = PRESENTATION_STYLE_ASSIGNMENT((#15944));
#15944 = SURFACE_STYLE_USAGE(.BOTH.,#15945);
#15945 = SURFACE_SIDE_STYLE('',(#15946));
#15946 = SURFACE_STYLE_FILL_AREA(#15947);
#15947 = FILL_AREA_STYLE('',(#15948));
#15948 = FILL_AREA_STYLE_COLOUR('',#15225);
#15949 = OVER_RIDING_STYLED_ITEM('overriding color',(#15950),#9889,
  #15245);
#15950 = PRESENTATION_STYLE_ASSIGNMENT((#15951));
#15951 = SURFACE_STYLE_USAGE(.BOTH.,#15952);
#15952 = SURFACE_SIDE_STYLE('',(#15953));
#15953 = SURFACE_STYLE_FILL_AREA(#15954);
#15954 = FILL_AREA_STYLE('',(#15955));
#15955 = FILL_AREA_STYLE_COLOUR('',#15225);
#15956 = OVER_RIDING_STYLED_ITEM('overriding color',(#15957),#9906,
  #15245);
#15957 = PRESENTATION_STYLE_ASSIGNMENT((#15958));
#15958 = SURFACE_STYLE_USAGE(.BOTH.,#15959);
#15959 = SURFACE_SIDE_STYLE('',(#15960));
#15960 = SURFACE_STYLE_FILL_AREA(#15961);
#15961 = FILL_AREA_STYLE('',(#15962));
#15962 = FILL_AREA_STYLE_COLOUR('',#15323);
#15963 = OVER_RIDING_STYLED_ITEM('overriding color',(#15964),#9931,
  #15245);
#15964 = PRESENTATION_STYLE_ASSIGNMENT((#15965));
#15965 = SURFACE_STYLE_USAGE(.BOTH.,#15966);
#15966 = SURFACE_SIDE_STYLE('',(#15967));
#15967 = SURFACE_STYLE_FILL_AREA(#15968);
#15968 = FILL_AREA_STYLE('',(#15969));
#15969 = FILL_AREA_STYLE_COLOUR('',#15507);
#15970 = OVER_RIDING_STYLED_ITEM('overriding color',(#15971),#9943,
  #15245);
#15971 = PRESENTATION_STYLE_ASSIGNMENT((#15972));
#15972 = SURFACE_STYLE_USAGE(.BOTH.,#15973);
#15973 = SURFACE_SIDE_STYLE('',(#15974));
#15974 = SURFACE_STYLE_FILL_AREA(#15975);
#15975 = FILL_AREA_STYLE('',(#15976));
#15976 = FILL_AREA_STYLE_COLOUR('',#15323);
#15977 = OVER_RIDING_STYLED_ITEM('overriding color',(#15978),#9961,
  #15245);
#15978 = PRESENTATION_STYLE_ASSIGNMENT((#15979));
#15979 = SURFACE_STYLE_USAGE(.BOTH.,#15980);
#15980 = SURFACE_SIDE_STYLE('',(#15981));
#15981 = SURFACE_STYLE_FILL_AREA(#15982);
#15982 = FILL_AREA_STYLE('',(#15983));
#15983 = FILL_AREA_STYLE_COLOUR('',#15323);
#15984 = OVER_RIDING_STYLED_ITEM('overriding color',(#15985),#9979,
  #15245);
#15985 = PRESENTATION_STYLE_ASSIGNMENT((#15986));
#15986 = SURFACE_STYLE_USAGE(.BOTH.,#15987);
#15987 = SURFACE_SIDE_STYLE('',(#15988));
#15988 = SURFACE_STYLE_FILL_AREA(#15989);
#15989 = FILL_AREA_STYLE('',(#15990));
#15990 = FILL_AREA_STYLE_COLOUR('',#15323);
#15991 = OVER_RIDING_STYLED_ITEM('overriding color',(#15992),#10010,
  #15245);
#15992 = PRESENTATION_STYLE_ASSIGNMENT((#15993));
#15993 = SURFACE_STYLE_USAGE(.BOTH.,#15994);
#15994 = SURFACE_SIDE_STYLE('',(#15995));
#15995 = SURFACE_STYLE_FILL_AREA(#15996);
#15996 = FILL_AREA_STYLE('',(#15997));
#15997 = FILL_AREA_STYLE_COLOUR('',#15323);
#15998 = OVER_RIDING_STYLED_ITEM('overriding color',(#15999),#10028,
  #15245);
#15999 = PRESENTATION_STYLE_ASSIGNMENT((#16000));
#16000 = SURFACE_STYLE_USAGE(.BOTH.,#16001);
#16001 = SURFACE_SIDE_STYLE('',(#16002));
#16002 = SURFACE_STYLE_FILL_AREA(#16003);
#16003 = FILL_AREA_STYLE('',(#16004));
#16004 = FILL_AREA_STYLE_COLOUR('',#15323);
#16005 = OVER_RIDING_STYLED_ITEM('overriding color',(#16006),#10051,
  #15245);
#16006 = PRESENTATION_STYLE_ASSIGNMENT((#16007));
#16007 = SURFACE_STYLE_USAGE(.BOTH.,#16008);
#16008 = SURFACE_SIDE_STYLE('',(#16009));
#16009 = SURFACE_STYLE_FILL_AREA(#16010);
#16010 = FILL_AREA_STYLE('',(#16011));
#16011 = FILL_AREA_STYLE_COLOUR('',#15225);
#16012 = OVER_RIDING_STYLED_ITEM('overriding color',(#16013),#10080,
  #15245);
#16013 = PRESENTATION_STYLE_ASSIGNMENT((#16014));
#16014 = SURFACE_STYLE_USAGE(.BOTH.,#16015);
#16015 = SURFACE_SIDE_STYLE('',(#16016));
#16016 = SURFACE_STYLE_FILL_AREA(#16017);
#16017 = FILL_AREA_STYLE('',(#16018));
#16018 = FILL_AREA_STYLE_COLOUR('',#15225);
#16019 = OVER_RIDING_STYLED_ITEM('overriding color',(#16020),#10097,
  #15245);
#16020 = PRESENTATION_STYLE_ASSIGNMENT((#16021));
#16021 = SURFACE_STYLE_USAGE(.BOTH.,#16022);
#16022 = SURFACE_SIDE_STYLE('',(#16023));
#16023 = SURFACE_STYLE_FILL_AREA(#16024);
#16024 = FILL_AREA_STYLE('',(#16025));
#16025 = FILL_AREA_STYLE_COLOUR('',#15225);
#16026 = OVER_RIDING_STYLED_ITEM('overriding color',(#16027),#10126,
  #15245);
#16027 = PRESENTATION_STYLE_ASSIGNMENT((#16028));
#16028 = SURFACE_STYLE_USAGE(.BOTH.,#16029);
#16029 = SURFACE_SIDE_STYLE('',(#16030));
#16030 = SURFACE_STYLE_FILL_AREA(#16031);
#16031 = FILL_AREA_STYLE('',(#16032));
#16032 = FILL_AREA_STYLE_COLOUR('',#15225);
#16033 = OVER_RIDING_STYLED_ITEM('overriding color',(#16034),#10143,
  #15245);
#16034 = PRESENTATION_STYLE_ASSIGNMENT((#16035));
#16035 = SURFACE_STYLE_USAGE(.BOTH.,#16036);
#16036 = SURFACE_SIDE_STYLE('',(#16037));
#16037 = SURFACE_STYLE_FILL_AREA(#16038);
#16038 = FILL_AREA_STYLE('',(#16039));
#16039 = FILL_AREA_STYLE_COLOUR('',#15225);
#16040 = OVER_RIDING_STYLED_ITEM('overriding color',(#16041),#10172,
  #15245);
#16041 = PRESENTATION_STYLE_ASSIGNMENT((#16042));
#16042 = SURFACE_STYLE_USAGE(.BOTH.,#16043);
#16043 = SURFACE_SIDE_STYLE('',(#16044));
#16044 = SURFACE_STYLE_FILL_AREA(#16045);
#16045 = FILL_AREA_STYLE('',(#16046));
#16046 = FILL_AREA_STYLE_COLOUR('',#15225);
#16047 = OVER_RIDING_STYLED_ITEM('overriding color',(#16048),#10189,
  #15245);
#16048 = PRESENTATION_STYLE_ASSIGNMENT((#16049));
#16049 = SURFACE_STYLE_USAGE(.BOTH.,#16050);
#16050 = SURFACE_SIDE_STYLE('',(#16051));
#16051 = SURFACE_STYLE_FILL_AREA(#16052);
#16052 = FILL_AREA_STYLE('',(#16053));
#16053 = FILL_AREA_STYLE_COLOUR('',#15323);
#16054 = OVER_RIDING_STYLED_ITEM('overriding color',(#16055),#10212,
  #15245);
#16055 = PRESENTATION_STYLE_ASSIGNMENT((#16056));
#16056 = SURFACE_STYLE_USAGE(.BOTH.,#16057);
#16057 = SURFACE_SIDE_STYLE('',(#16058));
#16058 = SURFACE_STYLE_FILL_AREA(#16059);
#16059 = FILL_AREA_STYLE('',(#16060));
#16060 = FILL_AREA_STYLE_COLOUR('',#15323);
#16061 = OVER_RIDING_STYLED_ITEM('overriding color',(#16062),#10235,
  #15245);
#16062 = PRESENTATION_STYLE_ASSIGNMENT((#16063));
#16063 = SURFACE_STYLE_USAGE(.BOTH.,#16064);
#16064 = SURFACE_SIDE_STYLE('',(#16065));
#16065 = SURFACE_STYLE_FILL_AREA(#16066);
#16066 = FILL_AREA_STYLE('',(#16067));
#16067 = FILL_AREA_STYLE_COLOUR('',#15323);
#16068 = OVER_RIDING_STYLED_ITEM('overriding color',(#16069),#10281,
  #15245);
#16069 = PRESENTATION_STYLE_ASSIGNMENT((#16070));
#16070 = SURFACE_STYLE_USAGE(.BOTH.,#16071);
#16071 = SURFACE_SIDE_STYLE('',(#16072));
#16072 = SURFACE_STYLE_FILL_AREA(#16073);
#16073 = FILL_AREA_STYLE('',(#16074));
#16074 = FILL_AREA_STYLE_COLOUR('',#15225);
#16075 = OVER_RIDING_STYLED_ITEM('overriding color',(#16076),#10298,
  #15245);
#16076 = PRESENTATION_STYLE_ASSIGNMENT((#16077));
#16077 = SURFACE_STYLE_USAGE(.BOTH.,#16078);
#16078 = SURFACE_SIDE_STYLE('',(#16079));
#16079 = SURFACE_STYLE_FILL_AREA(#16080);
#16080 = FILL_AREA_STYLE('',(#16081));
#16081 = FILL_AREA_STYLE_COLOUR('',#15225);
#16082 = OVER_RIDING_STYLED_ITEM('overriding color',(#16083),#10328,
  #15245);
#16083 = PRESENTATION_STYLE_ASSIGNMENT((#16084));
#16084 = SURFACE_STYLE_USAGE(.BOTH.,#16085);
#16085 = SURFACE_SIDE_STYLE('',(#16086));
#16086 = SURFACE_STYLE_FILL_AREA(#16087);
#16087 = FILL_AREA_STYLE('',(#16088));
#16088 = FILL_AREA_STYLE_COLOUR('',#15225);
#16089 = OVER_RIDING_STYLED_ITEM('overriding color',(#16090),#10345,
  #15245);
#16090 = PRESENTATION_STYLE_ASSIGNMENT((#16091));
#16091 = SURFACE_STYLE_USAGE(.BOTH.,#16092);
#16092 = SURFACE_SIDE_STYLE('',(#16093));
#16093 = SURFACE_STYLE_FILL_AREA(#16094);
#16094 = FILL_AREA_STYLE('',(#16095));
#16095 = FILL_AREA_STYLE_COLOUR('',#15225);
#16096 = OVER_RIDING_STYLED_ITEM('overriding color',(#16097),#10359,
  #15245);
#16097 = PRESENTATION_STYLE_ASSIGNMENT((#16098));
#16098 = SURFACE_STYLE_USAGE(.BOTH.,#16099);
#16099 = SURFACE_SIDE_STYLE('',(#16100));
#16100 = SURFACE_STYLE_FILL_AREA(#16101);
#16101 = FILL_AREA_STYLE('',(#16102));
#16102 = FILL_AREA_STYLE_COLOUR('',#15225);
#16103 = MECHANICAL_DESIGN_GEOMETRIC_PRESENTATION_REPRESENTATION('',(
    #16104,#16111,#16118,#16125,#16132,#16139,#16146,#16153,#16160,
    #16167,#16174,#16181),#13890);
#16104 = STYLED_ITEM('color',(#16105),#10446);
#16105 = PRESENTATION_STYLE_ASSIGNMENT((#16106));
#16106 = SURFACE_STYLE_USAGE(.BOTH.,#16107);
#16107 = SURFACE_SIDE_STYLE('',(#16108));
#16108 = SURFACE_STYLE_FILL_AREA(#16109);
#16109 = FILL_AREA_STYLE('',(#16110));
#16110 = FILL_AREA_STYLE_COLOUR('',#15287);
#16111 = OVER_RIDING_STYLED_ITEM('overriding color',(#16112),#11057,
  #16104);
#16112 = PRESENTATION_STYLE_ASSIGNMENT((#16113));
#16113 = SURFACE_STYLE_USAGE(.BOTH.,#16114);
#16114 = SURFACE_SIDE_STYLE('',(#16115));
#16115 = SURFACE_STYLE_FILL_AREA(#16116);
#16116 = FILL_AREA_STYLE('',(#16117));
#16117 = FILL_AREA_STYLE_COLOUR('',#15225);
#16118 = OVER_RIDING_STYLED_ITEM('overriding color',(#16119),#11265,
  #16104);
#16119 = PRESENTATION_STYLE_ASSIGNMENT((#16120));
#16120 = SURFACE_STYLE_USAGE(.BOTH.,#16121);
#16121 = SURFACE_SIDE_STYLE('',(#16122));
#16122 = SURFACE_STYLE_FILL_AREA(#16123);
#16123 = FILL_AREA_STYLE('',(#16124));
#16124 = FILL_AREA_STYLE_COLOUR('',#15225);
#16125 = OVER_RIDING_STYLED_ITEM('overriding color',(#16126),#11346,
  #16104);
#16126 = PRESENTATION_STYLE_ASSIGNMENT((#16127));
#16127 = SURFACE_STYLE_USAGE(.BOTH.,#16128);
#16128 = SURFACE_SIDE_STYLE('',(#16129));
#16129 = SURFACE_STYLE_FILL_AREA(#16130);
#16130 = FILL_AREA_STYLE('',(#16131));
#16131 = FILL_AREA_STYLE_COLOUR('',#15225);
#16132 = OVER_RIDING_STYLED_ITEM('overriding color',(#16133),#11418,
  #16104);
#16133 = PRESENTATION_STYLE_ASSIGNMENT((#16134));
#16134 = SURFACE_STYLE_USAGE(.BOTH.,#16135);
#16135 = SURFACE_SIDE_STYLE('',(#16136));
#16136 = SURFACE_STYLE_FILL_AREA(#16137);
#16137 = FILL_AREA_STYLE('',(#16138));
#16138 = FILL_AREA_STYLE_COLOUR('',#15225);
#16139 = OVER_RIDING_STYLED_ITEM('overriding color',(#16140),#11574,
  #16104);
#16140 = PRESENTATION_STYLE_ASSIGNMENT((#16141));
#16141 = SURFACE_STYLE_USAGE(.BOTH.,#16142);
#16142 = SURFACE_SIDE_STYLE('',(#16143));
#16143 = SURFACE_STYLE_FILL_AREA(#16144);
#16144 = FILL_AREA_STYLE('',(#16145));
#16145 = FILL_AREA_STYLE_COLOUR('',#15225);
#16146 = OVER_RIDING_STYLED_ITEM('overriding color',(#16147),#11599,
  #16104);
#16147 = PRESENTATION_STYLE_ASSIGNMENT((#16148));
#16148 = SURFACE_STYLE_USAGE(.BOTH.,#16149);
#16149 = SURFACE_SIDE_STYLE('',(#16150));
#16150 = SURFACE_STYLE_FILL_AREA(#16151);
#16151 = FILL_AREA_STYLE('',(#16152));
#16152 = FILL_AREA_STYLE_COLOUR('',#15225);
#16153 = OVER_RIDING_STYLED_ITEM('overriding color',(#16154),#11639,
  #16104);
#16154 = PRESENTATION_STYLE_ASSIGNMENT((#16155));
#16155 = SURFACE_STYLE_USAGE(.BOTH.,#16156);
#16156 = SURFACE_SIDE_STYLE('',(#16157));
#16157 = SURFACE_STYLE_FILL_AREA(#16158);
#16158 = FILL_AREA_STYLE('',(#16159));
#16159 = FILL_AREA_STYLE_COLOUR('',#15225);
#16160 = OVER_RIDING_STYLED_ITEM('overriding color',(#16161),#11657,
  #16104);
#16161 = PRESENTATION_STYLE_ASSIGNMENT((#16162));
#16162 = SURFACE_STYLE_USAGE(.BOTH.,#16163);
#16163 = SURFACE_SIDE_STYLE('',(#16164));
#16164 = SURFACE_STYLE_FILL_AREA(#16165);
#16165 = FILL_AREA_STYLE('',(#16166));
#16166 = FILL_AREA_STYLE_COLOUR('',#15225);
#16167 = OVER_RIDING_STYLED_ITEM('overriding color',(#16168),#11675,
  #16104);
#16168 = PRESENTATION_STYLE_ASSIGNMENT((#16169));
#16169 = SURFACE_STYLE_USAGE(.BOTH.,#16170);
#16170 = SURFACE_SIDE_STYLE('',(#16171));
#16171 = SURFACE_STYLE_FILL_AREA(#16172);
#16172 = FILL_AREA_STYLE('',(#16173));
#16173 = FILL_AREA_STYLE_COLOUR('',#15225);
#16174 = OVER_RIDING_STYLED_ITEM('overriding color',(#16175),#11693,
  #16104);
#16175 = PRESENTATION_STYLE_ASSIGNMENT((#16176));
#16176 = SURFACE_STYLE_USAGE(.BOTH.,#16177);
#16177 = SURFACE_SIDE_STYLE('',(#16178));
#16178 = SURFACE_STYLE_FILL_AREA(#16179);
#16179 = FILL_AREA_STYLE('',(#16180));
#16180 = FILL_AREA_STYLE_COLOUR('',#15225);
#16181 = OVER_RIDING_STYLED_ITEM('overriding color',(#16182),#11906,
  #16104);
#16182 = PRESENTATION_STYLE_ASSIGNMENT((#16183));
#16183 = SURFACE_STYLE_USAGE(.BOTH.,#16184);
#16184 = SURFACE_SIDE_STYLE('',(#16185));
#16185 = SURFACE_STYLE_FILL_AREA(#16186);
#16186 = FILL_AREA_STYLE('',(#16187));
#16187 = FILL_AREA_STYLE_COLOUR('',#15225);
#16188 = MECHANICAL_DESIGN_GEOMETRIC_PRESENTATION_REPRESENTATION('',(
    #16189),#6445);
#16189 = STYLED_ITEM('color',(#16190),#6155);
#16190 = PRESENTATION_STYLE_ASSIGNMENT((#16191,#16196));
#16191 = SURFACE_STYLE_USAGE(.BOTH.,#16192);
#16192 = SURFACE_SIDE_STYLE('',(#16193));
#16193 = SURFACE_STYLE_FILL_AREA(#16194);
#16194 = FILL_AREA_STYLE('',(#16195));
#16195 = FILL_AREA_STYLE_COLOUR('',#15135);
#16196 = CURVE_STYLE('',#16197,POSITIVE_LENGTH_MEASURE(0.1),#15135);
#16197 = DRAUGHTING_PRE_DEFINED_CURVE_FONT('continuous');
#16198 = MECHANICAL_DESIGN_GEOMETRIC_PRESENTATION_REPRESENTATION('',(
    #16199),#6113);
#16199 = STYLED_ITEM('color',(#16200),#5659);
#16200 = PRESENTATION_STYLE_ASSIGNMENT((#16201,#16206));
#16201 = SURFACE_STYLE_USAGE(.BOTH.,#16202);
#16202 = SURFACE_SIDE_STYLE('',(#16203));
#16203 = SURFACE_STYLE_FILL_AREA(#16204);
#16204 = FILL_AREA_STYLE('',(#16205));
#16205 = FILL_AREA_STYLE_COLOUR('',#15114);
#16206 = CURVE_STYLE('',#16207,POSITIVE_LENGTH_MEASURE(0.1),#15114);
#16207 = DRAUGHTING_PRE_DEFINED_CURVE_FONT('continuous');
#16208 = MECHANICAL_DESIGN_GEOMETRIC_PRESENTATION_REPRESENTATION('',(
    #16209),#4285);
#16209 = STYLED_ITEM('color',(#16210),#3831);
#16210 = PRESENTATION_STYLE_ASSIGNMENT((#16211,#16216));
#16211 = SURFACE_STYLE_USAGE(.BOTH.,#16212);
#16212 = SURFACE_SIDE_STYLE('',(#16213));
#16213 = SURFACE_STYLE_FILL_AREA(#16214);
#16214 = FILL_AREA_STYLE('',(#16215));
#16215 = FILL_AREA_STYLE_COLOUR('',#15114);
#16216 = CURVE_STYLE('',#16217,POSITIVE_LENGTH_MEASURE(0.1),#15114);
#16217 = DRAUGHTING_PRE_DEFINED_CURVE_FONT('continuous');
ENDSEC;
END-ISO-10303-21;
